国策ID,奖励系列,阶段,民族精神ID,持续规则
SOF_COR_air_sea_coordination,海空侦察联队,2,sofzh_reward_naval_air_2,永久，同系列取最高阶段
SOF_COR_ajaccio_memory,联合作战参谋部,1,sofzh_reward_staff_1,永久，同系列取最高阶段
SOF_COR_alsace_granaries,民生建设局,2,sofzh_reward_civil_industry_2,永久，同系列取最高阶段
SOF_COR_artillery_school,炮兵火力体系,2,sofzh_reward_artillery_2,永久，同系列取最高阶段
SOF_COR_bonaparte_council,联合作战参谋部,2,sofzh_reward_staff_2,永久，同系列取最高阶段
SOF_COR_bridgehead,沿海战役部署,1,sofzh_reward_campaign_coast_1,180天，新战役替换，统一取消
SOF_COR_capital_works,交通工程总队,3,sofzh_reward_engineering_3,永久，同系列取最高阶段
SOF_COR_civil_administration,地区接管与调解署,3,sofzh_reward_occupation_3,永久，同系列取最高阶段
SOF_COR_civil_officers,联合作战参谋部,3,sofzh_reward_staff_3,永久，同系列取最高阶段
SOF_COR_consulta,行政协约,1,sofzh_reward_administration_1,永久，同系列取最高阶段
SOF_COR_consulta_charter,行政协约,3,sofzh_reward_administration_3,永久，同系列取最高阶段
SOF_COR_convoy_office,护航与屏卫战术,1,sofzh_reward_surface_navy_1,永久，同系列取最高阶段
SOF_COR_cooperatives,民生建设局,1,sofzh_reward_civil_industry_1,永久，同系列取最高阶段
SOF_COR_corte_republic,行政协约,2,sofzh_reward_administration_2,永久，同系列取最高阶段
SOF_COR_corte_school,联合技术研究院,1,sofzh_reward_research_1,永久，同系列取最高阶段
SOF_COR_cross_mediterranean,两栖行动训练营,3,sofzh_reward_landing_3,永久，同系列取最高阶段
SOF_COR_dockyards,船坞统筹局,2,sofzh_reward_dockyards_2,永久，同系列取最高阶段
SOF_COR_expeditionary_corps,山地与特战学校,2,sofzh_reward_special_forces_2,永久，同系列取最高阶段
SOF_COR_field_logistics,交通工程总队,2,sofzh_reward_engineering_2,永久，同系列取最高阶段
SOF_COR_french_mission,预备役与补充体系,2,sofzh_reward_recruitment_2,永久，同系列取最高阶段
SOF_COR_harbours,护航与屏卫战术,1,sofzh_reward_surface_navy_1,永久，同系列取最高阶段
SOF_COR_hydropower,交通工程总队,2,sofzh_reward_engineering_2,永久，同系列取最高阶段
SOF_COR_imperial_staff,联合作战参谋部,3,sofzh_reward_staff_3,永久，同系列取最高阶段
SOF_COR_island_airfields,本土航空防御网,2,sofzh_reward_air_defence_2,永久，同系列取最高阶段
SOF_COR_island_arsenals,军工生产委员会,1,sofzh_reward_mil_industry_1,永久，同系列取最高阶段
SOF_COR_island_labs,联合技术研究院,3,sofzh_reward_research_3,永久，同系列取最高阶段
SOF_COR_island_mandate,预备役与补充体系,1,sofzh_reward_recruitment_1,永久，同系列取最高阶段
SOF_COR_island_recruitment,预备役与补充体系,2,sofzh_reward_recruitment_2,永久，同系列取最高阶段
SOF_COR_island_union,行政协约,2,sofzh_reward_administration_2,永久，同系列取最高阶段
SOF_COR_landing_drills,两栖行动训练营,2,sofzh_reward_landing_2,永久，同系列取最高阶段
SOF_COR_lorraine_arsenals,军工生产委员会,3,sofzh_reward_mil_industry_3,永久，同系列取最高阶段
SOF_COR_marine_cadres,两栖行动训练营,1,sofzh_reward_landing_1,永久，同系列取最高阶段
SOF_COR_marine_routes,护航与屏卫战术,2,sofzh_reward_surface_navy_2,永久，同系列取最高阶段
SOF_COR_mediterranean_screen,护航与屏卫战术,3,sofzh_reward_surface_navy_3,永久，同系列取最高阶段
SOF_COR_mountain_militia,山地与特战学校,1,sofzh_reward_special_forces_1,永久，同系列取最高阶段
SOF_COR_mountain_tactics,山地与特战学校,3,sofzh_reward_special_forces_3,永久，同系列取最高阶段
SOF_COR_national_congress,行政协约,3,sofzh_reward_administration_3,永久，同系列取最高阶段
SOF_COR_naval_school,护航与屏卫战术,2,sofzh_reward_surface_navy_2,永久，同系列取最高阶段
SOF_COR_northern_coal,民生建设局,3,sofzh_reward_civil_industry_3,永久，同系列取最高阶段
SOF_COR_paris_mandate,行政协约,3,sofzh_reward_administration_3,永久，同系列取最高阶段
SOF_COR_patrol_flotilla,护航与屏卫战术,2,sofzh_reward_surface_navy_2,永久，同系列取最高阶段
SOF_COR_pieve_compacts,行政协约,2,sofzh_reward_administration_2,永久，同系列取最高阶段
SOF_COR_proclaim_france,战后复兴委员会,1,sofzh_reward_reconstruction_1,永久，同系列取最高阶段
SOF_COR_provence_landing,沿海战役部署,1,sofzh_reward_campaign_coast_1,180天，新战役替换，统一取消
SOF_COR_reconstruction,战后复兴委员会,3,sofzh_reward_reconstruction_3,永久，同系列取最高阶段
SOF_COR_rhone_advance,河谷推进部署,1,sofzh_reward_campaign_river_1,180天，新战役替换，统一取消
SOF_COR_riviera_landing,沿海战役部署,1,sofzh_reward_campaign_coast_1,180天，新战役替换，统一取消
SOF_COR_small_arms,步兵武器标准化,2,sofzh_reward_infantry_2,永久，同系列取最高阶段
SOF_COR_supply_spine,交通工程总队,3,sofzh_reward_engineering_3,永久，同系列取最高阶段
SOF_COR_terraces,交通工程总队,1,sofzh_reward_engineering_1,永久，同系列取最高阶段
SOF_COR_transport_training,两栖行动训练营,1,sofzh_reward_landing_1,永久，同系列取最高阶段
SOF_COR_workshop_mobilization,军工生产委员会,2,sofzh_reward_mil_industry_2,永久，同系列取最高阶段
SOF_GENERIC_1000_fighters,本土航空防御网,3,sofzh_reward_air_defence_3,永久，同系列取最高阶段
SOF_GENERIC_12_infantry_divisions,步兵武器标准化,2,sofzh_reward_infantry_2,永久，同系列取最高阶段
SOF_GENERIC_20000_artillery_guns,炮兵火力体系,3,sofzh_reward_artillery_3,永久，同系列取最高阶段
SOF_GENERIC_24_infantry_divisions,步兵武器标准化,3,sofzh_reward_infantry_3,永久，同系列取最高阶段
SOF_GENERIC_2500_anti_tank_guns,炮兵火力体系,1,sofzh_reward_artillery_1,永久，同系列取最高阶段
SOF_GENERIC_250_bombers,地空协同指挥所,2,sofzh_reward_air_support_2,永久，同系列取最高阶段
SOF_GENERIC_250_naval_bombers,海空侦察联队,2,sofzh_reward_naval_air_2,永久，同系列取最高阶段
SOF_GENERIC_2_naval_dockyards,船坞统筹局,1,sofzh_reward_dockyards_1,永久，同系列取最高阶段
SOF_GENERIC_3_infantry_divisions,步兵武器标准化,1,sofzh_reward_infantry_1,永久，同系列取最高阶段
SOF_GENERIC_3_tank_divisions,装甲兵技术协作,2,sofzh_reward_armor_2,永久，同系列取最高阶段
SOF_GENERIC_4_naval_dockyards,船坞统筹局,2,sofzh_reward_dockyards_2,永久，同系列取最高阶段
SOF_GENERIC_5000_anti_air_guns,本土航空防御网,2,sofzh_reward_air_defence_2,永久，同系列取最高阶段
SOF_GENERIC_5000_anti_tank_guns,炮兵火力体系,2,sofzh_reward_artillery_2,永久，同系列取最高阶段
SOF_GENERIC_5000_artillery_guns,炮兵火力体系,2,sofzh_reward_artillery_2,永久，同系列取最高阶段
SOF_GENERIC_500_bombers,地空协同指挥所,3,sofzh_reward_air_support_3,永久，同系列取最高阶段
SOF_GENERIC_500_fighters,本土航空防御网,2,sofzh_reward_air_defence_2,永久，同系列取最高阶段
SOF_GENERIC_6_infantry_divisions,步兵武器标准化,1,sofzh_reward_infantry_1,永久，同系列取最高阶段
SOF_GENERIC_6_motorised_divisions,机动运输勤务,2,sofzh_reward_motorized_2,永久，同系列取最高阶段
SOF_GENERIC_6_tanks_divisions,装甲兵技术协作,3,sofzh_reward_armor_3,永久，同系列取最高阶段
SOF_GENERIC_8_naval_dockyards,船坞统筹局,3,sofzh_reward_dockyards_3,永久，同系列取最高阶段
SOF_GENERIC_advanced_air_doctrine,本土航空防御网,3,sofzh_reward_air_defence_3,永久，同系列取最高阶段
SOF_GENERIC_advanced_fighters,本土航空防御网,3,sofzh_reward_air_defence_3,永久，同系列取最高阶段
SOF_GENERIC_advanced_industrial_technology,联合技术研究院,2,sofzh_reward_research_2,永久，同系列取最高阶段
SOF_GENERIC_advanced_industry,军工生产委员会,3,sofzh_reward_mil_industry_3,永久，同系列取最高阶段
SOF_GENERIC_advanced_land_doctrines,联合作战参谋部,3,sofzh_reward_staff_3,永久，同系列取最高阶段
SOF_GENERIC_advanced_naval_doctrine,护航与屏卫战术,3,sofzh_reward_surface_navy_3,永久，同系列取最高阶段
SOF_GENERIC_advanced_research,联合技术研究院,3,sofzh_reward_research_3,永久，同系列取最高阶段
SOF_GENERIC_advanced_small_arms,步兵武器标准化,3,sofzh_reward_infantry_3,永久，同系列取最高阶段
SOF_GENERIC_advanced_tanks_models,装甲兵技术协作,3,sofzh_reward_armor_3,永久，同系列取最高阶段
SOF_GENERIC_aluminium_production,本土航空防御网,2,sofzh_reward_air_defence_2,永久，同系列取最高阶段
SOF_GENERIC_amphibious_assault,两栖行动训练营,3,sofzh_reward_landing_3,永久，同系列取最高阶段
SOF_GENERIC_arrondissement,行政协约,1,sofzh_reward_administration_1,永久，同系列取最高阶段
SOF_GENERIC_artillery_development,炮兵火力体系,1,sofzh_reward_artillery_1,永久，同系列取最高阶段
SOF_GENERIC_basic_air_doctrine,本土航空防御网,1,sofzh_reward_air_defence_1,永久，同系列取最高阶段
SOF_GENERIC_basic_fighters,本土航空防御网,1,sofzh_reward_air_defence_1,永久，同系列取最高阶段
SOF_GENERIC_basic_industrial_technology,联合技术研究院,1,sofzh_reward_research_1,永久，同系列取最高阶段
SOF_GENERIC_basic_industry,军工生产委员会,1,sofzh_reward_mil_industry_1,永久，同系列取最高阶段
SOF_GENERIC_basic_infrastructure,交通工程总队,1,sofzh_reward_engineering_1,永久，同系列取最高阶段
SOF_GENERIC_basic_land_doctrine,联合作战参谋部,1,sofzh_reward_staff_1,永久，同系列取最高阶段
SOF_GENERIC_basic_naval_doctrine,护航与屏卫战术,1,sofzh_reward_surface_navy_1,永久，同系列取最高阶段
SOF_GENERIC_basic_research,联合技术研究院,1,sofzh_reward_research_1,永久，同系列取最高阶段
SOF_GENERIC_basic_small_arms,步兵武器标准化,1,sofzh_reward_infantry_1,永久，同系列取最高阶段
SOF_GENERIC_battle_for_alsace,山地战役部署,1,sofzh_reward_campaign_mountain_1,180天，新战役替换，统一取消
SOF_GENERIC_battle_for_aquitaine,河谷推进部署,1,sofzh_reward_campaign_river_1,180天，新战役替换，统一取消
SOF_GENERIC_battle_for_auvergne,山地战役部署,1,sofzh_reward_campaign_mountain_1,180天，新战役替换，统一取消
SOF_GENERIC_battle_for_bourgogne,河谷推进部署,1,sofzh_reward_campaign_river_1,180天，新战役替换，统一取消
SOF_GENERIC_battle_for_bretagne,沿海战役部署,1,sofzh_reward_campaign_coast_1,180天，新战役替换，统一取消
SOF_GENERIC_battle_for_centre,河谷推进部署,1,sofzh_reward_campaign_river_1,180天，新战役替换，统一取消
SOF_GENERIC_battle_for_champagne,河谷推进部署,1,sofzh_reward_campaign_river_1,180天，新战役替换，统一取消
SOF_GENERIC_battle_for_corsica,沿海战役部署,1,sofzh_reward_campaign_coast_1,180天，新战役替换，统一取消
SOF_GENERIC_battle_for_franche_comte,山地战役部署,1,sofzh_reward_campaign_mountain_1,180天，新战役替换，统一取消
SOF_GENERIC_battle_for_ile_de_france,城市攻坚部署,1,sofzh_reward_campaign_urban_1,180天，新战役替换，统一取消
SOF_GENERIC_battle_for_languedoc,沿海战役部署,1,sofzh_reward_campaign_coast_1,180天，新战役替换，统一取消
SOF_GENERIC_battle_for_limousin,丘陵与林地部署,1,sofzh_reward_campaign_forest_1,180天，新战役替换，统一取消
SOF_GENERIC_battle_for_lorraine,城市攻坚部署,1,sofzh_reward_campaign_urban_1,180天，新战役替换，统一取消
SOF_GENERIC_battle_for_midi_pyrenees,山地战役部署,1,sofzh_reward_campaign_mountain_1,180天，新战役替换，统一取消
SOF_GENERIC_battle_for_nord_pas_de_calais,城市攻坚部署,1,sofzh_reward_campaign_urban_1,180天，新战役替换，统一取消
SOF_GENERIC_battle_for_normandie,沿海战役部署,1,sofzh_reward_campaign_coast_1,180天，新战役替换，统一取消
SOF_GENERIC_battle_for_paca,沿海战役部署,1,sofzh_reward_campaign_coast_1,180天，新战役替换，统一取消
SOF_GENERIC_battle_for_pays_de_la_loire,河谷推进部署,1,sofzh_reward_campaign_river_1,180天，新战役替换，统一取消
SOF_GENERIC_battle_for_picardie,机动作战部署,1,sofzh_reward_campaign_plain_1,180天，新战役替换，统一取消
SOF_GENERIC_battle_for_poitou_charrentes,机动作战部署,1,sofzh_reward_campaign_plain_1,180天，新战役替换，统一取消
SOF_GENERIC_battle_for_rhone_alpes,山地战役部署,1,sofzh_reward_campaign_mountain_1,180天，新战役替换，统一取消
SOF_GENERIC_battleship_dev,护航与屏卫战术,3,sofzh_reward_surface_navy_3,永久，同系列取最高阶段
SOF_GENERIC_carrier_dev,舰载航空勤务,3,sofzh_reward_carrier_3,永久，同系列取最高阶段
SOF_GENERIC_civilian_industry,民生建设局,2,sofzh_reward_civil_industry_2,永久，同系列取最高阶段
SOF_GENERIC_combined_arms_tactics,装甲兵技术协作,3,sofzh_reward_armor_3,永久，同系列取最高阶段
SOF_GENERIC_contruction_technology,交通工程总队,3,sofzh_reward_engineering_3,永久，同系列取最高阶段
SOF_GENERIC_department,行政协约,1,sofzh_reward_administration_1,永久，同系列取最高阶段
SOF_GENERIC_destroyer_dev,护航与屏卫战术,2,sofzh_reward_surface_navy_2,永久，同系列取最高阶段
SOF_GENERIC_extend_recruitment_laws,预备役与补充体系,1,sofzh_reward_recruitment_1,永久，同系列取最高阶段
SOF_GENERIC_improved_air_doctrine,本土航空防御网,2,sofzh_reward_air_defence_2,永久，同系列取最高阶段
SOF_GENERIC_improved_fighters,本土航空防御网,2,sofzh_reward_air_defence_2,永久，同系列取最高阶段
SOF_GENERIC_improved_industry,军工生产委员会,2,sofzh_reward_mil_industry_2,永久，同系列取最高阶段
SOF_GENERIC_improved_infrastructure,交通工程总队,2,sofzh_reward_engineering_2,永久，同系列取最高阶段
SOF_GENERIC_improved_land_doctrines,联合作战参谋部,2,sofzh_reward_staff_2,永久，同系列取最高阶段
SOF_GENERIC_improved_naval_doctrine,护航与屏卫战术,2,sofzh_reward_surface_navy_2,永久，同系列取最高阶段
SOF_GENERIC_improved_research,联合技术研究院,2,sofzh_reward_research_2,永久，同系列取最高阶段
SOF_GENERIC_improved_small_arms,步兵武器标准化,2,sofzh_reward_infantry_2,永久，同系列取最高阶段
SOF_GENERIC_infiltration_tactics,山地与特战学校,2,sofzh_reward_special_forces_2,永久，同系列取最高阶段
SOF_GENERIC_mass_conscription,预备役与补充体系,3,sofzh_reward_recruitment_3,永久，同系列取最高阶段
SOF_GENERIC_mechanisation,机动运输勤务,3,sofzh_reward_motorized_3,永久，同系列取最高阶段
SOF_GENERIC_military_industrial_complex,军工生产委员会,3,sofzh_reward_mil_industry_3,永久，同系列取最高阶段
SOF_GENERIC_military_industry,军工生产委员会,3,sofzh_reward_mil_industry_3,永久，同系列取最高阶段
SOF_GENERIC_military_training,预备役与补充体系,2,sofzh_reward_recruitment_2,永久，同系列取最高阶段
SOF_GENERIC_motorisation,机动运输勤务,1,sofzh_reward_motorized_1,永久，同系列取最高阶段
SOF_GENERIC_motorised_support_companies,机动运输勤务,2,sofzh_reward_motorized_2,永久，同系列取最高阶段
SOF_GENERIC_nation,行政协约,3,sofzh_reward_administration_3,永久，同系列取最高阶段
SOF_GENERIC_nuclear_weapons,联合技术研究院,3,sofzh_reward_research_3,永久，同系列取最高阶段
SOF_GENERIC_officers_academy,联合作战参谋部,1,sofzh_reward_staff_1,永久，同系列取最高阶段
SOF_GENERIC_oil_production,燃料储运署,2,sofzh_reward_fuel_2,永久，同系列取最高阶段
SOF_GENERIC_propaganda_campaigns,行政协约,2,sofzh_reward_administration_2,永久，同系列取最高阶段
SOF_GENERIC_province,行政协约,2,sofzh_reward_administration_2,永久，同系列取最高阶段
SOF_GENERIC_region,行政协约,2,sofzh_reward_administration_2,永久，同系列取最高阶段
SOF_GENERIC_ressource_extraction,交通工程总队,2,sofzh_reward_engineering_2,永久，同系列取最高阶段
SOF_GENERIC_rocketry,联合技术研究院,3,sofzh_reward_research_3,永久，同系列取最高阶段
SOF_GENERIC_special_forces,山地与特战学校,1,sofzh_reward_special_forces_1,永久，同系列取最高阶段
SOF_GENERIC_special_forces_division,山地与特战学校,3,sofzh_reward_special_forces_3,永久，同系列取最高阶段
SOF_GENERIC_state,行政协约,3,sofzh_reward_administration_3,永久，同系列取最高阶段
SOF_GENERIC_steel_production,装甲兵技术协作,2,sofzh_reward_armor_2,永久，同系列取最高阶段
SOF_GENERIC_submarines_dev,潜艇巡猎司令部,2,sofzh_reward_submarines_2,永久，同系列取最高阶段
SOF_GENERIC_support_companies,机动运输勤务,1,sofzh_reward_motorized_1,永久，同系列取最高阶段
SOF_GENERIC_support_planes,地空协同指挥所,1,sofzh_reward_air_support_1,永久，同系列取最高阶段
SOF_GENERIC_synthethic_rubber_production,民生建设局,3,sofzh_reward_civil_industry_3,永久，同系列取最高阶段
SOF_GENERIC_tank_development,装甲兵技术协作,1,sofzh_reward_armor_1,永久，同系列取最高阶段
SOF_GENERIC_tungsten_production,炮兵火力体系,2,sofzh_reward_artillery_2,永久，同系列取最高阶段
SOF_MINING_alsace_oil_1,燃料储运署,1,sofzh_reward_fuel_1,永久，同系列取最高阶段
SOF_MINING_alsace_oil_2,燃料储运署,2,sofzh_reward_fuel_2,永久，同系列取最高阶段
SOF_MINING_alsace_oil_3,燃料储运署,3,sofzh_reward_fuel_3,永久，同系列取最高阶段
SOF_MINING_alsace_potash_1,民生建设局,1,sofzh_reward_civil_industry_1,永久，同系列取最高阶段
SOF_MINING_alsace_potash_2,民生建设局,2,sofzh_reward_civil_industry_2,永久，同系列取最高阶段
SOF_MINING_echassieres_tungsten_1,炮兵火力体系,1,sofzh_reward_artillery_1,永久，同系列取最高阶段
SOF_MINING_echassieres_tungsten_2,炮兵火力体系,2,sofzh_reward_artillery_2,永久，同系列取最高阶段
SOF_MINING_loire_coal_1,交通工程总队,1,sofzh_reward_engineering_1,永久，同系列取最高阶段
SOF_MINING_loire_coal_2,交通工程总队,2,sofzh_reward_engineering_2,永久，同系列取最高阶段
SOF_MINING_lorraine_coal_1,交通工程总队,1,sofzh_reward_engineering_1,永久，同系列取最高阶段
SOF_MINING_lorraine_coal_2,交通工程总队,2,sofzh_reward_engineering_2,永久，同系列取最高阶段
SOF_MINING_lorraine_iron_1,交通工程总队,1,sofzh_reward_engineering_1,永久，同系列取最高阶段
SOF_MINING_lorraine_iron_2,交通工程总队,2,sofzh_reward_engineering_2,永久，同系列取最高阶段
SOF_MINING_lorraine_iron_3,交通工程总队,3,sofzh_reward_engineering_3,永久，同系列取最高阶段
SOF_MINING_normandy_iron_1,交通工程总队,1,sofzh_reward_engineering_1,永久，同系列取最高阶段
SOF_MINING_normandy_iron_2,交通工程总队,2,sofzh_reward_engineering_2,永久，同系列取最高阶段
SOF_MINING_northern_coal_1,交通工程总队,1,sofzh_reward_engineering_1,永久，同系列取最高阶段
SOF_MINING_northern_coal_2,交通工程总队,2,sofzh_reward_engineering_2,永久，同系列取最高阶段
SOF_MINING_northern_coal_3,交通工程总队,3,sofzh_reward_engineering_3,永久，同系列取最高阶段
SOF_MINING_provence_bauxite_1,本土航空防御网,1,sofzh_reward_air_defence_1,永久，同系列取最高阶段
SOF_MINING_provence_bauxite_2,本土航空防御网,2,sofzh_reward_air_defence_2,永久，同系列取最高阶段
SOF_MINING_provence_bauxite_3,本土航空防御网,3,sofzh_reward_air_defence_3,永久，同系列取最高阶段
SOF_MINING_resource_survey,联合技术研究院,1,sofzh_reward_research_1,永久，同系列取最高阶段
SOF_UNIFY_amnesty_charter,地区接管与调解署,3,sofzh_reward_occupation_3,永久，同系列取最高阶段
SOF_UNIFY_army_staff,联合作战参谋部,1,sofzh_reward_staff_1,永久，同系列取最高阶段
SOF_UNIFY_arsenal_compact,步兵武器标准化,2,sofzh_reward_infantry_2,永久，同系列取最高阶段
SOF_UNIFY_constitutional_settlement,行政协约,3,sofzh_reward_administration_3,永久，同系列取最高阶段
SOF_UNIFY_continental_corridors,交通工程总队,3,sofzh_reward_engineering_3,永久，同系列取最高阶段
SOF_UNIFY_corsican_operation,两栖行动训练营,2,sofzh_reward_landing_2,永久，同系列取最高阶段
SOF_UNIFY_industrial_coordination,军工生产委员会,2,sofzh_reward_mil_industry_2,永久，同系列取最高阶段
SOF_UNIFY_medical_corps,军医与老兵网络,2,sofzh_reward_recovery_2,永久，同系列取最高阶段
SOF_UNIFY_mobilization_ledger,预备役与补充体系,1,sofzh_reward_recruitment_1,永久，同系列取最高阶段
SOF_UNIFY_national_congress,行政协约,3,sofzh_reward_administration_3,永久，同系列取最高阶段
SOF_UNIFY_national_mandate,行政协约,1,sofzh_reward_administration_1,永久，同系列取最高阶段
SOF_UNIFY_national_market,民生建设局,3,sofzh_reward_civil_industry_3,永久，同系列取最高阶段
SOF_UNIFY_national_reconstruction,战后复兴委员会,3,sofzh_reward_reconstruction_3,永久，同系列取最高阶段
SOF_UNIFY_officer_exchange,联合作战参谋部,2,sofzh_reward_staff_2,永久，同系列取最高阶段
SOF_UNIFY_paris_mandate,行政协约,3,sofzh_reward_administration_3,永久，同系列取最高阶段
SOF_UNIFY_peace_conversion,战后复兴委员会,2,sofzh_reward_reconstruction_2,永久，同系列取最高阶段
SOF_UNIFY_proclaim_france,战后复兴委员会,1,sofzh_reward_reconstruction_1,永久，同系列取最高阶段
SOF_UNIFY_railway_logistics,交通工程总队,2,sofzh_reward_engineering_2,永久，同系列取最高阶段
SOF_UNIFY_regional_administration,行政协约,2,sofzh_reward_administration_2,永久，同系列取最高阶段
SOF_UNIFY_regional_integration,地区接管与调解署,2,sofzh_reward_occupation_2,永久，同系列取最高阶段
SOF_UNIFY_unified_command,联合作战参谋部,3,sofzh_reward_staff_3,永久，同系列取最高阶段
SOF_UNIFY_veterans_integration,军医与老兵网络,3,sofzh_reward_recovery_3,永久，同系列取最高阶段
SOF_UNIFY_war_preparations,联合作战参谋部,2,sofzh_reward_staff_2,永久，同系列取最高阶段
SOF_UNIFY_war_propaganda,预备役与补充体系,2,sofzh_reward_recruitment_2,永久，同系列取最高阶段
