原版文件,营连类型,旧人力,新人力
amphibious_armor.txt,amphibious_armor,500,125
amphibious_armor.txt,amphibious_light_armor,500,125
amphibious_armor.txt,amphibious_medium_armor,500,125
amphibious_armor.txt,amphibious_heavy_armor,500,125
amphibious_mech.txt,amphibious_mechanized,1200,300
anti-air.txt,anti_air,300,75
anti-air_brigade.txt,anti_air_brigade,500,125
anti-air_brigade.txt,mot_anti_air_brigade,500,125
anti_tank.txt,anti_tank,300,75
anti_tank_brigade.txt,anti_tank_brigade,500,125
anti_tank_brigade.txt,mot_anti_tank_brigade,500,125
armored_car_battalion.txt,armored_car,500,125
artillery.txt,artillery,300,75
artillery.txt,rocket_artillery,300,75
artillery.txt,super_heavy_artillery,1000,250
artillery.txt,self_propelled_super_heavy_artillery,1000,250
artillery_brigade.txt,artillery_brigade,500,125
artillery_brigade.txt,mot_artillery_brigade,500,125
artillery_brigade.txt,rocket_artillery_brigade,500,125
artillery_brigade.txt,mot_rocket_artillery_brigade,500,125
artillery_brigade.txt,motorized_rocket_brigade,500,125
blackshirt_assault_battalion.txt,blackshirt_assault_battalion,1000,250
bus.txt,bus,10,2
cavalry.txt,cavalry,1000,250
cavalry.txt,camelry,1000,250
engineer.txt,engineer,300,75
engineer.txt,pioneer_support,300,75
engineer.txt,jungle_pioneers_support,500,125
engineer.txt,assault_engineer,300,75
engineer.txt,armored_engineer,300,75
field_hospital.txt,field_hospital,500,125
field_hospital.txt,helicopter_field_hospital,500,125
fire_support.txt,fire_support,240,60
fire_support.txt,mot_fire_support,240,60
fire_support.txt,field_guns,180,45
fire_support.txt,rocket_battery,180,45
fire_support.txt,anti_air_battery,180,45
fire_support.txt,anti_tank_battery,180,45
flame_tank.txt,light_flame_tank,300,75
flame_tank.txt,medium_flame_tank,300,75
flame_tank.txt,heavy_flame_tank,300,75
heavy_armor.txt,heavy_armor,500,125
helicopter_brigade.txt,helicopter_brigade,500,125
hq_support.txt,hq_support_company,200,50
hq_support.txt,hq_engineer,200,50
hq_support.txt,hq_recon,200,50
hq_support.txt,hq_military_police,200,50
hq_support.txt,hq_maintenance,200,50
hq_support.txt,hq_field_hospital,200,50
hq_support.txt,hq_logistics,200,50
hq_support.txt,hq_signal,200,50
hq_support.txt,hq_naval_liaison,200,50
hq_support.txt,hq_air_liaison,200,50
hq_support.txt,hq_specops,200,50
hq_support.txt,hq_infantry,600,150
hq_support.txt,hq_motorized,600,150
hq_support.txt,hq_armored_car,600,150
hq_support.txt,hq_paratrooper,600,150
hq_support.txt,hq_light_armor,600,150
hq_support.txt,hq_medium_armor,600,150
hq_support.txt,hq_heavy_armor,600,150
infantry.txt,infantry,1000,250
infantry.txt,bicycle_battalion,1000,250
infantry.txt,marine,1000,250
infantry.txt,marine_commando,1000,250
infantry.txt,mountaineers,1000,250
infantry.txt,ranger_battalion,1000,250
infantry.txt,paratrooper,1000,250
infantry.txt,motorized,1200,300
infantry.txt,mechanized,1200,300
infantry.txt,penal_battalion,850,212
infantry.txt,irregular_infantry,1000,250
infantry.txt,militia,1000,250
land_cruiser.txt,land_cruiser,1000,250
light_armor.txt,light_armor,500,125
logistics.txt,logistics_company,500,125
logistics.txt,helicopter_transport,500,125
maintenance.txt,maintenance_company,500,125
maintenance.txt,armored_maintenance,500,125
medium_armor.txt,medium_armor,500,125
military_police.txt,military_police,500,125
military_police.txt,motorized_military_police,500,125
modern_armor.txt,modern_armor,500,125
recon.txt,recon,500,125
recon.txt,mot_recon,500,125
recon.txt,armored_car_recon,500,125
recon.txt,light_tank_recon,500,125
recon.txt,airborne_light_armor,500,125
recon.txt,rangers_support,500,125
recon.txt,northern_territory_recon_support,500,125
recon.txt,winter_logistics_support,500,125
recon.txt,long_range_patrol_support,500,125
recon.txt,helicopter_recon,500,125
recon.txt,elephantry,700,175
signal.txt,signal_company,500,125
signal.txt,armored_signal,500,125
sp_anti-air_brigade.txt,light_sp_anti_air_brigade,500,125
sp_anti-air_brigade.txt,medium_sp_anti_air_brigade,500,125
sp_anti-air_brigade.txt,heavy_sp_anti_air_brigade,500,125
sp_anti-air_brigade.txt,super_heavy_sp_anti_air_brigade,500,125
sp_anti-air_brigade.txt,modern_sp_anti_air_brigade,500,125
sp_anti-air_brigade.txt,light_sp_anti_air_support,180,45
sp_anti-air_brigade.txt,medium_sp_anti_air_support,180,45
sp_anti-air_brigade.txt,heavy_sp_anti_air_support,180,45
sp_anti-air_brigade.txt,modern_sp_anti_air_support,180,45
sp_artillery_brigade.txt,light_sp_artillery_brigade,500,125
sp_artillery_brigade.txt,medium_sp_artillery_brigade,500,125
sp_artillery_brigade.txt,heavy_sp_artillery_brigade,500,125
sp_artillery_brigade.txt,super_heavy_sp_artillery_brigade,500,125
sp_artillery_brigade.txt,modern_sp_artillery_brigade,500,125
sturmtruppe_battalion.txt,sturmtruppe_battalion,1000,250
super_heavy_armor.txt,super_heavy_armor,500,125
tank_destroyer_brigade.txt,light_tank_destroyer_brigade,500,125
tank_destroyer_brigade.txt,medium_tank_destroyer_brigade,500,125
tank_destroyer_brigade.txt,heavy_tank_destroyer_brigade,500,125
tank_destroyer_brigade.txt,super_heavy_tank_destroyer_brigade,500,125
tank_destroyer_brigade.txt,modern_tank_destroyer_brigade,500,125
tank_destroyer_brigade.txt,light_tank_destroyer_support,180,45
tank_destroyer_brigade.txt,medium_tank_destroyer_support,180,45
tank_destroyer_brigade.txt,heavy_tank_destroyer_support,180,45
tank_destroyer_brigade.txt,modern_tank_destroyer_support,180,45
