版本,路线,阶段,已完成国策,army_attack_factor,army_infantry_attack_factor,army_infantry_defence_factor,army_org,army_org_factor,army_morale_factor,army_org_regain,planning_speed,max_planning_factor,land_reinforce_rate,supply_consumption_factor,training_time_factor,weekly_manpower,amphibious_invasion,modifier_army_sub_unit_mountaineers_attack_factor,modifier_army_sub_unit_marine_attack_factor
2.9.1,通用,统一战争,153,0.18,0.12,0.1,5.0,0,0.87,0,0.75,0.35,0.14,-0.28,-0.5,5000.0,0.2,0.33,0.15
2.9.1,通用,统一后,153,0.08,0.12,0.1,5.0,0,0.67,0,0.5,0.15,0.1,-0.08,-0.5,5000.0,0.2,0.33,0.15
2.9.1,巴黎议会,统一战争,56,0.2,0,0,0,0.3,0,0.36,0.15,0.08,0.02,-0.3,0,0,0,0,0
2.9.1,巴黎议会,统一后,63,0.1,0,0,0,0.1,0,0.36,0,0.08,0.02,-0.3,0,0,0,0,0
2.9.1,巴黎督政,统一战争,56,0.2,0,0,0,0.3,0,0.36,0.42,0.16,0.05,-0.3,0,0,0,0,0
2.9.1,巴黎督政,统一后,63,0.1,0,0,0,0.1,0,0.36,0.27,0.16,0.05,-0.3,0,0,0,0,0
2.9.1,科西嘉共和,统一战争,53,0.06,0.09,0.075,0,0.15,0.34,0,0.45,0.15,0.1025,-0.25,0,0,0.5,0.38,0.2
2.9.1,科西嘉共和,统一后,54,0.06,0.09,0.075,0,0,0.19,0,0.3,0.15,0.0625,0,0,0,0.2,0.18,0
2.9.1,科西嘉帝国,统一战争,53,0.18,0.09,0.075,0,0.25,0.34,0,0.6,0.15,0.1425,-0.25,0,0,0.5,0.38,0.2
2.9.1,科西嘉帝国,统一后,54,0.18,0.09,0.075,0,0.1,0.19,0,0.45,0.15,0.1025,0,0,0,0.2,0.18,0
2.9.2,通用,统一战争,153,0.18,0.12,0.1,3.0,0,0.74,0,0.63,0.35,0.125,-0.28,-0.1,100.0,0.2,0.26,0.08
2.9.2,通用,统一后,153,0.08,0.12,0.1,3.0,0,0.54,0,0.38,0.15,0.085,-0.08,-0.1,100.0,0.2,0.26,0.08
2.9.2,巴黎议会,统一战争,56,0.212,0.138,0.115,0,0.34,0.3105,0.38,0.645,0.3925,0.1055,-0.392,-0.115,115.0,0.1725,0,0
2.9.2,巴黎议会,统一后,63,0.152,0.138,0.115,0,0.12,0.3105,0.38,0.465,0.2725,0.1055,-0.392,-0.115,115.0,0.1725,0,0
2.9.2,巴黎督政,统一战争,56,0.212,0.138,0.115,0,0.34,0.3105,0.38,0.915,0.4725,0.1355,-0.392,-0.115,115.0,0.1725,0,0
2.9.2,巴黎督政,统一后,63,0.152,0.138,0.115,0,0.12,0.3105,0.38,0.735,0.3525,0.1355,-0.392,-0.115,115.0,0.1725,0,0
2.9.2,科西嘉共和,统一战争,53,0.192,0.138,0.115,0,0.15,0.768,0,0.645,0.3925,0.1205,-0.342,-0.115,115.0,0.53,0.407,0.2
2.9.2,科西嘉共和,统一后,54,0.092,0.138,0.115,0,0,0.468,0,0.345,0.1725,0.0805,-0.092,-0.115,115.0,0.23,0.207,0
2.9.2,科西嘉帝国,统一战争,53,0.232,0.138,0.115,0,0.25,0.768,0,0.795,0.3925,0.1605,-0.342,-0.115,115.0,0.53,0.407,0.2
2.9.2,科西嘉帝国,统一后,54,0.132,0.138,0.115,0,0.1,0.468,0,0.495,0.1725,0.1205,-0.092,-0.115,115.0,0.23,0.207,0
