大区,州ID,用途,旧石油,新石油,增量,依据
AJC,504,大区主供给,6,8,2,虚构游戏平衡供给
AJC,499,大区次供给,1,2,1,虚构游戏平衡供给
AMI,70,大区主供给,6,8,2,虚构游戏平衡供给
AMI,83,大区次供给,1,2,1,虚构游戏平衡供给
BES,243,大区主供给,6,8,2,虚构游戏平衡供给
BES,212,大区次供给,1,2,1,虚构游戏平衡供给
BRD,389,大区主供给,6,8,2,虚构游戏平衡供给
BRD,456,大区次供给,1,2,1,虚构游戏平衡供给
CFR,345,大区主供给,6,8,2,虚构游戏平衡供给
CFR,303,大区次供给,1,2,1,虚构游戏平衡供给
CHL,103,大区主供给,6,8,2,虚构游戏平衡供给
CHL,163,大区次供给,1,2,1,虚构游戏平衡供给
DIJ,226,大区主供给,6,8,2,虚构游戏平衡供给
DIJ,266,大区次供给,1,2,1,虚构游戏平衡供给
LIL,51,大区主供给,6,8,2,虚构游戏平衡供给
LIL,63,大区次供给,1,2,1,虚构游戏平衡供给
LMG,326,大区主供给,6,8,2,虚构游戏平衡供给
LMG,304,大区次供给,1,2,1,虚构游戏平衡供给
LYO,336,大区主供给,6,8,2,虚构游戏平衡供给
LYO,360,大区次供给,1,2,1,虚构游戏平衡供给
MET,133,大区主供给,6,8,2,虚构游戏平衡供给
MET,112,大区次供给,1,2,1,虚构游戏平衡供给
MOP,449,大区主供给,6,8,2,虚构游戏平衡供给
MOP,423,大区次供给,1,2,1,虚构游戏平衡供给
MRS,463,大区主供给,6,8,2,虚构游戏平衡供给
MRS,422,大区次供给,1,2,1,虚构游戏平衡供给
NAN,249,大区主供给,6,8,2,虚构游戏平衡供给
NAN,222,大区次供给,1,2,1,虚构游戏平衡供给
POI,299,大区主供给,6,8,2,虚构游戏平衡供给
POI,343,大区次供给,1,2,1,虚构游戏平衡供给
PRS,143,大区主供给,6,8,2,虚构游戏平衡供给
PRS,138,大区次供给,1,2,1,虚构游戏平衡供给
REN,200,大区主供给,6,8,2,虚构游戏平衡供给
REN,168,大区次供给,1,2,1,虚构游戏平衡供给
ROU,84,大区主供给,6,8,2,虚构游戏平衡供给
ROU,80,大区次供给,1,2,1,虚构游戏平衡供给
STR,173,大区主供给,6,8,2,虚构游戏平衡供给
STR,217,大区次供给,1,2,1,虚构游戏平衡供给
TOU,439,大区主供给,6,8,2,虚构游戏平衡供给
TOU,442,大区次供给,1,2,1,虚构游戏平衡供给
TRS,201,大区主供给,6,8,2,虚构游戏平衡供给
TRS,225,大区次供给,1,2,1,虚构游戏平衡供给
