id,name,population_1936,source_population,category,category_chinese,base_slots,existing_shared_factories,preserved_industry_extra_slots,commune_rows,population_note
36,敦刻尔克,264453,264453,large_town,大城镇,5,5,0,111,
39,圣奥梅尔,86650,86650,small_town,小城镇,3,5,2,89,
40,加莱,115737,115737,town,城镇,4,5,1,52,
45,滨海布洛涅,129764,129764,town,城镇,4,5,1,74,
51,里尔,885087,885087,large_city,大城市,8,5,0,124,
55,贝蒂讷,265519,265519,large_town,大城镇,5,5,0,104,
56,蒙特勒伊,93976,93976,small_town,小城镇,3,5,2,161,
60,阿拉斯,188622,188622,town,城镇,4,5,1,357,
61,瓦朗谢讷,296864,296864,large_town,大城镇,5,5,0,82,
62,杜埃,196718,196718,town,城镇,4,5,1,64,
63,朗斯,299366,299366,large_town,大城镇,5,5,0,50,
67,阿布维尔,119157,119157,town,城镇,4,5,1,163,
68,阿韦讷,213098,213098,large_town,大城镇,5,5,0,150,
69,康布雷,166778,166778,town,城镇,4,5,1,116,
70,亚眠,218146,218146,large_town,大城镇,5,5,0,291,
72,沙勒维尔-梅济耶尔,157021,157021,town,城镇,4,5,1,157,
73,佩罗讷,92231,92231,small_town,小城镇,3,5,2,208,
74,迪耶普,199838,199838,town,城镇,4,5,1,342,
75,韦尔万,99695,99695,small_town,小城镇,3,5,2,160,
76,圣康坦,115524,115524,town,城镇,4,5,1,126,
77,蒙迪迪耶,37558,37558,rural,农村地区,2,5,3,109,
80,勒阿弗尔,318659,318659,large_town,大城镇,5,5,0,149,
81,色当,60552,60552,small_town,小城镇,3,5,2,71,
83,拉昂,142582,142582,town,城镇,4,5,1,240,
84,鲁昂,397114,397114,city,城市,6,5,0,216,
85,博韦,118729,118729,town,城镇,4,5,1,246,
86,勒泰勒,37670,37670,rural,农村地区,2,5,3,101,
88,瑟堡,152645,152645,town,城镇,4,5,1,144,
89,贡比涅,94388,94388,small_town,小城镇,3,5,2,156,
90,克莱蒙,69369,69369,small_town,小城镇,3,5,2,146,
92,凡尔登,100714,100714,town,城镇,4,5,1,254,
93,武济耶,33389,33389,rural,农村地区,2,5,3,118,
94,布里埃,149503,149503,town,城镇,4,5,1,115,
96,蒂永维尔西区,73441,73441,small_town,小城镇,3,5,2,74,
97,苏瓦松,78982,78982,small_town,小城镇,3,5,2,163,
98,蒂永维尔东区,97253,97253,small_town,小城镇,3,5,2,30,
99,贝尔奈,137904,137904,town,城镇,4,5,1,289,
100,莱桑德利,111088,111088,town,城镇,4,5,1,191,
101,利雪,125758,125758,town,城镇,4,5,1,159,
103,兰斯,170007,170007,town,城镇,4,5,1,143,
104,巴约,55202,55202,small_town,小城镇,3,5,2,123,
105,库唐斯,67515,67515,small_town,小城镇,3,5,2,80,
106,布莱摩泽尔,49183,49183,rural,农村地区,2,5,3,95,
107,圣洛,83762,83762,small_town,小城镇,3,5,2,87,
108,桑利斯,120083,120083,town,城镇,4,5,1,132,
109,卡昂,157059,157059,town,城镇,4,5,1,200,
110,圣默努,17676,17676,pastoral,牧区,1,5,4,67,
111,香槟沙隆,69079,69079,small_town,小城镇,3,5,2,82,
112,梅斯,194375,194375,town,城镇,4,5,1,139,
114,蒂耶里堡,47426,47426,rural,农村地区,2,5,3,108,
115,蓬图瓦兹,77031,77031,small_town,小城镇,3,5,2,104,
116,福尔巴克,100643,100643,town,城镇,4,5,1,74,
117,埃夫勒,54837,54837,small_town,小城镇,3,5,2,105,
118,萨尔格米讷,88860,88860,small_town,小城镇,3,5,2,83,
119,萨塞勒,122906,122906,town,城镇,4,5,1,62,
120,埃佩尔奈,114522,114522,town,城镇,4,5,1,208,
121,莫,105647,105647,town,城镇,4,5,1,139,
122,维尔,65918,65918,small_town,小城镇,3,5,2,44,
123,芒特拉若利,73913,73913,small_town,小城镇,3,5,2,109,
124,科梅尔西,53237,53237,small_town,小城镇,3,5,2,135,
125,巴勒迪克,62786,62786,small_town,小城镇,3,5,2,110,
126,萨韦尔讷,101676,101676,town,城镇,4,5,1,162,
127,维桑堡,55819,55819,small_town,小城镇,3,5,2,68,
128,阿格诺,109289,109289,town,城镇,4,5,1,73,
129,图勒,53163,53163,small_town,小城镇,3,5,2,118,
130,圣日耳曼昂莱,176555,176555,town,城镇,4,5,1,44,
131,阿让特伊,150550,150550,town,城镇,4,5,1,17,
132,勒兰西,270101,270101,large_town,大城镇,5,5,0,22,
133,南锡,289159,289159,large_town,大城镇,5,5,0,196,
134,萨兰堡,33214,33214,rural,农村地区,2,5,3,128,
135,圣但尼,255453,255453,large_town,大城镇,5,5,0,8,
136,阿让唐,100256,100256,town,城镇,4,5,1,123,
137,托尔西,68707,68707,small_town,小城镇,3,5,2,50,
138,楠泰尔,631203,631203,large_city,大城市,8,5,0,17,
139,德勒,58344,58344,small_town,小城镇,3,5,2,108,
140,博比尼,250824,250824,large_town,大城镇,5,5,0,9,
141,普罗万,97281,97281,small_town,小城镇,3,5,2,174,
142,维特里勒弗朗索瓦,38930,38930,rural,农村地区,2,5,3,110,
143,巴黎,2829753,2829753,megalopolis,特大都市,12,5,0,20,
144,朗布依埃,47694,47694,rural,农村地区,2,5,3,83,
145,萨尔堡,59277,59277,small_town,小城镇,3,5,2,102,
146,拉尼永,87665,87665,small_town,小城镇,3,5,2,57,
147,马恩河畔诺让,326022,326022,large_town,大城镇,5,5,0,13,
148,阿夫朗什,135613,135613,town,城镇,4,5,1,134,
149,凡尔赛,130004,130004,town,城镇,4,5,1,23,
150,布洛涅-比扬古,214006,214006,large_town,大城镇,5,5,0,8,
152,安东尼,174418,174418,town,城镇,4,5,1,11,
153,克雷泰伊,72862,72862,small_town,小城镇,3,5,2,16,
154,圣布里厄,204934,204934,large_town,大城镇,5,5,0,110,
155,拉伊莱罗斯,286320,286320,large_town,大城镇,5,5,0,18,
156,佩尔什地区莫尔塔涅,93592,93592,small_town,小城镇,3,5,2,147,
157,默伦,55622,55622,small_town,小城镇,3,5,2,59,
158,帕莱索,128909,128909,town,城镇,4,5,1,68,
159,吕内维尔,84394,84394,small_town,小城镇,3,5,2,162,
160,甘冈,156225,156225,town,城镇,4,5,1,111,
161,埃夫里,110697,110697,town,城镇,4,5,1,51,
162,莫尔莱,130864,130864,town,城镇,4,5,1,59,
163,特鲁瓦,162409,162409,town,城镇,4,5,1,244,
164,阿朗松,75468,75468,small_town,小城镇,3,5,2,111,
165,圣马洛,123220,123220,town,城镇,4,5,1,68,
166,圣迪济耶,64700,64700,small_town,小城镇,3,5,2,111,
167,迪南,83016,83016,small_town,小城镇,3,5,2,66,
168,布雷斯特,246540,246540,large_town,大城镇,5,5,0,75,
169,塞纳河畔诺让,44858,44858,rural,农村地区,2,5,3,79,
170,莫尔塞姆,66390,66390,small_town,小城镇,3,5,2,77,
173,斯特拉斯堡,279108,279108,large_town,大城镇,5,5,0,33,
174,沙特尔,106283,106283,town,城镇,4,5,1,146,
175,埃唐普,47381,47381,rural,农村地区,2,5,3,75,
176,马耶讷,130573,130573,town,城镇,4,5,1,130,
177,诺让勒罗特鲁,33986,33986,rural,农村地区,2,5,3,48,
178,奥布河畔巴尔,32296,32296,rural,农村地区,2,5,3,108,
179,富热尔,148204,148204,town,城镇,4,5,1,105,
180,讷沙托,75877,75877,small_town,小城镇,3,5,2,250,
181,孚日圣迪耶,113854,113854,town,城镇,4,5,1,116,
182,枫丹白露,82054,82054,small_town,小城镇,3,5,2,85,
183,塞莱斯塔,99548,99548,small_town,小城镇,3,5,2,101,
184,韦桑,2990,2990,pastoral,牧区,1,0,0,2,
185,马梅尔斯,140003,140003,town,城镇,4,5,1,190,
186,沙托兰,108120,108120,town,城镇,4,5,1,57,
187,埃皮纳勒,187195,187195,town,城镇,4,5,1,140,
188,雷恩,222409,222409,large_town,大城镇,5,5,0,109,
189,桑斯,83904,83904,small_town,小城镇,3,5,2,118,
190,肖蒙,64604,64604,small_town,小城镇,3,5,2,158,
191,皮蒂维耶,47880,47880,rural,农村地区,2,5,3,79,
192,拉瓦勒,53544,53544,small_town,小城镇,3,5,2,34,
193,里博维莱,49839,49839,rural,农村地区,2,5,3,30,
194,沙托丹,53914,53914,small_town,小城镇,3,5,2,61,
195,蓬蒂维,177807,177807,town,城镇,4,5,1,92,
196,勒芒,128811,128811,town,城镇,4,5,1,44,
197,科尔马,102592,102592,town,城镇,4,5,1,68,
198,瓦讷,158116,158116,town,城镇,4,5,1,99,
199,蒙塔日,112302,112302,town,城镇,4,5,1,125,
200,坎佩尔,268279,268279,large_town,大城镇,5,5,0,84,
201,奥尔良,183683,183683,town,城镇,4,5,1,121,
203,旺多姆,64771,64771,small_town,小城镇,3,5,2,100,
204,欧塞尔,135468,135468,town,城镇,4,5,1,170,
205,拉弗莱什,119705,119705,town,城镇,4,5,1,118,
206,朗格勒,59167,59167,small_town,小城镇,3,5,2,157,
207,勒东,71933,71933,small_town,小城镇,3,5,2,50,
208,洛里昂,199976,199976,town,城镇,4,5,1,52,
209,蒙巴尔,72865,72865,small_town,小城镇,3,5,2,252,
210,盖布维莱尔,47590,47590,rural,农村地区,2,5,3,35,
211,吕尔,100755,100755,town,城镇,4,5,1,190,
212,沃苏勒,112322,112322,town,城镇,4,5,1,346,
213,布卢瓦,85300,85300,small_town,小城镇,3,5,2,93,
214,坦恩,51443,51443,small_town,小城镇,3,5,2,46,
215,阿瓦隆,52313,52313,small_town,小城镇,3,5,2,135,
216,贡捷堡,67231,67231,small_town,小城镇,3,5,2,76,
217,米卢斯,209450,209450,large_town,大城镇,5,5,0,79,
218,沙托布里昂,107399,107399,town,城镇,4,5,1,57,
219,贝尔福,99497,99497,small_town,小城镇,3,5,2,101,
220,瑟格雷,56551,56551,small_town,小城镇,3,5,2,26,
222,昂热,184851,184851,town,城镇,4,5,1,66,
223,阿尔特基什,46637,46637,rural,农村地区,2,5,3,108,
224,罗莫朗坦朗特奈,90842,90842,small_town,小城镇,3,5,2,74,
225,图尔,164416,164416,town,城镇,4,5,1,54,
226,第戎,173246,173246,town,城镇,4,5,1,224,
229,索米尔,107458,107458,town,城镇,4,5,1,52,
230,维耶尔宗,66175,66175,small_town,小城镇,3,5,2,43,
231,昂斯尼,38882,38882,rural,农村地区,2,5,3,19,
234,卢瓦尔河畔科讷库尔,51259,51259,small_town,小城镇,3,5,2,63,
237,圣纳泽尔北部,161219,161219,town,城镇,4,5,1,55,
239,蒙贝利亚尔,108812,108812,town,城镇,4,5,1,168,
240,克拉姆西,35221,35221,rural,农村地区,2,5,3,84,
242,布尔日,136505,136505,town,城镇,4,5,1,128,
243,贝桑松,125108,125108,town,城镇,4,5,1,252,
245,希农,63498,63498,small_town,小城镇,3,2,0,74,
248,绍莱,128701,128701,town,城镇,4,5,1,32,
249,南特,352772,352772,city,城市,6,5,0,76,
250,贝勒岛,6349,6349,pastoral,牧区,1,0,0,6,
251,希农堡,56375,56375,small_town,小城镇,3,5,2,80,
252,博讷,88275,88275,small_town,小城镇,3,5,2,222,
254,多勒,86094,86094,small_town,小城镇,3,5,2,189,
256,蓬塔利耶,70972,70972,small_town,小城镇,3,5,2,143,
258,伊苏丹,40084,40084,rural,农村地区,2,5,3,49,
259,洛什,96627,96627,small_town,小城镇,3,5,2,112,
260,沙托鲁,112936,112936,town,城镇,4,5,1,84,
262,讷韦尔,106818,106818,town,城镇,4,5,1,82,
263,沙泰勒罗,53894,53894,small_town,小城镇,3,3,0,42,
266,欧坦,156628,156628,town,城镇,4,5,1,89,
267,布雷叙尔,96138,96138,small_town,小城镇,3,5,2,57,
268,拉罗什叙尔永,150033,150033,town,城镇,4,5,1,78,
269,圣阿芒蒙龙,86015,86015,small_town,小城镇,3,5,2,115,
271,努瓦尔穆捷岛北部,5979,5979,pastoral,牧区,1,0,0,3,
272,莱萨布勒多洛讷,109029,109029,town,城镇,4,5,1,66,
273,隆斯勒索涅,93611,93611,small_town,小城镇,3,5,2,248,
276,卢昂,78770,78770,small_town,小城镇,3,5,2,88,
279,索恩河畔沙隆,107049,107049,town,城镇,4,5,1,141,
281,努瓦尔穆捷岛南部,1282,1282,pastoral,牧区,1,0,0,1,
282,勒布朗,47463,47463,rural,农村地区,2,5,3,57,
284,帕尔特奈,71559,71559,small_town,小城镇,3,5,2,78,
286,丰特奈勒孔特,121793,121793,town,城镇,4,5,1,104,
288,普瓦捷,93324,93324,small_town,小城镇,3,3,0,47,
289,穆兰,83228,83228,small_town,小城镇,3,5,2,67,
290,拉沙特尔,45139,45139,rural,农村地区,2,5,3,51,
291,沙罗勒,100395,100395,town,城镇,4,5,1,126,
292,蒙吕松,123143,123143,town,城镇,4,5,1,90,
293,约岛,3905,3905,pastoral,牧区,1,0,0,1,
294,蒙莫里永,90805,90805,small_town,小城镇,3,5,2,90,
296,圣克洛德,40999,40999,rural,农村地区,2,5,3,55,
297,马孔,82834,82834,small_town,小城镇,3,5,2,119,
299,尼奥尔,140429,140429,town,城镇,4,5,1,117,
301,布雷斯地区布尔格,166514,166514,town,城镇,4,5,1,199,
303,维希,162407,162407,town,城镇,4,5,1,160,
304,盖雷,112887,112887,town,城镇,4,5,1,127,
307,热克斯,15956,15956,pastoral,牧区,1,5,4,27,
308,托农莱班,56822,56822,small_town,小城镇,3,5,2,70,
309,贝拉克,62757,62757,small_town,小城镇,3,5,2,57,
310,拉罗谢尔,84037,84037,small_town,小城镇,3,5,2,48,
312,欧比松,88957,88957,small_town,小城镇,3,5,2,128,
313,南蒂阿,49377,49377,rural,农村地区,2,5,3,62,
314,索恩河畔自由城,150057,150057,town,城镇,4,5,1,132,
315,罗阿讷,143339,143339,town,城镇,4,5,1,113,
316,日内瓦地区圣于连,52385,52385,small_town,小城镇,3,5,2,73,
317,圣克莱芒德巴莱讷,2380,2380,pastoral,牧区,1,0,0,4,
318,里永,121747,121747,town,城镇,4,5,1,155,
319,博讷维尔,69163,69163,small_town,小城镇,3,5,2,59,
321,雷岛,6178,6178,pastoral,牧区,1,0,0,6,
322,罗什福尔,77821,77821,small_town,小城镇,3,5,2,54,
324,圣让当热利,57685,57685,small_town,小城镇,3,5,2,109,
325,孔福朗,93031,93031,small_town,小城镇,3,5,2,138,
326,利摩日,225642,225642,large_town,大城镇,5,5,0,108,
329,阿讷西,81591,81591,small_town,小城镇,3,5,2,77,
330,贝莱,74871,74871,small_town,小城镇,3,5,2,103,
331,奥莱龙岛,14871,14871,pastoral,牧区,1,0,0,9,
332,蒂耶尔,58474,58474,small_town,小城镇,3,5,2,44,
333,罗什舒阿尔,45190,45190,rural,农村地区,2,5,3,30,
336,里昂,920161,920161,large_city,大城市,8,5,0,134,
337,尚贝里,125652,125652,town,城镇,4,5,1,151,
338,桑特,76482,76482,small_town,小城镇,3,5,2,88,
339,阿尔贝维尔,67623,67623,small_town,小城镇,3,5,2,69,
340,干邑,89318,89318,small_town,小城镇,3,5,2,107,
341,拉图尔迪潘,117865,117865,town,城镇,4,5,1,136,
342,蒙布里松,117604,117604,town,城镇,4,5,1,132,
343,昂古莱姆,126930,126930,town,城镇,4,5,1,114,
345,克莱蒙费朗,170743,170743,town,城镇,4,5,1,73,
348,拉特朗布拉德,28637,28637,rural,农村地区,2,0,0,15,
349,于塞勒,61780,61780,small_town,小城镇,3,5,2,78,
351,昂贝尔,51705,51705,small_town,小城镇,3,5,2,58,
353,农特龙,82404,82404,small_town,小城镇,3,5,2,94,
354,蒂勒,101250,101250,town,城镇,4,5,1,105,
355,维埃纳,106441,106441,town,城镇,4,5,1,113,
356,伊苏瓦尔,83461,83461,small_town,小城镇,3,5,2,133,
358,容扎克,70930,70930,small_town,小城镇,3,5,2,129,
360,圣艾蒂安,388673,388673,city,城市,6,5,0,75,
361,圣让德莫里耶讷,45840,45840,rural,农村地区,2,5,3,53,
362,莱斯帕尔梅多克,53378,53378,small_town,小城镇,3,5,2,49,
363,布里夫拉盖亚尔德,99713,99713,small_town,小城镇,3,5,2,94,
365,格勒诺布尔,316589,316589,large_town,大城镇,5,5,0,263,
366,莫里亚克,46617,46617,rural,农村地区,2,5,3,55,
368,佩里格,139351,139351,town,城镇,4,5,1,143,
369,布里尤德,64496,64496,small_town,小城镇,3,5,2,111,
372,圣弗卢尔,67497,67497,small_town,小城镇,3,5,2,102,
373,勒皮昂沃莱,108104,108104,town,城镇,4,5,1,102,
374,伊桑若,72671,72671,small_town,小城镇,3,5,2,44,
375,罗讷河畔图尔农,109983,109983,town,城镇,4,5,1,118,
376,布莱,56343,56343,small_town,小城镇,3,5,2,62,
377,瓦朗斯,146037,146037,town,城镇,4,5,1,101,
378,萨尔拉拉卡内达,83704,83704,small_town,小城镇,3,5,2,136,
380,利布尔讷,110263,110263,town,城镇,4,5,1,129,
383,布里扬松,25415,25415,rural,农村地区,2,5,3,36,
384,欧里亚克,76774,76774,small_town,小城镇,3,5,2,93,
385,迪,50058,50058,small_town,小城镇,3,5,2,111,
386,贝尔热拉克,81504,81504,small_town,小城镇,3,5,2,130,
387,古尔东,50626,50626,small_town,小城镇,3,5,2,97,
389,波尔多,469585,469585,city,城市,6,5,0,82,
391,菲雅克,55303,55303,small_town,小城镇,3,5,2,118,
392,芒德,78365,78365,small_town,小城镇,3,5,2,114,
393,罗德兹,100460,100460,town,城镇,4,5,1,79,
396,普里瓦,65420,65420,small_town,小城镇,3,5,2,66,
397,拉让蒂耶尔,97295,97295,small_town,小城镇,3,5,2,151,
398,加普,62787,62787,small_town,小城镇,3,5,2,126,
400,阿卡雄,50153,50153,small_town,小城镇,3,5,2,17,
401,朗贡,110845,110845,town,城镇,4,5,1,195,
402,马尔芒德,71110,71110,small_town,小城镇,3,5,2,98,
403,洛特河畔维勒讷沃,67421,67421,small_town,小城镇,3,5,2,92,
404,卡奥尔,56643,56643,small_town,小城镇,3,5,2,97,
406,尼永,71186,71186,small_town,小城镇,3,5,2,150,
407,鲁埃格自由城,118857,118857,town,城镇,4,5,1,96,
408,巴尔瑟洛内特,9804,9804,pastoral,牧区,1,5,4,14,
410,蒙德马桑,120789,120789,town,城镇,4,5,1,175,
412,米约,95365,95365,small_town,小城镇,3,5,2,110,
413,福卡尔基耶,40932,40932,rural,农村地区,2,5,3,97,
414,阿莱斯,127971,127971,town,城镇,4,5,1,95,
415,弗洛拉克,20115,20115,pastoral,牧区,1,5,4,38,
418,迪涅莱班,22394,22394,pastoral,牧区,1,5,4,46,
419,卡斯泰尔萨拉桑,64418,64418,small_town,小城镇,3,5,2,103,
420,阿让,70597,70597,small_town,小城镇,3,5,2,71,
421,内拉克,43633,43633,rural,农村地区,2,5,3,58,
422,尼斯,353743,353743,city,城市,6,5,0,101,
423,尼姆,230158,230158,large_town,大城镇,5,5,0,181,
424,蒙托邦,100211,100211,town,城镇,4,5,1,92,
425,阿维尼翁,90703,90703,small_town,小城镇,3,5,2,16,
426,卡斯泰拉讷,11960,11960,pastoral,牧区,1,5,4,41,
427,卡庞特拉,100299,100299,town,城镇,4,5,1,78,
430,阿尔比,144104,144104,town,城镇,4,5,1,163,
431,勒维冈,37170,37170,rural,农村地区,2,5,3,74,
434,达克斯,130649,130649,town,城镇,4,5,1,152,
435,孔东,78553,78553,small_town,小城镇,3,5,2,162,
436,阿普特,54506,54506,small_town,小城镇,3,5,2,57,
437,洛代夫,63286,63286,small_town,小城镇,3,5,2,122,
438,阿尔勒,85410,85410,small_town,小城镇,3,5,2,29,
439,图卢兹,313991,313991,large_town,大城镇,5,5,0,225,
440,格拉斯,164340,164340,town,城镇,4,5,1,62,
441,蒙彼利埃,202046,202046,large_town,大城镇,5,5,0,67,
442,卡斯特尔,153767,153767,town,城镇,4,5,1,151,
444,德拉吉尼昂,79130,79130,small_town,小城镇,3,5,2,54,
445,欧什,63689,63689,small_town,小城镇,3,5,2,134,
446,布里尼奥勒,52332,52332,small_town,小城镇,3,5,2,67,
447,米朗德,50209,50209,small_town,小城镇,3,5,2,162,
448,普罗旺斯地区艾克斯,105958,105958,town,城镇,4,5,1,48,
449,贝济耶,236711,236711,large_town,大城镇,5,5,0,152,
452,伊斯特尔,60632,60632,small_town,小城镇,3,5,2,21,
453,塔布,100470,100470,town,城镇,4,5,1,212,
454,波城,159272,159272,town,城镇,4,5,1,268,
455,米雷,61574,61574,small_town,小城镇,3,5,2,126,
456,巴约讷,171357,171357,town,城镇,4,5,1,122,
461,奥洛龙圣玛丽,82780,82780,small_town,小城镇,3,5,2,155,
462,卡尔卡松,123614,123614,town,城镇,4,5,1,186,
463,马赛,972802,972802,large_city,大城市,8,5,0,21,
464,圣戈当,83082,83082,small_town,小城镇,3,5,2,235,
468,纳博讷,111368,111368,town,城镇,4,5,1,109,
469,土伦,267200,267200,large_town,大城镇,5,5,0,32,
471,帕米耶,52153,52153,small_town,小城镇,3,5,2,91,
475,巴涅尔德比戈尔,52091,52091,small_town,小城镇,3,5,2,170,
476,利穆,50133,50133,small_town,小城镇,3,5,2,138,
478,阿热莱斯加佐斯特,36043,36043,rural,农村地区,2,5,3,87,
479,圣吉龙,63241,63241,small_town,小城镇,3,5,2,121,
481,富瓦,39740,39740,rural,农村地区,2,5,3,113,
483,勒旺岛,0,,small_island,小型岛屿,1,0,0,0,Hyères commune population counted once in its mainland state; no separately observed island count
484,波克罗勒岛,0,,small_island,小型岛屿,1,0,0,0,Hyères commune population counted once in its mainland state; no separately observed island count
485,巴斯蒂亚,47125,47125,rural,农村地区,2,5,3,27,
487,佩皮尼昂,118967,118967,town,城镇,4,5,1,40,
490,普拉德,48689,48689,rural,农村地区,2,5,3,122,
491,卡尔维,21441,21441,pastoral,牧区,1,5,4,51,
497,塞雷,65691,65691,small_town,小城镇,3,5,2,64,
499,科尔泰,53847,53847,small_town,小城镇,3,5,2,158,
504,阿雅克肖,63461,63461,small_town,小城镇,3,5,2,81,
509,萨尔泰讷,36116,36116,rural,农村地区,2,5,3,43,
525,卢丹,34521,34521,rural,农村地区,2,2,0,50,
526,黎塞留,18904,18904,pastoral,牧区,1,3,2,32,
527,米尔博,34276,34276,rural,农村地区,2,2,0,36,
