等级,起点省份,终点省份
3,3,5683
3,3,5952
1,10,8524
1,10,9127
3,27,12187
3,27,12214
3,36,5209
3,36,6975
3,45,17335
2,45,17379
3,45,17491
2,48,1800
2,48,5648
1,107,8037
1,107,16286
3,114,6589
3,114,9912
2,119,2994
2,119,5113
1,120,5020
1,120,18051
1,126,4421
1,126,15558
3,127,5559
3,127,13771
1,130,6174
1,130,15115
3,138,647
3,138,13767
2,153,7787
2,153,17719
1,166,10411
2,168,3356
2,168,15281
2,175,8709
2,175,10480
3,208,4747
3,208,10733
1,210,16377
1,210,16513
2,224,8519
3,224,15264
3,224,15375
2,225,1836
2,225,6443
2,237,7115
1,246,4628
1,246,10018
3,252,843
3,252,6077
3,270,1814
3,270,11197
3,271,5405
3,271,12328
2,286,1504
2,286,4965
1,304,2639
2,305,10468
2,305,10522
2,306,6289
2,306,17424
3,317,4330
2,317,4565
3,317,11240
2,320,2537
2,320,10216
3,349,7011
3,349,13792
2,354,5788
2,354,12844
1,357,10027
1,357,10092
1,369,8365
1,388,16373
1,390,17183
1,390,17281
1,392,12251
1,392,12432
2,415,5805
2,415,12922
2,419,463
2,419,3820
1,425,2254
1,425,13263
1,426,3430
1,426,15656
1,438,16245
1,438,16279
3,439,3566
3,439,12195
1,445,13976
3,446,16960
3,446,17103
2,463,15061
2,463,15100
1,477,3425
1,477,18224
2,482,5090
2,482,17700
3,496,7621
3,496,13792
1,511,4571
3,511,5362
3,511,10882
2,546,8500
2,546,9181
2,559,3753
2,559,14775
3,572,11994
3,572,12158
3,574,2339
3,574,6905
2,604,16940
2,604,17049
2,621,1001
2,621,4109
3,647,13950
3,655,4178
3,655,5909
1,663,7551
1,663,16131
1,663,16150
2,666,4109
2,666,16510
1,694,2779
1,694,15759
2,697,3583
2,697,6683
1,720,7095
1,720,7965
1,733,4361
1,733,8151
3,734,2646
3,734,6325
2,734,15727
1,740,6651
1,740,15178
2,741,14265
2,741,14303
1,745,5688
1,745,10411
2,748,14465
2,748,14564
1,749,4012
1,749,18064
2,750,781
2,750,15094
3,755,1445
3,755,5892
1,756,8322
1,756,8722
1,774,6098
2,774,12548
2,774,12584
1,781,15251
1,781,15268
2,781,15317
1,829,5858
3,833,1740
3,833,3210
3,843,5831
1,869,11371
1,869,11442
3,880,5514
3,880,17616
2,887,13241
2,887,13315
1,890,2733
1,890,14721
1,891,14484
1,891,14522
2,892,10179
2,892,10196
2,892,10254
2,895,7587
2,895,15485
3,902,4865
3,902,5209
3,902,12274
2,913,15667
2,913,15727
3,929,2007
2,929,17665
1,938,1145
1,938,1306
1,946,7933
1,946,17183
3,965,6266
3,965,10805
1,1001,16764
2,1001,16828
3,1023,15102
3,1023,15264
1,1026,2507
2,1030,17090
2,1030,17115
1,1040,13861
1,1040,13898
1,1042,12698
1,1062,14300
3,1099,13002
3,1099,13041
1,1117,1768
1,1117,16109
2,1120,1763
2,1120,8441
3,1124,11084
3,1124,11200
1,1145,18333
1,1184,6538
1,1184,14096
2,1225,7635
2,1225,10606
3,1228,3417
3,1228,7483
2,1232,4121
2,1232,6037
1,1242,8057
1,1242,15616
1,1251,5342
1,1251,5729
1,1259,15616
1,1259,15708
1,1277,3631
1,1277,4540
2,1280,3789
2,1280,7100
1,1280,9054
2,1282,3912
2,1282,13246
1,1306,18283
1,1321,18250
1,1321,18283
1,1337,4061
1,1337,7433
3,1354,8110
3,1354,15977
1,1357,8006
1,1357,13219
2,1361,17594
2,1361,17686
3,1367,8036
3,1367,17136
1,1381,6702
1,1381,7722
1,1387,4927
1,1390,12521
1,1390,12635
3,1402,3431
3,1402,10839
1,1410,11378
2,1411,7073
2,1411,13180
2,1415,12587
2,1415,12721
3,1416,9750
3,1416,9871
1,1422,15639
2,1432,5461
3,1432,5838
3,1432,10776
2,1440,7635
2,1440,10616
3,1445,4823
2,1456,9493
2,1456,9511
1,1491,6258
1,1492,10822
3,1492,10879
3,1492,10953
2,1495,12272
2,1495,12360
2,1504,17444
1,1515,2999
1,1515,14745
1,1528,9940
3,1534,2600
3,1534,6335
1,1540,6916
1,1540,14512
1,1540,14533
2,1546,8209
2,1546,14108
1,1548,5945
1,1548,7804
2,1616,9403
2,1616,9413
1,1619,7408
1,1619,15639
2,1624,3201
2,1624,12451
3,1637,11936
3,1637,12015
1,1642,5811
1,1642,9968
1,1647,15699
1,1647,15841
2,1652,17090
3,1653,11109
3,1653,11156
3,1654,14235
3,1654,14359
2,1665,7737
2,1665,10336
2,1667,8244
3,1667,11069
1,1688,10194
1,1688,10290
2,1709,9950
2,1709,10043
1,1711,11206
1,1711,11392
3,1723,4152
3,1723,7391
2,1724,3442
2,1724,15138
2,1726,8651
2,1726,17592
2,1730,10426
2,1730,10559
3,1740,13091
3,1745,6401
3,1745,10826
2,1763,6738
2,1774,11697
2,1774,11850
3,1775,8796
3,1775,10493
2,1784,8197
2,1784,9511
2,1798,7115
2,1798,9709
2,1800,8265
2,1814,11044
3,1814,11186
2,1830,14677
2,1830,14688
1,1833,3158
1,1833,12658
2,1836,11775
2,1838,8802
2,1838,17596
1,1838,17617
2,1847,3396
2,1847,16177
2,1856,6689
2,1856,17421
2,1875,3479
2,1875,9701
2,1878,9813
2,1878,9940
1,1885,3055
2,1885,8871
2,1885,14798
2,1889,14481
2,1889,14526
2,1898,9630
2,1898,9692
3,1917,5677
3,1917,8488
1,1917,14825
1,1926,9248
1,1926,9312
2,1947,9403
2,1947,9406
2,1955,4810
2,1955,9692
3,1985,11197
3,1985,11240
1,1996,5631
1,1996,16532
3,2007,17491
1,2036,13539
1,2036,13695
2,2057,10063
2,2057,10148
1,2081,16356
1,2090,6692
1,2090,18068
2,2092,7669
2,2092,15661
1,2099,17627
1,2099,17712
3,2107,6390
3,2107,9334
2,2123,8869
2,2123,15901
2,2128,4965
2,2128,17313
1,2136,15904
1,2136,15993
1,2157,3155
1,2157,17324
2,2160,3357
2,2160,12758
1,2187,10436
2,2222,4854
2,2222,17051
2,2224,2554
2,2224,15848
2,2238,13742
2,2238,13843
2,2246,14674
2,2246,14683
3,2248,6676
3,2248,11100
1,2254,4791
1,2257,16266
1,2257,16373
3,2260,4269
3,2260,5677
3,2273,12079
3,2273,12099
1,2280,8631
1,2291,5492
1,2291,10376
3,2292,5647
3,2292,8367
3,2294,13660
1,2294,13723
3,2294,13767
3,2318,7039
3,2318,7142
3,2320,8360
3,2320,11949
1,2323,17584
2,2334,8652
2,2334,16167
3,2339,15915
2,2346,11108
2,2346,11212
3,2352,4913
3,2352,5300
3,2366,5300
3,2366,5633
2,2372,8869
2,2372,16123
1,2385,12977
1,2385,13099
1,2389,18240
1,2389,18258
2,2395,4574
2,2395,14742
2,2396,5618
2,2396,11642
2,2404,8210
2,2404,8802
3,2405,5673
3,2405,5691
1,2435,6757
1,2435,17356
2,2439,7697
2,2439,15287
3,2446,17898
3,2446,17936
2,2462,4520
2,2462,7573
2,2469,9953
2,2469,10019
1,2476,7130
1,2476,15531
1,2496,11722
1,2496,11751
1,2503,2892
1,2503,18076
1,2507,3122
1,2507,3271
2,2514,12994
2,2514,13009
3,2517,5153
3,2517,10919
1,2523,4571
1,2523,10629
2,2524,15953
2,2524,16064
1,2526,7874
1,2526,16735
2,2527,4037
2,2527,15537
2,2529,4204
2,2529,16123
2,2537,8412
1,2551,8329
1,2551,16732
1,2551,16761
2,2554,15664
2,2594,15537
2,2594,15600
3,2597,3537
3,2600,15687
1,2616,8090
1,2616,16502
3,2625,6470
3,2625,8545
1,2625,17301
1,2639,12223
2,2643,12612
2,2643,12691
3,2646,15895
1,2671,6827
1,2671,13398
3,2686,3354
3,2686,12079
2,2687,5525
2,2687,15469
2,2693,4052
2,2693,8638
1,2695,17993
2,2728,7463
2,2728,16739
3,2746,11940
3,2746,12003
1,2747,5035
1,2747,9517
2,2748,2916
2,2748,17521
2,2767,3903
2,2767,6443
1,2769,8202
1,2769,10741
3,2771,8110
3,2771,16238
1,2798,13801
1,2798,13900
1,2802,15441
1,2802,15551
2,2813,3504
2,2813,13344
1,2830,13340
1,2830,13508
2,2835,8301
2,2835,13246
1,2851,4029
1,2851,6466
3,2856,6596
3,2856,10655
2,2857,9242
2,2857,9249
2,2868,12836
2,2868,12954
2,2875,7666
2,2875,17700
1,2875,17769
1,2892,18117
2,2904,17208
2,2904,17304
1,2909,6515
1,2909,14244
2,2915,8057
2,2915,15370
2,2916,17615
3,2917,10833
3,2917,10918
1,2924,3445
3,2924,10749
3,2924,10789
1,2944,3215
1,2944,8561
1,2959,4883
1,2989,6969
1,2989,8056
2,2990,6200
2,2990,7463
2,2994,4473
1,2999,14985
3,3005,11891
3,3005,11968
3,3008,6146
3,3008,7255
2,3013,5113
2,3013,5198
1,3013,13224
2,3020,3789
2,3020,9144
3,3022,3683
3,3022,3880
3,3030,7532
3,3030,13424
1,3032,13671
1,3032,13757
2,3036,14659
2,3036,14760
1,3048,15752
1,3048,15905
1,3051,9424
1,3051,9477
3,3052,6875
3,3052,8449
1,3055,14965
1,3061,6538
1,3061,13959
2,3064,12994
2,3064,13100
2,3066,10071
2,3066,10172
2,3071,15088
2,3071,15101
2,3083,6016
2,3083,14465
1,3103,7826
1,3103,18226
1,3122,16831
2,3131,13506
2,3131,13638
2,3138,6023
2,3138,6426
1,3138,15122
3,3142,10772
3,3142,10776
1,3149,4316
1,3154,4052
1,3154,13295
1,3155,17157
1,3158,6098
1,3164,3878
2,3170,13315
2,3170,13428
2,3171,7423
2,3171,8412
2,3201,8204
1,3205,16932
1,3205,17071
2,3206,12386
2,3206,12506
3,3210,12899
3,3215,9883
3,3215,9918
1,3220,14147
1,3220,14176
1,3222,6590
1,3222,17704
1,3235,10755
2,3237,13373
2,3237,13411
2,3247,10840
2,3247,10851
2,3262,13411
2,3262,13437
2,3266,5788
2,3266,6357
3,3267,11589
3,3267,11732
1,3271,8662
2,3272,8259
2,3272,11984
2,3281,8244
2,3281,8432
1,3281,11194
1,3282,3300
1,3282,16633
1,3292,7663
1,3292,7870
2,3297,4877
2,3297,12217
1,3300,4469
1,3315,7594
1,3315,16596
2,3326,16590
2,3326,16708
2,3333,4456
2,3333,8293
3,3354,12060
2,3356,7169
2,3356,15131
2,3357,4032
2,3357,12628
1,3361,7621
1,3361,13865
1,3364,13055
1,3364,13240
1,3373,5572
1,3373,7085
2,3396,16204
1,3416,14719
1,3416,14751
3,3417,11455
2,3420,8676
2,3420,14751
1,3425,6213
1,3430,15466
3,3431,11058
2,3440,9204
2,3440,9242
2,3442,14988
2,3464,5767
2,3464,17211
3,3470,7425
3,3470,8134
2,3504,13382
1,3525,7404
1,3525,18242
1,3526,7965
1,3526,15382
1,3528,7767
1,3528,10839
3,3537,17196
3,3537,17290
2,3548,5407
2,3548,6641
1,3548,16579
2,3557,8490
2,3557,10464
3,3566,12187
1,3568,14175
1,3568,14264
1,3568,14353
1,3572,4101
1,3572,8774
1,3582,8707
1,3582,16245
1,3582,16286
2,3583,3962
1,3596,6827
3,3606,7485
3,3606,13617
2,3607,4598
2,3607,7587
2,3607,15504
2,3607,15567
1,3631,11845
2,3633,7830
2,3633,14689
2,3639,8871
2,3639,14749
1,3645,15102
2,3653,8269
2,3653,11714
3,3654,14881
3,3654,14972
2,3655,13382
2,3655,13428
1,3655,13471
3,3660,5493
3,3660,16889
3,3660,16960
3,3661,5197
3,3661,14235
3,3683,11100
1,3691,6191
1,3730,5079
1,3730,16283
1,3731,7899
1,3731,10435
1,3749,8006
1,3749,13003
2,3753,14733
2,3754,12482
2,3754,12612
2,3766,4263
2,3766,11265
2,3769,10667
2,3769,10824
1,3772,14719
2,3774,8209
2,3774,13867
3,3786,7876
3,3786,8134
2,3801,15942
2,3801,15953
2,3806,6943
2,3806,13259
2,3815,5154
2,3815,13514
3,3817,7166
3,3817,11589
2,3820,15306
3,3828,7090
3,3828,13950
1,3828,14015
1,3857,9484
1,3874,8853
1,3878,12080
3,3880,11186
1,3885,10522
3,3903,11350
3,3903,11390
3,3904,4691
3,3904,7032
3,3912,13089
3,3912,13213
1,3913,13865
1,3913,13998
3,3917,8419
3,3917,16596
3,3922,4098
3,3922,4747
1,3932,12612
1,3934,12175
3,3935,11988
3,3935,12116
2,3952,17714
2,3952,17719
2,3962,8299
2,3982,9990
2,3982,10134
2,3989,16329
2,3989,16543
3,3994,5237
3,3994,6892
2,4004,9249
2,4004,9301
3,4025,12636
3,4025,12731
2,4032,12836
2,4037,8212
3,4043,8644
3,4043,12145
3,4045,5687
3,4045,11732
2,4049,8477
2,4049,17736
2,4052,13108
1,4060,9596
1,4061,9328
2,4069,17326
2,4069,17343
3,4098,10951
2,4101,6897
2,4101,14564
2,4104,8322
2,4104,14526
2,4121,6713
3,4124,9578
3,4124,9641
1,4125,18240
1,4125,18242
1,4134,6962
1,4134,11756
2,4137,6607
2,4137,6738
3,4152,10939
1,4173,13219
1,4173,13348
1,4178,7745
3,4178,16104
1,4188,11540
2,4196,8071
2,4196,8212
2,4204,16204
2,4204,16246
2,4205,4672
2,4205,7971
2,4205,15088
1,4218,9030
2,4218,9074
2,4228,12622
2,4228,12647
1,4232,11823
3,4241,7039
3,4241,8719
1,4242,5186
1,4242,16991
2,4248,4948
2,4248,5617
1,4249,8079
2,4263,11282
3,4269,6113
1,4273,4753
1,4273,12223
2,4282,13200
2,4282,13301
1,4284,6835
1,4316,11042
2,4323,10597
2,4323,10606
1,4324,8412
2,4330,4565
3,4330,7483
1,4348,6232
1,4348,11371
3,4350,5860
3,4350,17813
1,4361,16549
3,4368,5829
3,4368,7876
3,4374,10659
3,4374,10660
2,4380,9413
2,4380,9435
2,4403,6886
2,4416,14563
2,4416,14650
2,4417,17736
2,4417,17760
1,4421,15699
2,4426,16563
2,4426,16647
1,4426,16702
1,4428,17165
1,4428,17280
1,4432,5046
1,4432,15382
1,4437,18119
1,4437,18150
1,4439,5331
1,4439,10437
1,4455,4889
1,4455,15094
2,4456,17779
2,4458,13185
2,4458,13216
1,4460,5451
1,4460,12342
1,4469,16866
2,4473,13064
2,4486,6111
2,4486,15094
2,4491,5342
2,4491,7787
1,4515,10677
2,4520,9938
1,4535,6741
1,4535,11540
1,4544,18204
1,4544,18226
3,4552,13412
3,4552,13520
2,4562,7844
2,4562,17782
1,4574,14822
2,4574,14885
1,4581,5173
1,4581,10846
2,4589,10377
2,4589,10468
2,4598,15422
2,4610,6532
2,4610,7530
1,4621,14484
1,4621,14555
1,4628,10092
1,4639,13143
2,4639,13173
2,4639,13222
2,4640,4687
2,4640,11092
3,4648,7233
3,4648,10952
3,4653,11407
3,4653,11526
3,4656,10964
3,4656,11084
2,4672,7697
3,4677,6063
3,4677,10360
1,4681,11041
1,4681,11192
1,4687,11206
2,4687,11243
3,4691,5405
1,4704,9162
1,4704,9225
3,4712,10990
3,4712,11041
2,4717,13233
2,4717,13245
2,4719,5385
1,4719,7349
2,4719,10413
1,4731,6350
1,4731,8608
1,4753,5378
1,4758,15300
3,4762,15895
3,4762,16057
1,4764,14842
1,4764,14949
1,4766,10617
3,4774,17303
3,4774,17335
2,4780,14429
2,4780,14505
2,4784,13306
2,4784,13436
3,4790,10945
3,4790,11041
1,4791,5120
2,4810,9812
1,4817,18333
3,4823,11526
2,4831,6225
2,4831,11848
2,4840,6669
2,4840,14520
1,4848,5029
1,4848,15014
2,4852,14989
2,4852,15029
2,4854,17191
3,4865,12116
3,4867,8205
3,4867,11505
2,4870,7329
2,4870,10552
2,4877,12022
1,4878,18064
1,4883,5375
1,4892,9477
2,4900,15369
2,4900,15422
1,4905,16914
1,4905,16930
3,4913,10197
1,4921,16798
1,4921,16938
1,4927,9915
2,4948,16148
1,4949,5779
2,4949,6289
2,4949,17210
3,4961,8236
3,4961,11966
2,4966,14581
2,4966,14689
1,4968,18171
1,4968,18179
2,4971,12222
2,4971,12341
3,4973,7621
3,4973,13617
2,4987,14217
2,4987,14265
3,4988,13309
3,4988,13412
1,5000,8293
1,5008,5276
1,5008,15677
3,5012,5844
3,5012,15362
1,5020,7595
1,5029,15194
1,5035,9431
1,5046,15480
3,5050,5909
3,5050,16423
3,5060,7425
3,5060,15205
1,5062,10411
1,5062,10435
3,5066,10580
3,5066,10581
2,5077,17216
2,5077,17326
1,5086,14094
1,5086,14175
1,5087,8486
1,5087,11293
2,5090,5648
1,5090,17777
2,5097,5378
2,5097,12484
1,5120,7576
3,5126,9478
3,5126,9521
2,5131,14650
2,5131,14749
2,5141,12441
2,5141,12524
1,5141,12579
3,5145,11950
3,5145,11997
3,5153,7641
2,5154,13437
1,5168,14721
1,5168,14773
1,5173,7475
1,5180,14423
2,5180,14476
2,5180,14519
1,5186,16759
1,5188,8459
1,5188,17036
3,5197,14091
2,5198,12978
3,5200,5534
3,5200,9391
3,5225,12609
3,5225,12816
3,5237,8866
1,5245,8226
1,5245,13983
1,5249,11015
2,5258,11639
2,5258,11726
2,5261,8240
2,5261,15111
1,5265,16999
1,5265,17157
1,5276,15807
1,5282,17175
2,5287,11700
2,5287,11865
2,5289,7169
2,5289,8519
3,5319,5829
3,5319,8361
3,5325,8318
3,5325,9641
1,5328,15872
1,5328,15997
1,5331,10436
1,5341,10181
1,5341,10237
2,5342,17651
1,5352,8584
1,5352,14522
1,5359,6617
1,5359,17387
3,5362,10944
2,5369,17099
2,5369,17208
1,5375,14243
2,5378,8115
2,5385,10390
2,5398,6100
2,5398,15750
2,5407,6037
3,5420,15049
3,5420,15199
3,5429,5952
3,5429,11576
1,5438,8486
1,5451,12520
1,5459,12831
1,5459,12944
2,5461,10851
3,5472,17584
3,5472,17616
1,5492,10237
1,5492,10326
3,5493,16717
3,5514,5860
2,5514,17688
2,5525,7971
3,5534,9334
1,5544,8600
2,5552,9940
2,5552,10029
3,5559,13578
2,5597,8015
2,5597,14135
1,5605,6565
1,5605,7663
1,5605,12625
2,5617,16458
2,5618,11358
1,5621,16153
1,5621,16194
1,5622,17071
1,5622,17098
3,5633,6909
3,5636,16252
3,5636,16365
1,5638,7926
2,5638,8759
2,5638,13165
1,5643,7035
1,5643,14612
1,5644,15613
2,5647,14970
3,5647,14988
3,5673,14544
1,5677,14685
3,5683,11988
3,5687,11994
1,5688,10629
3,5691,14214
2,5702,9301
2,5702,9341
2,5710,14970
2,5710,14989
1,5717,14982
1,5729,17820
1,5745,8079
1,5745,16693
1,5746,7003
1,5765,13723
1,5765,13766
2,5767,17426
1,5773,15559
1,5773,15610
1,5779,17173
1,5792,7414
1,5792,12625
1,5795,7130
1,5795,15389
3,5797,6063
3,5797,10146
2,5805,12721
2,5827,9074
2,5827,9124
3,5831,11366
1,5831,11429
3,5838,7383
3,5844,15199
1,5858,8200
1,5862,14244
1,5862,14293
1,5873,8858
1,5873,16150
1,5876,6451
1,5876,13539
2,5878,11337
2,5878,11430
3,5892,11936
2,5899,6571
2,5899,9188
1,5903,6835
1,5903,9316
3,5910,8162
3,5910,13309
1,5926,16764
1,5926,16820
2,5946,15887
2,5946,15935
2,5970,16802
2,5970,16821
3,5979,13805
3,5979,13894
2,5996,15665
2,5996,15688
1,5999,17712
1,5999,17790
1,6002,16820
1,6002,16914
1,6015,8370
2,6016,14443
2,6023,15230
3,6030,10172
3,6030,10306
2,6033,14683
2,6033,14751
3,6042,10678
3,6042,10749
2,6044,17615
2,6044,17651
2,6045,9876
2,6045,9904
1,6057,12664
3,6069,10471
3,6069,10546
1,6072,15656
1,6072,15759
3,6077,11015
1,6084,8707
1,6084,16016
3,6100,6480
3,6100,15791
2,6102,8835
2,6102,9869
2,6111,14934
3,6113,7758
3,6118,11925
3,6118,11940
1,6137,6174
2,6137,8071
2,6137,15168
1,6146,10311
3,6146,10360
3,6149,11248
3,6149,11350
3,6156,8367
3,6156,14746
3,6182,11949
3,6182,11950
1,6191,14949
3,6193,15462
3,6193,15613
2,6200,16647
3,6210,17103
3,6210,17207
1,6213,8143
2,6225,11984
1,6232,11222
1,6243,18004
1,6243,18040
1,6243,18068
2,6255,10195
2,6255,10299
1,6258,14533
1,6258,14612
3,6266,8277
2,6272,8651
2,6272,17444
2,6274,17426
2,6274,17527
1,6286,17777
3,6303,10018
3,6303,10133
2,6317,15394
1,6317,15532
2,6317,15586
3,6325,15613
1,6328,17303
3,6335,15507
2,6357,12385
2,6370,15630
2,6370,15677
2,6373,15935
2,6373,16043
1,6375,16150
1,6375,16239
3,6390,9268
2,6400,11961
2,6400,12136
3,6401,10964
1,6404,17383
2,6426,14999
2,6429,10559
2,6429,10655
1,6438,9400
1,6438,9431
1,6451,13384
1,6466,7702
3,6470,17351
2,6477,11212
2,6477,11358
1,6479,14614
1,6479,14745
3,6480,15687
1,6515,14399
3,6525,7139
3,6525,9391
2,6532,7460
1,6534,10217
2,6536,8293
2,6536,17782
1,6543,10306
1,6543,10350
1,6547,11299
1,6547,11392
2,6551,12192
2,6551,12272
1,6559,10376
1,6559,10436
1,6565,12831
1,6570,7741
1,6570,17227
2,6571,9144
3,6589,9962
1,6590,17592
3,6596,10659
2,6607,14254
3,6617,17207
3,6617,17303
2,6624,13166
2,6624,13212
2,6630,14358
2,6630,14525
2,6641,16571
1,6651,15368
2,6669,14400
3,6676,6937
2,6683,11282
2,6689,17308
3,6690,11602
3,6690,11754
1,6692,18119
1,6699,10992
1,6699,11167
1,6702,15705
2,6711,9876
2,6711,9946
3,6712,9698
3,6712,9750
2,6713,8652
1,6729,8370
1,6729,10140
1,6732,8226
1,6732,14007
2,6735,13306
2,6735,13373
2,6739,6974
2,6739,7804
1,6741,11252
1,6741,11378
1,6745,6937
1,6745,11080
1,6757,17227
1,6784,8654
1,6784,12348
3,6798,16365
3,6798,16469
1,6835,9334
2,6846,13638
2,6846,13772
2,6849,13532
2,6849,13588
1,6856,17441
1,6856,17544
2,6857,10522
2,6857,10667
1,6863,7243
2,6869,10399
2,6869,10413
3,6875,12636
2,6886,8321
3,6892,10471
2,6897,14664
3,6905,15596
3,6907,10732
3,6907,10784
3,6909,7641
1,6916,8763
2,6931,16828
2,6931,16955
3,6937,11215
2,6943,13301
3,6948,15362
3,6948,15502
1,6969,11908
2,6974,11044
3,6975,12609
1,6994,8763
1,6994,14300
1,7000,10197
1,7000,10282
2,7001,14501
2,7001,14520
1,7003,14015
1,7011,13965
3,7011,13991
1,7028,12521
3,7032,12732
1,7032,12755
2,7035,14742
2,7042,11468
2,7042,11700
1,7043,13634
1,7043,13685
3,7051,11870
3,7051,11935
2,7055,14153
2,7055,14228
2,7073,13023
2,7073,13098
3,7078,7843
3,7078,8205
1,7085,10860
3,7090,8435
1,7095,15618
2,7100,8524
2,7127,8084
2,7127,12662
3,7136,10776
3,7136,10826
3,7139,9478
3,7142,14479
1,7151,17304
2,7154,9709
2,7154,9787
3,7157,15274
3,7157,15371
3,7166,8868
1,7172,11040
2,7177,14885
2,7177,14992
1,7224,17769
3,7233,11109
1,7238,15807
1,7243,11992
3,7255,10549
1,7275,10755
1,7275,10788
2,7289,8636
2,7289,11990
1,7301,13143
2,7302,14303
2,7302,14354
2,7329,8227
2,7340,17130
2,7340,17210
1,7349,7475
1,7351,10133
1,7367,10900
1,7367,10992
3,7383,11015
3,7391,10879
3,7395,9521
3,7395,9578
2,7401,15581
2,7401,15667
1,7404,18224
1,7408,15618
1,7412,7734
1,7412,12635
1,7414,12432
2,7423,10065
2,7424,15665
2,7424,15717
1,7433,9424
1,7437,10640
1,7437,10719
2,7451,10270
2,7451,10335
2,7460,11751
2,7468,8162
2,7468,13241
1,7477,7745
1,7477,16153
3,7485,8287
2,7486,12574
2,7486,12631
2,7525,14902
2,7525,14995
2,7530,8432
3,7532,13213
1,7551,15993
3,7561,10953
3,7561,11069
1,7573,10078
2,7573,10162
1,7576,13634
3,7588,8868
3,7588,11437
1,7594,16532
1,7595,18063
1,7601,8642
3,7607,11200
3,7607,11319
2,7624,13185
2,7624,13222
3,7628,10407
3,7628,10558
3,7651,9913
3,7651,9998
2,7666,7844
2,7669,15805
2,7694,12664
2,7694,12839
1,7697,15140
1,7702,8051
1,7722,15534
1,7726,11299
3,7734,12731
3,7734,12847
1,7735,12552
1,7735,12694
2,7737,10217
1,7741,17052
1,7755,15115
3,7758,8584
2,7771,14505
2,7771,14581
1,7773,8424
2,7802,12954
2,7802,13032
2,7822,9435
2,7824,13227
2,7824,13255
1,7826,18250
2,7830,8367
1,7837,16393
1,7837,16502
1,7841,10517
3,7843,11058
2,7851,13274
2,7851,13310
1,7870,13003
1,7874,8326
1,7899,10458
3,7908,8343
3,7908,11883
1,7926,8670
1,7930,8662
1,7930,17202
2,7931,12839
2,7931,13023
1,7933,16978
1,7937,8324
1,7937,11674
2,7953,11778
2,7953,11795
1,7981,15082
2,7989,8280
2,7989,13508
1,7991,8765
1,7991,13671
3,7992,11319
3,7992,11356
1,8001,10194
2,8015,14189
3,8036,16978
1,8036,16996
1,8037,16393
1,8051,9834
2,8054,10217
2,8054,10270
1,8056,12080
2,8057,15450
2,8084,12613
1,8090,16673
1,8094,11116
3,8094,11134
3,8094,11156
2,8115,12622
2,8133,13118
2,8133,13147
1,8140,10217
1,8143,18115
1,8143,18117
3,8146,13053
3,8146,13089
2,8146,13108
1,8151,16831
2,8154,9946
2,8154,9990
3,8162,13134
2,8163,10824
2,8197,9558
2,8200,8789
2,8200,10399
1,8202,10915
2,8204,12341
2,8208,8280
2,8208,13514
2,8210,17772
2,8227,10292
3,8236,11998
2,8240,15100
2,8259,12055
2,8265,17592
2,8269,11778
3,8277,10951
1,8277,11040
3,8284,14544
3,8284,14648
3,8287,13362
1,8289,17390
2,8289,17441
2,8289,17493
2,8299,11006
2,8301,13198
3,8313,10010
3,8313,10076
3,8318,9655
1,8321,14399
2,8321,14459
2,8322,14610
1,8324,11722
3,8343,11754
2,8345,9362
2,8345,9400
3,8360,11883
3,8361,14514
1,8365,16717
2,8367,8565
3,8370,10197
3,8386,13424
3,8386,13578
2,8407,12238
2,8407,12385
3,8414,10918
3,8414,10944
3,8419,16423
1,8424,13336
3,8429,11028
3,8429,11048
3,8435,14214
2,8441,13813
3,8449,12381
1,8459,17177
2,8477,17665
3,8488,14881
2,8488,14902
2,8490,10524
2,8498,11823
2,8498,12022
2,8500,9202
1,8517,17175
1,8517,17255
2,8522,8664
2,8522,9701
2,8532,17688
2,8532,17714
3,8545,17518
1,8561,10047
2,8565,14775
3,8584,14479
2,8588,8636
2,8588,12386
1,8600,15858
1,8608,14175
1,8631,16498
2,8638,13168
1,8642,16468
3,8644,11968
1,8659,10606
1,8659,10741
2,8664,9790
1,8670,13384
2,8676,14934
3,8680,13134
3,8680,13171
2,8694,15080
2,8694,15168
2,8695,12918
2,8695,13016
1,8709,10290
2,8709,10390
3,8719,13991
1,8722,14314
2,8759,13274
1,8765,13528
2,8772,14717
2,8772,14798
1,8774,14789
2,8789,10371
3,8796,10564
2,8835,10076
1,8853,18076
1,8855,15556
1,8858,16377
3,8866,10493
2,9124,9157
1,9127,9143
1,9143,9162
2,9157,9176
2,9176,9181
2,9176,9188
2,9202,9204
1,9225,9248
3,9249,9268
1,9305,9316
1,9312,9322
1,9312,9328
2,9341,9362
2,9385,9398
2,9385,9400
2,9398,9406
2,9435,9454
2,9454,9479
1,9466,9477
1,9479,9484
2,9479,9493
1,9517,9539
1,9539,9553
1,9553,9579
2,9558,9583
1,9579,9596
2,9583,9630
3,9655,9698
2,9787,9813
2,9790,9869
2,9812,9852
1,9834,9876
2,9838,9893
2,9852,9867
2,9867,9900
3,9871,9915
3,9883,9912
2,9893,9928
2,9900,9953
2,9904,9938
3,9913,9918
3,9915,9967
2,9928,9950
1,9940,9958
1,9958,9968
3,9967,10018
3,9998,10009
3,10009,10010
2,10019,10061
2,10029,10050
2,10043,10065
2,10050,10063
2,10061,10085
2,10071,10085
3,10076,10115
3,10115,10146
3,10133,10172
2,10134,10179
1,10140,10181
2,10148,10196
2,10162,10195
2,10216,10270
1,10253,10311
2,10254,10292
2,10299,10351
3,10306,10407
2,10335,10377
2,10336,10371
2,10351,10426
1,10441,10458
1,10441,10473
2,10464,10480
1,10517,10558
2,10524,10566
3,10546,10585
3,10549,10575
2,10552,10620
1,10554,10640
3,10558,10617
3,10564,10618
2,10566,10596
3,10575,10580
2,10575,10610
3,10581,10607
3,10585,10620
2,10596,10616
2,10597,10610
3,10607,10685
1,10617,10654
3,10617,10677
3,10618,10660
3,10620,10665
3,10655,10678
3,10665,10733
3,10677,10784
3,10685,10732
1,10706,10772
1,10719,10774
1,10760,10774
1,10760,10818
3,10772,10789
1,10774,10822
3,10776,10784
3,10776,10839
1,10788,10830
3,10805,10849
1,10824,10860
1,10830,10860
3,10833,10849
2,10840,10929
1,10846,10900
3,10882,10945
3,10904,10938
3,10904,10939
3,10919,10946
2,10929,11006
3,10938,10952
3,10946,11008
3,10990,11028
3,11008,11048
3,11008,11077
1,11042,11116
3,11077,11108
3,11108,11134
1,11167,11252
1,11172,11243
1,11192,11293
1,11210,11282
3,11215,11286
1,11222,11253
2,11243,11363
3,11248,11286
1,11252,11253
2,11265,11312
2,11266,11306
2,11266,11312
2,11306,11337
3,11356,11407
2,11363,11468
3,11366,11437
3,11390,11439
2,11430,11535
3,11439,11485
1,11442,11524
3,11455,11512
1,11505,11533
3,11505,11576
3,11512,11537
1,11524,11621
1,11533,11679
2,11535,11606
3,11537,11602
2,11606,11639
2,11642,11697
1,11657,11674
1,11679,11745
2,11714,11750
2,11726,11750
1,11745,11829
2,11751,11823
1,11756,11846
2,11775,11843
2,11795,11848
1,11829,11894
2,11843,11961
1,11845,11925
1,11846,11966
2,11850,11938
3,11852,11890
3,11852,11918
2,11865,11949
3,11870,11891
3,11890,11966
1,11894,11908
3,11918,11935
3,11925,11951
1,11936,11986
2,11938,11990
3,11951,11997
1,11986,11992
3,11998,12003
3,12015,12060
2,12055,12083
2,12083,12238
3,12098,12099
3,12098,12145
2,12136,12175
2,12145,12192
3,12158,12214
2,12169,12175
2,12169,12198
1,12187,12251
3,12195,12252
2,12198,12240
2,12199,12222
2,12199,12240
2,12217,12280
3,12252,12279
3,12274,12302
3,12279,12328
1,12280,12284
2,12280,12348
3,12302,12381
1,12324,12342
1,12324,12350
2,12348,12482
1,12350,12419
2,12360,12441
1,12419,12466
2,12451,12484
1,12466,12531
2,12506,12548
2,12520,12524
2,12520,12587
1,12531,12600
2,12574,12613
1,12579,12623
2,12584,12628
1,12600,12669
2,12631,12663
2,12632,12663
2,12632,12664
2,12647,12662
1,12658,12698
2,12691,12758
1,12694,12747
3,12732,12808
1,12747,12823
3,12808,12889
3,12816,12897
1,12823,12977
2,12844,12918
3,12847,12930
3,12889,12899
3,12897,12960
2,12922,12978
3,12930,12943
3,12943,13002
3,12960,13021
2,12978,13009
2,13016,13068
3,13021,13095
2,13032,13069
3,13041,13053
2,13064,13118
2,13068,13134
2,13069,13092
3,13091,13133
2,13092,13125
3,13095,13150
2,13098,13153
1,13099,13147
2,13100,13166
2,13125,13140
3,13133,13171
2,13140,13165
2,13147,13201
3,13150,13255
2,13153,13191
2,13168,13169
2,13169,13216
2,13173,13227
2,13180,13200
2,13198,13233
2,13201,13259
2,13212,13245
1,13224,13263
1,13233,13287
1,13240,13340
3,13255,13306
1,13287,13366
1,13295,13376
1,13301,13328
3,13306,13362
2,13310,13344
1,13328,13354
1,13336,13354
1,13348,13398
1,13376,13417
2,13436,13458
2,13458,13506
1,13471,13504
1,13504,13528
2,13508,13532
3,13520,13572
3,13572,13660
2,13588,13654
1,13603,13699
2,13654,13742
1,13685,13708
1,13699,13729
1,13708,13762
1,13729,13766
1,13757,13801
1,13762,13861
3,13771,13805
2,13772,13798
2,13798,13813
2,13843,13867
3,13894,13935
1,13898,13940
3,13935,13978
1,13959,13973
1,13965,13973
1,13976,14032
3,13978,14035
1,13983,14032
1,14007,14102
1,14032,14078
3,14035,14070
3,14070,14091
2,14091,14105
1,14094,14102
1,14096,14147
2,14105,14135
2,14108,14153
2,14189,14217
2,14228,14280
1,14243,14314
2,14254,14291
2,14280,14374
1,14281,14293
2,14291,14323
2,14323,14358
1,14353,14423
2,14354,14400
3,14359,14437
2,14374,14426
2,14426,14465
2,14429,14446
3,14437,14514
2,14443,14481
2,14446,14454
2,14454,14459
2,14476,14506
2,14501,14506
1,14512,14517
1,14515,14547
2,14519,14602
2,14525,14563
1,14547,14589
1,14555,14569
1,14569,14614
1,14589,14623
2,14602,14663
2,14610,14659
1,14623,14667
1,14642,14648
3,14648,14746
2,14659,14677
2,14663,14674
2,14664,14695
1,14667,14685
2,14688,14733
2,14695,14717
1,14721,14803
2,14760,14799
1,14773,14784
1,14784,14825
1,14789,14842
2,14799,14840
1,14806,14822
1,14806,14841
2,14840,14891
2,14891,14932
1,14922,14940
1,14922,14962
2,14932,14999
1,14934,14940
1,14946,14962
1,14965,15014
3,14972,15008
1,14982,15140
1,14985,15021
3,14988,15052
2,14992,15088
2,14995,15038
3,15008,15049
1,15021,15081
2,15029,15061
2,15038,15080
3,15052,15102
1,15081,15145
1,15082,15122
2,15101,15111
2,15131,15138
1,15145,15178
1,15194,15254
3,15205,15274
2,15230,15281
1,15251,15300
1,15254,15304
2,15287,15370
1,15304,15382
2,15306,15369
2,15317,15339
2,15339,15394
1,15368,15413
1,15370,15418
3,15371,15425
3,15375,15410
3,15410,15462
1,15412,15441
1,15413,15466
3,15425,15507
2,15450,15478
2,15469,15504
1,15480,15534
2,15485,15494
2,15494,15523
3,15502,15551
2,15523,15581
1,15531,15558
1,15532,15559
3,15551,15596
1,15556,15602
2,15567,15614
2,15586,15661
2,15600,15630
1,15602,15639
2,15614,15664
2,15677,15688
1,15705,15752
1,15708,15774
2,15717,15750
1,15759,15802
1,15774,15817
1,15787,15841
3,15791,15805
1,15802,15851
3,15805,15849
3,15841,15849
3,15841,15887
2,15848,15901
1,15851,15904
1,15858,15868
1,15868,15915
1,15872,15901
2,15887,15942
1,15905,15969
3,15915,15977
1,15969,16016
1,15982,16009
1,16009,16057
2,16043,16098
3,16057,16104
2,16064,16109
2,16098,16129
2,16109,16148
2,16129,16156
1,16139,16143
1,16139,16177
1,16143,16178
1,16155,16178
1,16155,16179
2,16156,16167
1,16179,16235
1,16235,16283
3,16238,16252
1,16239,16266
2,16246,16329
1,16279,16356
2,16458,16510
1,16468,16486
3,16469,16564
1,16486,16563
1,16498,16510
1,16513,16549
2,16543,16590
2,16563,16571
3,16564,16639
1,16579,16633
3,16596,16641
3,16639,16685
3,16641,16717
3,16685,16750
1,16693,16732
1,16702,16759
1,16708,16735
2,16708,16800
2,16739,16821
3,16750,16802
1,16761,16798
2,16800,16850
3,16802,16861
1,16849,16850
2,16850,16940
3,16861,16910
3,16889,16900
3,16900,16912
3,16910,17008
3,16912,16939
1,16938,16996
3,16939,16978
2,16955,17006
1,16991,17052
2,17006,17051
3,17008,17063
2,17049,17099
3,17063,17118
1,17098,17103
2,17115,17130
3,17118,17161
3,17136,17172
3,17161,17211
3,17165,17172
3,17165,17176
3,17176,17230
2,17177,17191
2,17177,17224
3,17196,17230
1,17202,17258
2,17211,17219
2,17216,17224
2,17219,17264
1,17255,17301
2,17264,17308
1,17280,17322
1,17281,17341
1,17290,17302
3,17290,17346
2,17304,17379
2,17313,17343
1,17322,17378
1,17324,17390
2,17326,17383
3,17346,17364
3,17351,17364
2,17421,17470
2,17424,17441
2,17470,17521
2,17493,17543
1,17507,17564
3,17518,17551
1,17521,17581
2,17527,17594
2,17543,17596
3,17551,17612
1,17564,17617
1,17581,17627
3,17584,17612
2,17686,17724
2,17724,17757
2,17739,17760
2,17739,17772
2,17757,17779
1,17766,17772
1,17766,17786
1,17779,17819
1,17790,17843
3,17813,17845
1,17819,17847
1,17843,17875
3,17845,17865
1,17847,17874
3,17865,17898
3,17936,17957
3,17957,17989
1,17989,17993
3,17989,18006
1,18006,18026
1,18026,18051
1,18051,18064
1,18115,18119
1,18150,18165
1,18165,18171
1,18165,18181
1,18181,18204
