州ID,省份ID,中文名称,历史名称参考,现行名称,市镇代码,1936年人口,胜利点,经度,纬度,省份像素偏差
36,7167,格拉沃利讷,Gravelines,Gravelines,59273,5573,3,2.1254,50.9871,0.2185
36,9204,涅普,Nieppe,Nieppe,59431,4407,1,2.838,50.7049,0.2537
36,9059,贝尔格,Bergues,Bergues,59067,3839,1,2.4339,50.9686,0.3625
39,9207,布朗德克,Blendecques,Blendecques,62139,3508,1,2.2833,50.7166,0.4091
39,9194,兰布尔,Lumbres,Lumbres,62534,2552,1,2.1225,50.7058,0.453
39,9144,埃佩勒克,Éperlecques,Éperlecques,62297,2058,1,2.1544,50.8057,0.3322
40,9071,桑加特,Sangatte,Sangatte,62774,2711,1,1.7591,50.9474,1.4844
45,9143,兰克桑,Rinxent,Rinxent,62711,2979,1,1.7391,50.8047,0.1115
45,9149,维姆勒,Wimereux,Wimereux,62893,2574,1,1.6114,50.7698,1.4082
45,9225,圣艾蒂安欧蒙,Saint-Étienne-au-Mont,Saint-Étienne-au-Mont,62746,2548,1,1.6256,50.6815,0.2763
45,5870,萨梅尔,Samer,Samer,62773,2322,1,1.7454,50.6398,0.2131
51,9234,克鲁瓦,Croix,Croix,59163,20310,3,3.156,50.6804,0.557
51,2857,朗贝萨尔,Lambersart,Lambersart,59328,16182,3,3.0212,50.6474,0.5858
51,9268,洛斯,Loos,Loos,59360,14318,3,3.0148,50.6151,0.4185
55,9316,讷莱米讷,Nœux-les-Mines,Nœux-les-Mines,62617,12156,3,2.6623,50.4809,0.5417
55,9286,利莱尔,Lillers,Lillers,62516,8314,3,2.4815,50.5633,0.1232
55,4906,圣沃南,Saint-Venant,Saint-Venant,62770,4184,1,2.5491,50.6239,0.2787
56,3197,弗吕日,Fruges,Fruges,62364,2796,1,2.134,50.5129,0.3636
56,1926,卡米耶,Camiers,Camiers,62201,1865,1,1.613,50.5689,0.82
56,2428,欧希莱埃丹,Auchy-lès-Hesdin,Auchy-lès-Hesdin,62050,1821,1,2.1015,50.3991,0.3753
60,9422,阿希库尔,Achicourt,Achicourt,62004,3753,1,2.7579,50.2731,0.2754
60,9444,欧克西勒沙托,Auxi-le-Château,Auxi-le-Château,62060,2972,1,2.1182,50.2316,0.2238
60,9515,巴波姆,Bapaume,Bapaume,62080,2833,1,2.8496,50.104,0.5486
60,2893,阿尔图瓦地区维特里,Vitry-en-Artois,Vitry-en-Artois,62865,2764,1,2.9811,50.3262,0.2092
61,8198,赖姆,Raismes,Raismes,59491,12133,3,3.4831,50.3912,0.5319
61,2977,埃斯科河畔布吕埃,Bruay-sur-l'Escaut,Bruay-sur-l'Escaut,59112,9144,3,3.5372,50.3976,0.1017
61,8190,旧孔代,Vieux-Condé,Vieux-Condé,59616,9067,3,3.5689,50.4582,0.4058
62,9362,欧比,Auby,Auby,59028,7245,3,3.0572,50.4152,0.5347
62,3635,奥尔希,Orchies,Orchies,59449,5046,3,3.2425,50.4746,0.3375
62,4742,弗利讷莱拉什,Flines-lez-Raches,Flines-lez-Raches,59239,4337,1,3.1835,50.4272,0.4201
62,9360,马尔希耶讷,Marchiennes,Marchiennes,59375,3390,1,3.2817,50.408,0.4113
63,9337,比利莱米讷,Bully-les-Mines,Bully-les-Mines,62186,9249,3,2.7168,50.4436,0.5252
63,6835,温格勒,Wingles,Wingles,62895,7306,3,2.8535,50.4948,0.4371
63,606,瓦尼,Oignies,Oignies,62637,7125,3,2.9919,50.4686,0.4143
67,9490,索姆河畔圣瓦莱里,Saint-Valery-sur-Somme,Saint-Valery-sur-Somme,80721,3004,1,1.6298,50.1885,0.5059
67,9506,梅尔莱班,Mers-les-Bains,Mers-les-Bains,80533,2907,1,1.3894,50.066,3.727
67,9447,勒克罗图瓦,Le Crotoy,Le Crotoy,80228,2894,1,1.626,50.2148,3.9002
67,3085,加马什,Gamaches,Gamaches,80373,2855,1,1.5599,49.9858,0.2552
68,9414,热蒙,Jeumont,Jeumont,59324,6809,3,4.099,50.2975,0.4539
68,8837,大费里耶尔,Ferrière-la-Grande,Ferrière-la-Grande,59230,4269,1,3.9932,50.2536,0.5435
68,9512,朗德勒西,Landrecies,Landrecies,59331,4027,1,3.6916,50.1252,0.308
69,9475,索莱姆,Solesmes,Solesmes,59571,5750,3,3.4976,50.1853,0.4252
69,9456,阿韦讷莱欧贝尔,Avesnes-les-Aubert,Avesnes-les-Aubert,59037,4420,1,3.3783,50.1977,0.3267
69,9450,伊维,Iwuy,Iwuy,59322,3461,1,3.3215,50.2328,0.3025
69,8197,比西尼,Busigny,Busigny,59118,3240,1,3.4694,50.0348,0.1465
70,9656,维莱布勒托讷,Villers-Bretonneux,Villers-Bretonneux,80799,3397,1,2.518,49.8682,0.2207
70,7685,弗利克斯库尔,Flixecourt,Flixecourt,80318,2822,1,2.0814,50.0149,0.3424
70,7783,博瓦勒,Beauval,Beauval,80071,2195,1,2.3299,50.1061,0.3462
72,9588,菲梅,Fumay,Fumay,08185,4940,1,4.7062,49.9943,0.4802
72,9652,蒙泰尔梅,Monthermé,Monthermé,08302,3705,1,4.7306,49.8867,0.3252
72,1798,维莱瑟默斯,Villers-Semeuse,Villers-Semeuse,08480,2740,1,4.7469,49.7424,0.1457
72,9768,默兹河畔努维翁,Nouvion-sur-Meuse,Nouvion-sur-Meuse,08327,2375,1,4.7915,49.6994,0.0708
73,7099,内勒,Nesle,Nesle,80585,2229,1,2.9102,49.7574,0.1846
73,1465,桑泰尔地区罗西耶尔,Rosières-en-Santerre,Rosières-en-Santerre,80680,2118,1,2.7022,49.8129,4.3139
73,2929,鲁瓦塞尔,Roisel,Roisel,80677,1711,1,3.0979,49.9466,0.4874
73,9741,埃普维尔,Eppeville,Eppeville,80274,1696,1,3.0514,49.7416,0.196
74,9749,讷沙泰勒,Neufchâtel,Neufchâtel-en-Bray,76462,4148,1,1.4422,49.733,0.4627
74,16,科地区圣瓦莱里,Saint-Valery-en-Caux,Saint-Valery-en-Caux,76655,2566,1,0.712,49.8687,0.4906
74,8398,欧马勒,Aumale,Aumale,76035,2350,1,1.7521,49.7686,0.4416
74,9661,圣尼古拉达利耶蒙,Saint-Nicolas-d'Aliermont,Saint-Nicolas-d'Aliermont,76624,2275,1,1.2208,49.8794,0.547
75,9602,圣米歇尔,Saint-Michel,Saint-Michel,02684,5119,3,4.1337,49.9187,0.5814
75,9556,勒努维翁,Le Nouvion,Le Nouvion-en-Thiérache,02558,2636,1,3.7845,50.0165,0.3894
75,9599,拉卡佩勒,La Capelle,La Capelle,02141,2130,1,3.9168,49.9736,0.2066
75,5889,奥里尼,Origny,Origny-en-Thiérache,02574,1838,1,4.0173,49.8954,0.3631
76,9666,奥里尼圣伯努瓦特,Origny-Sainte-Benoite,Origny-Sainte-Benoite,02575,1961,1,3.4886,49.8404,0.4837
80,2944,利勒博讷,Lillebonne,Lillebonne,76384,5775,3,0.5325,49.5214,0.4823
80,6589,阿尔弗勒尔,Harfleur,Harfleur,76341,5024,3,0.2,49.5078,0.5101
80,9935,圣罗曼德科尔博斯克,Saint-Romain-de-Colbosc,Saint-Romain-de-Colbosc,76647,2173,1,0.3581,49.5291,0.3466
81,9794,栋舍里,Donchery,Donchery,08142,1826,1,4.8745,49.6952,0.1476
83,9901,西松讷,Sissonne,Sissonne,02720,8271,3,3.8914,49.5724,0.2947
83,1791,拉费尔,La Fère,La Fère,02304,3533,1,3.3673,49.6612,0.4278
83,6466,马尔勒,Marle,Marle,02468,2346,1,3.7711,49.7394,0.4485
83,9860,桑斯尼,Sinceny,Sinceny,02719,1961,1,3.2533,49.5984,0.1742
84,3524,达尔内塔勒,Darnétal,Darnétal,76212,7767,3,1.1448,49.4403,0.5839
84,4270,代维尔莱鲁昂,Déville-lès-Rouen,Déville-lès-Rouen,76216,7565,3,1.0496,49.4697,0.393
84,10115,塞纳河畔瓦塞尔,Oissel-sur-Seine,Oissel-sur-Seine,76484,7501,3,1.0897,49.3397,0.1572
85,9839,大克雷沃克尔,Crèvecœur-le-Grand,Crèvecœur-le-Grand,60178,2117,1,2.0768,49.6075,0.2195
85,10220,肖蒙,Chaumont,Chaumont-en-Vexin,60143,1763,1,1.8822,49.2624,0.222
85,735,格朗维利耶,Grandvilliers,Grandvilliers,60286,1584,1,1.9398,49.6654,0.4023
85,8378,瑟里丰坦,Sérifontaine,Sérifontaine,60616,1506,1,1.7684,49.3554,1.5669
88,10097,圣索沃尔勒维孔特,Saint-Sauveur-le-Vicomte,Saint-Sauveur-le-Vicomte,50551,2124,1,-1.53,49.3869,0.2886
88,9882,圣瓦斯特拉乌格,Saint-Vaast-la-Hougue,Saint-Vaast-la-Hougue,50562,2084,1,-1.2682,49.5876,1.6906
88,4614,圣皮埃尔埃格利斯,Saint-Pierre-Église,Saint-Pierre-Église,50539,1565,1,-1.4045,49.6685,0.4992
88,9971,蒙特堡,Montebourg,Montebourg,50341,1542,1,-1.379,49.4874,0.3875
89,5380,拉克鲁瓦圣旺,Lacroix-Saint-Ouen,Lacroix-Saint-Ouen,60338,2012,1,2.7866,49.3553,0.4034
89,10071,埃斯特雷圣但尼,Estrées-Saint-Denis,Estrées-Saint-Denis,60223,1552,1,2.6396,49.4266,0.4924
90,10136,穆伊,Mouy,Mouy,60439,2902,1,2.3209,49.319,0.4857
90,1416,布勒特伊,Breteuil,Breteuil,60104,2359,1,2.2957,49.634,0.4762
90,10171,比里,Bury,Bury,60116,1930,1,2.3434,49.314,0.5011
90,6303,菲茨詹姆斯,Fitz-James,Fitz-James,60234,1705,1,2.4329,49.3892,0.1891
92,5062,默兹河畔蒂耶维尔,Thierville-sur-Meuse,Thierville-sur-Meuse,55505,4100,1,5.3547,49.1675,0.1876
92,9941,蒙梅迪,Montmédy,Montmédy,55351,2491,1,5.3665,49.5195,0.5237
92,4595,埃坦,Étain,Étain,55181,2381,1,5.6365,49.213,0.5198
94,10008,维勒吕普,Villerupt,Villerupt,54580,9041,3,5.9296,49.4711,0.428
94,3086,雅尔尼,Jarny,Jarny,54273,7010,3,5.8824,49.1572,0.0828
94,10013,隆吉永,Longuyon,Longuyon,54322,6630,3,5.6009,49.4459,0.4315
94,10165,蒂克尼厄,Tucquegnieux,Tucquegnieux,54536,3838,1,5.8996,49.3108,0.4674
96,10056,西耶尔克莱班,Sierck-les-Bains,Sierck-les-Bains,57650,1641,1,6.3598,49.4424,0.3629
96,10031,沃尔默朗日莱米讷,Volmerange-les-Mines,Volmerange-les-Mines,57731,1519,1,6.0815,49.4421,0.5689
97,10127,贝勒,Belleu,Belleu,02064,1619,1,3.3352,49.3592,0.3138
97,555,布赖讷,Braine,Braine,02110,1503,1,3.532,49.3411,0.3218
98,10042,欧丹勒蒂什,Audun-le-Tiche,Audun-le-Tiche,57038,6292,3,5.9575,49.4729,0.1026
98,10197,蒙德朗日,Mondelange,Mondelange,57474,2937,1,6.1683,49.2622,0.5642
99,8253,布里奥讷,Brionne,Brionne,27116,2993,1,0.7218,49.1935,0.2996
99,10322,勒讷堡,Le Neubourg,Le Neubourg,27428,2400,1,0.9063,49.1506,5.3911
99,10114,伯兹维尔,Beuzeville,Beuzeville,27065,2207,1,0.3413,49.346,0.56
99,10444,博蒙勒罗热,Beaumont-le-Roger,Beaumont-le-Roger,27051,2020,1,0.7768,49.0806,0.2776
100,10219,日索尔,Gisors,Gisors,27284,5867,3,1.7778,49.2789,0.4585
100,10169,埃特雷帕尼,Étrépagny,Étrépagny,27226,2371,1,1.6119,49.3056,0.4221
100,6146,加永,Gaillon,Gaillon,27275,1968,1,1.3335,49.1607,0.1357
100,5797,蓬德拉尔什,Pont-de-l'Arche,Pont-de-l'Arche,27469,1913,1,1.1583,49.3031,0.5588
101,8001,滨海特鲁维尔,Trouville-sur-Mer,Trouville-sur-Mer,14715,6182,3,0.0811,49.3658,2.4647
101,10228,滨海迪沃,Dives-sur-Mer,Dives-sur-Mer,14225,5300,3,-0.0998,49.2866,1.8476
101,10574,奥尔贝克,Orbec,Orbec,14478,2892,1,0.4048,49.0208,0.4585
105,7522,佩里耶,Périers,Périers,50394,2285,1,-1.4088,49.1856,0.4998
105,10501,阿贡,Agon,Agon-Coutainville,50003,1754,1,-1.577,49.0437,1.5226
105,10624,昂比,Hambye,Hambye,50228,1725,1,-1.2641,48.9489,0.3372
105,3478,克雷昂斯,Créances,Créances,50151,1688,1,-1.5623,49.2009,0.5798
106,7165,隆日维尔莱圣阿沃尔,Longeville-lès-Saint-Avold,Longeville-lès-Saint-Avold,57413,2066,1,6.639,49.1169,0.4287
106,3147,法尔克,Falck,Falck,57205,1880,1,6.6351,49.2249,0.2137
108,5504,瓦卢瓦地区克雷皮,Crépy-en-Valois,Crépy-en-Valois,60176,5654,3,2.8901,49.2362,0.6193
108,10161,蓬圣马克桑斯,Pont-Sainte-Maxence,Pont-Sainte-Maxence,60509,4905,1,2.6049,49.3013,0.0975
108,10349,尚布利,Chambly,Chambly,60139,3490,1,2.2446,49.1661,0.4639
108,10306,古维厄,Gouvieux,Gouvieux,60282,3071,1,2.416,49.1878,0.5561
109,829,乌伊斯特勒昂,Ouistreham,Ouistreham,14488,2790,1,-0.2585,49.2769,0.2345
109,4632,波蒂尼,Potigny,Potigny,14516,2420,1,-0.242,48.9692,0.1621
112,4275,摩泽尔河畔阿尔斯,Ars-sur-Moselle,Ars-sur-Moselle,57032,3526,1,6.0766,49.0771,0.4252
112,7742,圣玛丽欧谢讷,Sainte-Marie-aux-Chênes,Sainte-Marie-aux-Chênes,57620,2421,1,6.0072,49.191,0.3125
112,2352,瓦皮,Woippy,Woippy,57751,1859,1,6.1508,49.1511,0.262
115,10455,利勒阿当,L'Isle-Adam,L'Isle-Adam,95313,4074,1,2.2177,49.1123,0.1379
115,1804,韦克桑地区马尼,Magny-en-Vexin,Magny-en-Vexin,95355,2373,1,1.7872,49.1517,0.2529
115,10417,马里讷,Marines,Marines,95370,1659,1,1.9832,49.1451,0.428
115,10482,塞尔吉,Cergy,Cergy,95127,1573,1,2.0353,49.0525,0.4635
116,10376,洛皮塔勒,L'Hôpital,L'Hôpital,57336,5050,3,6.7321,49.1581,0.2505
116,6029,莫朗日,Morhange,Morhange,57483,4610,1,6.6457,48.9252,0.5688
116,6559,上翁堡,Hombourg-Haut,Hombourg-Haut,57332,2136,1,6.7739,49.1239,0.1814
117,5905,诺南库尔,Nonancourt,Nonancourt,27438,1673,1,1.1914,48.7723,0.2154
117,8659,厄尔地区圣安德烈,Saint-André-de-l'Eure,Saint-André-de-l'Eure,27507,1660,1,1.2732,48.9062,0.0707
118,10395,格罗斯布利德斯特罗夫,Grosbliederstroff,Grosbliederstroff,57260,2306,1,7.0278,49.155,0.4613
118,10535,皮特朗日莱法尔什维莱,Puttelange-lès-Farschviller,Puttelange-aux-Lacs,57556,2068,1,6.9298,49.0532,0.4153
118,10570,蒙布龙,Montbronn,Montbronn,57477,1673,1,7.307,48.993,0.4679
118,456,朗贝尔,Lemberg,Lemberg,57390,1544,1,7.3791,49.0008,0.3431
119,10598,戈内斯,Gonesse,Gonesse,95277,4638,1,2.4499,48.9864,0.4263
119,10558,多蒙,Domont,Domont,95199,3721,1,2.3267,49.0273,0.4392
119,7628,埃赞维尔,Ézanville,Ézanville,95229,2384,1,2.3622,49.032,0.5405
119,10407,维亚尔姆,Viarmes,Viarmes,95652,1671,1,2.3687,49.1259,0.2893
120,6417,阿维兹,Avize,Avize,51029,1879,1,4.0102,48.972,0.3007
120,1613,埃斯特尔奈,Esternay,Esternay,51237,1511,1,3.5584,48.7322,0.6201
121,10636,维勒帕里西,Villeparisis,Villeparisis,77514,5585,3,2.6171,48.9398,2.8079
121,10659,拉费泰苏茹阿尔,La Ferté-sous-Jouarre,La Ferté-sous-Jouarre,77183,4726,1,3.1298,48.9503,0.2931
121,528,克莱苏伊,Claye-Souilly,Claye-Souilly,77118,2030,1,2.6883,48.9461,0.9685
121,10713,南特伊莱莫,Nanteuil-lès-Meaux,Nanteuil-lès-Meaux,77330,1909,1,2.8961,48.9281,0.4928
123,5066,加尔让维尔,Gargenville,Gargenville,78267,1803,1,1.8097,48.9898,0.1621
123,10549,塞纳河畔博尼耶尔,Bonnières-sur-Seine,Bonnières-sur-Seine,78089,1594,1,1.5787,49.0372,0.1914
124,511,莱鲁维尔,Lérouville,Lérouville,55288,1745,1,5.5422,48.7916,0.441
125,11019,昂塞维尔,Ancerville,Ancerville,55010,1738,1,5.0197,48.6348,0.5032
126,444,因格维莱,Ingwiller,Ingwiller,67222,2553,1,7.48,48.8716,0.4662
126,7391,德特维莱,Dettwiller,Dettwiller,67089,2282,1,7.4676,48.7536,0.5248
126,7307,马尔穆捷,Marmoutier,Marmoutier,67283,1732,1,7.3814,48.6912,0.3678
126,10569,埃尔比茨海姆,Herbitzheim,Herbitzheim,67191,1618,1,7.0829,49.0169,0.4905
127,10737,塞尔茨,Seltz,Seltz,67463,1827,1,8.1068,48.8918,0.5311
127,10626,施莱塔勒,Schleithal,Schleithal,67451,1665,1,8.0446,48.9885,0.3236
127,6555,洛泰堡,Lauterbourg,Lauterbourg,67261,1645,1,8.1765,48.9747,0.6104
128,10623,下布龙莱班,Niederbronn-les-Bains,Niederbronn-les-Bains,67324,3497,1,7.643,48.9512,0.3522
128,10795,苏弗勒奈姆,Soufflenheim,Soufflenheim,67472,3471,1,7.9644,48.8297,0.1631
128,915,德吕瑟奈姆,Drusenheim,Drusenheim,67106,2405,1,7.9513,48.7629,0.4608
128,10774,梅尔茨维莱,Mertzwiller,Mertzwiller,67291,2318,1,7.6818,48.8659,0.2916
130,8344,孔弗朗圣奥诺里讷,Conflans-Sainte-Honorine,Conflans-Sainte-Honorine,78172,10283,3,2.0947,48.9938,0.4783
130,10607,塞纳河畔特里埃勒,Triel-sur-Seine,Triel-sur-Seine,78624,3678,1,2.0028,48.9809,0.2829
130,10664,卡里耶尔苏普瓦西,Carrières-sous-Poissy,Carrières-sous-Poissy,78123,2136,1,2.0342,48.9438,0.4719
133,11115,讷沃迈松,Neuves-Maisons,Neuves-Maisons,54397,5070,3,6.1049,48.6159,0.4338
133,10946,圣马克斯,Saint-Max,Saint-Max,54482,4996,1,6.2073,48.7007,0.3017
133,10985,马克塞维尔,Maxéville,Maxéville,54357,4446,1,6.163,48.7125,0.2501
136,10862,圣乔治德格罗塞耶,Saint-Georges-des-Groseillers,Saint-Georges-des-Groseillers,61391,2035,1,-0.5734,48.7702,0.6017
136,6920,隆莱拉拜,Lonlay-l'Abbaye,Lonlay-l'Abbaye,61232,1976,1,-0.7096,48.6452,3.9313
136,11022,尚塞克雷,Champsecret,Champsecret,61091,1537,1,-0.553,48.609,3.2876
136,10962,布里尤兹,Briouze,Briouze,61063,1524,1,-0.3659,48.698,0.4588
137,10840,布里地区图尔南,Tournan-en-Brie,Tournan-en-Brie,77470,2365,1,2.7642,48.7405,7.1957
137,6042,埃斯布利,Esbly,Esbly,77171,2320,1,2.8133,48.901,1.1716
141,1210,拉费泰戈谢,La Ferté-Gaucher,La Ferté-Gaucher,77182,2166,1,3.3058,48.7815,0.6592
141,7360,丰特奈特雷西尼,Fontenay-Trésigny,Fontenay-Trésigny,77192,1575,1,2.8664,48.7069,0.5076
145,11053,瓦尔沙伊德,Walscheid,Walscheid,57742,1710,1,7.149,48.6542,0.5467
145,11001,洛尔坎,Lorquin,Lorquin,57414,1638,1,6.9946,48.6687,0.3567
145,10904,雷丹,Réding,Réding,57566,1524,1,7.0978,48.7452,0.5019
146,3847,特雷吉耶,Tréguier,Tréguier,22362,3090,1,-3.2315,48.7883,0.4431
146,10905,普勒默尔博杜,Pleumeur-Bodou,Pleumeur-Bodou,22198,2766,1,-3.517,48.7738,0.5887
146,5945,潘韦南,Penvénan,Penvénan,22166,2756,1,-3.2972,48.812,0.3513
146,11259,普卢内韦莫埃代克,Plounévez-Moëdec,Plounévez-Moëdec,22228,2622,1,-3.4434,48.5556,0.3942
148,4088,布雷塞,Brécey,Brécey,50074,2198,1,-1.1673,48.724,0.2884
148,3345,巴朗通,Barenton,Barenton,50029,1826,1,-0.8325,48.5994,0.2211
149,4493,维罗弗莱,Viroflay,Viroflay,78686,11108,3,2.1732,48.7997,0.2957
153,10949,维勒克雷讷,Villecresnes,Villecresnes,94075,1803,1,2.5333,48.7219,0.6012
154,11181,普莱兰,Plérin,Plérin,22187,5288,3,-2.7702,48.535,0.2235
154,317,普卢弗拉冈,Ploufragan,Ploufragan,22215,3131,1,-2.7945,48.489,0.3591
154,7912,普莱讷夫,Pléneuf,Pléneuf-Val-André,22186,3112,1,-2.5406,48.5859,0.2647
156,11759,瑟通,Ceton,Ceton,61079,2259,1,0.7476,48.2248,0.4597
156,11490,贝莱姆,Bellême,Bellême,61038,1795,1,0.5616,48.3767,0.5868
156,7117,圣戈比日圣科隆布,Sainte-Gauburge-Sainte-Colombe,Sainte-Gauburge-Sainte-Colombe,61389,1518,1,0.4307,48.7165,5.5179
157,8299,布里地区绍姆,Chaumes-en-Brie,Chaumes-en-Brie,77107,1935,1,2.8422,48.6648,0.2563
158,11147,阿尔帕容,Arpajon,Arpajon,91021,4069,1,2.2476,48.5902,0.3531
158,10994,隆瑞莫,Longjumeau,Longjumeau,91345,3014,1,2.2958,48.6942,0.4191
158,6177,蒙莱里,Montlhéry,Montlhéry,91425,2807,1,2.2701,48.6367,0.2324
158,10982,伊韦特河畔维勒邦,Villebon-sur-Yvette,Villebon-sur-Yvette,91661,1695,1,2.2277,48.7002,0.4664
159,11163,西雷,Cirey,Cirey-sur-Vezouze,54129,2656,1,6.9452,48.5813,0.4865
159,11212,达姆勒维耶尔,Damelevières,Damelevières,54152,2576,1,6.3874,48.5569,0.4265
159,11349,巴东维莱,Badonviller,Badonviller,54040,2192,1,6.8944,48.4977,0.5432
159,73,布拉蒙,Blâmont,Blâmont,54077,1606,1,6.8438,48.5893,0.4675
160,7956,布尔布里亚克,Bourbriac,Bourbriac,22013,3565,1,-3.1884,48.4739,0.3786
160,11486,卡拉克,Callac,Callac,22025,3373,1,-3.4277,48.4045,0.4285
160,11802,格洛梅勒,Glomel,Glomel,22061,3163,1,-3.3942,48.2232,0.3962
160,3880,卢阿尔加,Louargat,Louargat,22135,3067,1,-3.3404,48.5667,0.655
161,7383,蒙热龙,Montgeron,Montgeron,91421,9813,3,2.4605,48.7039,0.3234
161,2311,米伊拉福雷,Milly-la-Forêt,Milly-la-Forêt,91405,2589,1,2.4669,48.4036,0.2657
161,11209,埃松河畔巴朗库尔,Ballancourt-sur-Essonne,Ballancourt-sur-Essonne,91045,2136,1,2.3861,48.5255,0.4569
161,11015,康西苏塞纳尔,Quincy-sous-Sénart,Quincy-sous-Sénart,91514,1505,1,2.5407,48.6714,0.4467
162,11248,朗迪维西欧,Landivisiau,Landivisiau,29105,4518,1,-4.0686,48.5092,0.4571
162,5292,普卢内韦洛克里斯特,Plounévez-Lochrist,Plounévez-Lochrist,29206,3858,1,-4.2117,48.6171,0.3913
162,6676,普卢贡旺,Plougonven,Plougonven,29191,3688,1,-3.7127,48.5208,0.4696
162,11011,普卢加斯努,Plougasnou,Plougasnou,29188,3687,1,-3.7901,48.6954,0.4115
163,7625,马伊勒康,Mailly-le-Camp,Mailly-le-Camp,10216,2871,1,4.1954,48.6718,0.1882
163,3924,塞纳河畔巴尔,Bar-sur-Seine,Bar-sur-Seine,10034,2571,1,4.3736,48.1143,0.5645
163,11202,奥布河畔阿尔西,Arcis-sur-Aube,Arcis-sur-Aube,10006,2455,1,4.1436,48.5377,0.2724
163,11748,埃斯蒂萨克,Estissac,Estissac,10142,1789,1,3.8093,48.2661,0.3813
164,11287,索塞,Ceaucé,Ceaucé,61075,2077,1,-0.6273,48.4971,0.4996
165,11243,布列塔尼地区多勒,Dol-de-Bretagne,Dol-de-Bretagne,35095,4596,1,-1.7535,48.5497,0.1588
165,11468,孔堡,Combourg,Combourg,35085,4523,1,-1.7524,48.41,0.462
165,1711,米尼亚克莫尔旺,Miniac-Morvan,Miniac-Morvan,35179,2505,1,-1.8993,48.5153,0.3942
165,5813,普莱讷富热尔,Pleine-Fougères,Pleine-Fougères,35222,2165,1,-1.5637,48.5337,0.6386
167,7923,布龙,Broons,Broons,22020,2447,1,-2.2621,48.3171,0.3782
167,11299,科尔瑟勒,Corseul,Corseul,22048,2323,1,-2.1675,48.4813,0.3139
167,11667,普卢阿讷,Plouasne,Plouasne,22208,2100,1,-2.0067,48.3002,0.4317
167,6475,普吕莫加,Plumaugat,Plumaugat,22240,2038,1,-2.2393,48.2554,0.4976
168,11439,吉帕瓦,Guipavas,Guipavas,29075,4894,1,-4.401,48.4362,0.1564
168,3041,莱斯讷旺,Lesneven,Lesneven,29124,4300,1,-4.3222,48.5721,0.5825
168,11231,普卢达尔梅佐,Ploudalmézeau,Ploudalmézeau,29178,3802,1,-4.6575,48.5403,0.3932
170,11324,拉布罗克,La Broque,La Broque,67066,2928,1,7.2123,48.4685,0.3994
170,7354,罗斯海姆,Rosheim,Rosheim,67411,2744,1,7.4688,48.496,0.4616
170,11296,维什,Wisches,Wisches,67543,1909,1,7.2695,48.509,0.3219
170,11402,罗托,Rothau,Rothau,67414,1578,1,7.2067,48.4554,0.3237
173,8244,伊尔基希格拉芬斯塔登,Illkirch-Graffenstaden,Illkirch-Graffenstaden,67218,7936,3,7.7109,48.5284,0.3335
173,11332,费盖尔赛姆,Fegersheim,Fegersheim,67137,1936,1,7.6794,48.4895,0.213
173,7561,旺德奈姆,Vendenheim,Vendenheim,67506,1896,1,7.7106,48.6657,0.4646
174,11356,曼维利耶,Mainvilliers,Mainvilliers,28229,2178,1,1.4639,48.4508,0.5002
174,11161,曼特农,Maintenon,Maintenon,28227,2140,1,1.5771,48.5865,0.0123
174,3,图里,Toury,Toury,28391,2054,1,1.9367,48.1962,0.5112
174,1124,埃佩农,Épernon,Épernon,28140,2008,1,1.674,48.6103,0.1749
175,11576,皮赛,Pussay,Pussay,91511,1820,1,1.9947,48.3493,0.2527
175,3251,埃特雷希,Étréchy,Étréchy,91226,1707,1,2.1903,48.4936,0.5067
176,11583,圣但尼德加斯蒂讷,Saint-Denis-de-Gastines,Saint-Denis-de-Gastines,53211,2283,1,-0.8603,48.342,0.3146
176,5156,戈龙,Gorron,Gorron,53107,2232,1,-0.813,48.4117,0.4865
176,11604,维莱讷拉瑞埃勒,Villaines-la-Juhel,Villaines-la-Juhel,53271,1869,1,-0.2809,48.345,0.3476
176,11376,富热罗勒迪普莱西,Fougerolles-du-Plessis,Fougerolles-du-Plessis,53100,1852,1,-0.9725,48.4742,0.4901
177,11953,拉巴佐什古埃,La Bazoche-Gouet,La Bazoche-Gouet,28027,1683,1,0.9796,48.1378,0.5204
178,3653,巴尔斯河畔旺德夫尔,Vendeuvre-sur-Barse,Vendeuvre-sur-Barse,10401,1791,1,4.4646,48.2367,0.4646
179,8303,让泽,Janzé,Janzé,35136,4102,1,-1.4982,47.9594,6.1825
179,8850,卢维涅迪代塞尔,Louvigné-du-Désert,Louvigné-du-Désert,35162,3702,1,-1.1239,48.48,0.4465
179,268,马尔蒂涅费尔绍,Martigné-Ferchaud,Martigné-Ferchaud,35167,3185,1,-1.3175,47.8313,0.273
179,12257,布列塔尼地区拉盖尔什,La Guerche-de-Bretagne,La Guerche-de-Bretagne,35125,3108,1,-1.2294,47.9422,0.5199
180,7909,大利福勒,Liffol-le-Grand,Liffol-le-Grand,88270,2037,1,5.5817,48.3168,0.2443
181,11446,瑟农,Senones,Senones,88451,4435,1,6.9816,48.395,0.2404
181,11509,穆瓦扬穆捷,Moyenmoutier,Moyenmoutier,88319,4266,1,6.9127,48.3796,0.3912
181,6822,弗赖兹,Fraize,Fraize,88181,3594,1,7.0023,48.1851,0.4558
181,3324,布吕耶尔,Bruyères,Bruyères,88078,3549,1,6.7195,48.2112,1.6999
182,11437,阿翁,Avon,Avon,77014,4480,1,2.7205,48.4048,0.1847
182,7113,卢安河畔苏普,Souppes-sur-Loing,Souppes-sur-Loing,77458,2969,1,2.7356,48.1831,0.4262
182,5884,沙托朗东,Château-Landon,Château-Landon,77099,2517,1,2.7045,48.1501,0.2848
182,5831,布瓦勒鲁瓦,Bois-le-Roi,Bois-le-Roi,77037,1943,1,2.6941,48.4763,0.5042
183,5571,奥贝奈,Obernai,Obernai,67348,4094,1,7.4816,48.4622,0.4284
183,4610,邦费尔德,Benfeld,Benfeld,67028,2838,1,7.5952,48.3708,0.425
183,2496,沙特努瓦,Châtenois,Châtenois,67073,2315,1,7.3995,48.2716,0.3646
183,3068,丹巴克拉维尔,Dambach-la-Ville,Dambach-la-Ville,67084,2209,1,7.4251,48.3234,0.3724
185,4035,圣卡莱,Saint-Calais,Saint-Calais,72269,3472,1,0.7427,47.9209,0.0155
185,12428,布赖河畔贝塞,Bessé-sur-Braye,Bessé-sur-Braye,72035,2638,1,0.7525,47.8337,0.5684
185,7872,西耶勒纪尧姆,Sillé-le-Guillaume,Sillé-le-Guillaume,72334,2573,1,-0.1276,48.1832,0.3474
185,3354,维布赖,Vibraye,Vibraye,72373,2307,1,0.7364,48.0593,0.2893
186,11782,普莱班,Pleyben,Pleyben,29162,4562,1,-3.9692,48.226,0.3484
186,11716,普洛内韦迪福,Plonévez-du-Faou,Plonévez-du-Faou,29175,4247,1,-3.8247,48.2523,0.4775
186,4290,沙托讷夫,Châteauneuf,Châteauneuf-du-Faou,29027,3854,1,-3.8128,48.1862,0.3829
186,6465,斯佩泽,Spézet,Spézet,29278,3662,1,-3.7166,48.1926,0.098
187,1909,勒瓦勒达若勒,Le Val-d'Ajol,Le Val-d'Ajol,88487,6320,3,6.4839,47.9262,0.5427
187,11569,朗贝维莱,Rambervillers,Rambervillers,88367,5844,3,6.6354,48.3466,0.4899
187,12181,拉布雷斯,La Bresse,La Bresse,88075,5207,3,6.8738,48.0039,0.3027
187,12231,科尔尼蒙,Cornimont,Cornimont,88116,4705,1,6.838,47.9633,0.1149
188,11864,大圣梅昂,Saint-Méen-le-Grand,Saint-Méen-le-Grand,35297,2814,1,-2.1928,48.1898,0.2113
188,4924,加埃勒,Gaël,Gaël,35117,2567,1,-2.222,48.1317,0.483
188,5502,布吕兹,Bruz,Bruz,35047,2523,1,-1.7461,48.0245,0.1698
189,572,圣瑞利安迪索,Saint-Julien-du-Sault,Saint-Julien-du-Sault,89348,1860,1,3.2962,48.0311,0.4714
189,3817,维勒讷夫拉吉亚尔,Villeneuve-la-Guyard,Villeneuve-la-Guyard,89460,1730,1,3.0659,48.3403,0.3581
191,2989,博讷拉罗朗德,Beaune-la-Rolande,Beaune-la-Rolande,45030,1746,1,2.4293,48.0696,0.4009
193,11924,奥尔贝,Orbey,Orbey,68249,3869,1,7.1601,48.1265,0.3882
193,8324,圣克鲁瓦欧米讷,Sainte-Croix-aux-Mines,Sainte-Croix-aux-Mines,68294,3289,1,7.2262,48.2627,0.0559
193,7195,拉普特鲁瓦,Lapoutroie,Lapoutroie,68175,1801,1,7.1688,48.1524,0.3629
193,11722,利耶普夫尔,Lièpvre,Lièpvre,68185,1783,1,7.282,48.2711,0.547
194,214,博讷瓦勒,Bonneval,Bonneval,28051,3699,1,1.3854,48.1815,0.4167
194,11790,布鲁,Brou,Brou,28061,2763,1,1.1662,48.2113,0.2803
195,7679,古兰,Gourin,Gourin,56066,5737,3,-3.606,48.14,0.3274
195,2265,吉斯克里夫,Guiscriff,Guiscriff,56081,5063,3,-3.6449,48.0487,0.2658
195,12357,博,Baud,Baud,56010,4443,1,-3.0213,47.8741,0.3194
195,6622,朗戈内,Langonnet,Langonnet,56100,4358,1,-3.4919,48.1037,0.296
196,12098,伊夫雷莱韦克,Yvré-l'Évêque,Yvré-l'Évêque,72386,2230,1,0.2706,48.0139,0.5659
196,12202,尚热,Changé,Changé,72058,2190,1,0.2807,47.9871,0.338
196,12300,特洛谢,Teloché,Teloché,72350,1686,1,0.2681,47.8888,0.4264
196,11900,萨尔特河畔圣雅姆,Sainte-Jamme-sur-Sarthe,Sainte-Jamme-sur-Sarthe,72289,1678,1,0.1667,48.1405,0.4383
197,244,新布里萨克,Neuf-Brisach,Neuf-Brisach,68231,2150,1,7.5303,48.018,0.162
197,99,沃尔盖尔赛姆,Volgelsheim,Volgelsheim,68352,1866,1,7.5559,48.0157,0.5902
197,4877,埃吉赛姆,Eguisheim,Eguisheim,68078,1507,1,7.3096,48.042,0.4544
198,5075,萨尔佐,Sarzeau,Sarzeau,56240,4009,1,-2.7686,47.5278,0.2169
198,12542,埃尔旺,Elven,Elven,56053,3325,1,-2.5908,47.7306,0.4402
198,12864,尼维亚克,Nivillac,Nivillac,56147,3073,1,-2.2816,47.5354,0.4887
198,443,塞朗,Sérent,Sérent,56244,2898,1,-2.5063,47.8225,0.403
199,4815,阿米伊,Amilly,Amilly,45004,3317,1,2.7676,47.9743,0.6143
199,6599,库尔特奈,Courtenay,Courtenay,45115,2537,1,3.0587,48.0397,0.6425
199,3686,卢瓦尔河畔沙蒂永,Châtillon-sur-Loire,Châtillon-sur-Loire,45087,2532,1,2.7529,47.5905,0.4932
199,12751,库隆,Coullons,Coullons,45108,2355,1,2.4923,47.6195,0.5572
200,12085,斯凯尔,Scaër,Scaër,29274,7402,3,-3.7022,48.0265,0.462
200,12391,潘马尔克,Penmarch,Penmarch,29158,6956,3,-4.3374,47.8124,0.4212
200,12134,普卢伊内克,Plouhinec,Plouhinec,29197,6573,3,-4.4878,48.015,0.7855
201,3052,博让西,Beaugency,Beaugency,45028,3560,1,1.6316,47.778,0.5146
201,12381,卢瓦尔河畔默恩,Meung-sur-Loire,Meung-sur-Loire,45203,3164,1,1.698,47.8285,0.6318
201,1936,卢瓦尔河畔沙托讷夫,Châteauneuf-sur-Loire,Châteauneuf-sur-Loire,45082,3069,1,2.2167,47.8641,0.5731
201,12293,圣让德布赖,Saint-Jean-de-Braye,Saint-Jean-de-Braye,45284,2642,1,1.9709,47.9121,0.2405
204,12581,图西,Toucy,Toucy,89419,2566,1,3.2943,47.7351,0.4685
204,12580,布莱诺,Bléneau,Bléneau,89046,1651,1,2.9485,47.7008,0.2693
205,12496,马耶,Mayet,Mayet,72191,2947,1,0.275,47.759,0.3551
205,1495,萨尔特河畔拉叙兹,La Suze-sur-Sarthe,La Suze-sur-Sarthe,72346,2191,1,0.0261,47.8897,0.4369
205,12520,普雷西涅,Précigné,Précigné,72244,2146,1,-0.3245,47.7665,0.5389
205,12343,努瓦扬,Noyen,Noyen-sur-Sarthe,72223,2120,1,-0.097,47.8725,0.3817
206,8820,沙兰德雷,Chalindrey,Chalindrey,52093,2184,1,5.4261,47.8044,0.281
207,1469,皮普里亚克,Pipriac,Pipriac,35219,3161,1,-1.9464,47.8092,0.3197
207,12575,格朗富热雷,Grand-Fougeray,Grand-Fougeray,35124,2829,1,-1.7316,47.7224,0.5039
207,7034,吉尚,Guichen,Guichen,35126,2751,1,-1.7967,47.9661,0.4627
207,4936,吉尼昂,Guignen,Guignen,35127,2322,1,-1.8616,47.9194,0.3426
208,12562,普勒默尔,Ploemeur,Ploemeur,56162,9547,3,-3.4263,47.7368,0.4975
208,12676,欧赖,Auray,Auray,56007,7088,3,-2.9836,47.6665,0.5085
208,8234,普吕维涅,Pluvigner,Pluvigner,56177,5377,3,-3.0096,47.7774,0.4671
208,4231,安赞扎克,Inzinzac,Inzinzac-Lochrist,56090,4977,1,-3.2666,47.8439,0.3084
209,12945,欧苏瓦地区瑟米尔,Semur-en-Auxois,Semur-en-Auxois,21603,3017,1,4.3325,47.4902,0.1896
209,12889,沃讷雷,Venarey,Venarey-les-Laumes,21663,2590,1,4.448,47.5426,0.4891
210,12389,昂西赛姆,Ensisheim,Ensisheim,68082,3606,1,7.3519,47.866,0.4229
210,12267,比尔,Buhl,Buhl,68058,2635,1,7.1866,47.9281,0.238
211,774,龙尚,Ronchamp,Ronchamp,70451,3128,1,6.633,47.7003,0.5845
211,12628,尚帕涅,Champagney,Champagney,70120,3300,1,6.6844,47.7051,0.4888
211,12297,瑟穆兹河畔圣卢,Saint-Loup-sur-Semouse,Saint-Loup-sur-Semouse,70467,2643,1,6.2734,47.885,0.3131
211,8588,艾耶维莱埃利约蒙,Aillevillers-et-Lyaumont,Aillevillers-et-Lyaumont,70006,2407,1,6.3374,47.919,0.4333
212,12972,阿尔克,Arc,Arc-lès-Gray,70026,2681,1,5.5842,47.4567,0.4333
212,7200,索恩河畔波尔,Port-sur-Saône,Port-sur-Saône,70421,1667,1,6.0426,47.6887,0.1432
213,3565,维讷伊,Vineuil,Vineuil,41295,1810,1,1.3777,47.5811,0.4852
213,12937,库尔舍韦尼,Cour-Cheverny,Cour-Cheverny,41067,1770,1,1.4575,47.5087,0.3915
214,2669,穆什,Moosch,Moosch,68217,2145,1,7.0484,47.86,0.346
214,8068,圣阿马兰,Saint-Amarin,Saint-Amarin,68292,2001,1,7.0315,47.8737,0.0366
216,4890,科塞勒维维安,Cossé-le-Vivien,Cossé-le-Vivien,53077,2443,1,-0.9128,47.9446,0.3137
216,12324,梅莱迪曼,Meslay-du-Maine,Meslay-du-Maine,53152,1638,1,-0.5564,47.9502,5.2742
216,12467,安茹地区圣但尼,Saint-Denis-d'Anjou,Saint-Denis-d'Anjou,53210,1569,1,-0.4434,47.7906,0.4898
217,1574,里克赛姆,Rixheim,Rixheim,68278,4209,1,7.3967,47.7445,0.2033
217,12644,齐利赛姆,Zillisheim,Zillisheim,68384,1904,1,7.2937,47.6962,0.5612
217,12692,巴尔特奈姆,Bartenheim,Bartenheim,68021,1857,1,7.4754,47.6356,0.4988
218,12866,普莱塞,Plessé,Plessé,44128,4264,1,-1.8849,47.5423,0.4365
218,12977,埃德尔河畔诺尔,Nort-sur-Erdre,Nort-sur-Erdre,44110,4182,1,-1.5011,47.4396,0.4449
218,4484,诺泽,Nozay,Nozay,44113,3338,1,-1.6268,47.5647,0.4073
218,8138,埃里克,Héric,Héric,44073,3054,1,-1.6515,47.412,0.2018
219,2160,当茹坦,Danjoutin,Danjoutin,90032,3071,1,6.8627,47.6178,0.356
219,5058,格朗维拉尔,Grandvillars,Grandvillars,90053,2823,1,6.9683,47.537,0.4313
219,12836,沙特努瓦莱福尔日,Châtenois-les-Forges,Châtenois-les-Forges,90022,2160,1,6.8522,47.5578,0.0428
219,4032,巴维利耶,Bavilliers,Bavilliers,90008,1717,1,6.8339,47.6208,0.6552
220,12867,康代,Candé,Candé,49054,1763,1,-1.041,47.556,0.4065
220,12814,贝孔莱格拉尼,Bécon-les-Granits,Bécon-les-Granits,49026,1611,1,-0.8019,47.502,6.5922
222,13009,莱蓬德塞,Les Ponts-de-Cé,Les Ponts-de-Cé,49246,3999,1,-0.5246,47.4246,0.3807
222,3013,卢瓦尔河畔沙洛讷,Chalonnes-sur-Loire,Chalonnes-sur-Loire,49063,3428,1,-0.7623,47.3518,0.304
222,6506,迪尔塔勒,Durtal,Durtal,49127,2795,1,-0.2437,47.6709,0.4237
222,12949,安茹地区圣巴泰勒米,Saint-Barthélemy-d'Anjou,Saint-Barthélemy-d'Anjou,49267,1961,1,-0.4962,47.4686,0.4999
224,12738,拉莫特伯夫龙,Lamotte-Beuvron,Lamotte-Beuvron,41106,2876,1,2.0254,47.6016,0.3796
224,13216,圣艾尼昂,Saint-Aignan,Saint-Aignan,41198,2723,1,1.3723,47.2679,0.0886
224,12897,努昂勒菲兹利耶,Nouan-le-Fuzelier,Nouan-le-Fuzelier,41161,1882,1,2.0385,47.5365,0.4894
224,4639,维勒弗朗什,Villefranche,Villefranche-sur-Cher,41280,1583,1,1.7717,47.2934,0.3645
225,8559,武夫赖,Vouvray,Vouvray,37281,2249,1,0.7993,47.4121,0.4201
225,13053,卢瓦尔河畔蒙路易,Montlouis-sur-Loire,Montlouis-sur-Loire,37156,2115,1,0.8274,47.3882,0.4333
225,1835,阿宰勒里多,Azay-le-Rideau,Azay-le-Rideau,37014,1827,1,0.4664,47.2625,7.1285
225,1067,罗什科尔邦,Rochecorbon,Rochecorbon,37203,1821,1,0.7545,47.4141,0.2394
226,8162,舍诺夫,Chenôve,Chenôve,21166,2388,1,5.0056,47.2939,0.3713
226,8680,普隆比耶尔莱第戎,Plombières-lès-Dijon,Plombières-lès-Dijon,21485,1637,1,4.9722,47.3395,0.1866
229,4200,沃南特,Vernantes,Vernantes,49368,1784,1,0.0529,47.3938,0.4001
229,13212,阿洛讷,Allonnes,Allonnes,49002,1774,1,0.0237,47.2931,0.5189
229,8255,丰特夫罗拉拜,Fontevrault-l'Abbaye,Fontevraud-l'Abbaye,49140,1703,1,0.0496,47.1818,0.154
230,12805,索尔德尔河畔阿尔让,Argent-sur-Sauldre,Argent-sur-Sauldre,18011,2392,1,2.4445,47.5592,0.3146
230,7309,格拉赛,Graçay,Graçay,18103,2145,1,1.846,47.1422,0.3605
230,13373,弗埃西,Foëcy,Foëcy,18096,1680,1,2.1593,47.1782,0.312
230,12857,索尔德尔河畔布里农,Brinon-sur-Sauldre,Brinon-sur-Sauldre,18037,1603,1,2.2533,47.5677,0.511
231,5833,埃德尔河畔茹埃,Joué-sur-Erdre,Joué-sur-Erdre,44077,2302,1,-1.4203,47.4965,0.4623
231,13051,利涅,Ligné,Ligné,44082,2010,1,-1.3762,47.412,0.2408
231,13007,梅桑热,Mésanger,Mésanger,44096,2002,1,-1.2288,47.4312,0.3989
231,8133,勒瑟利耶,Le Cellier,Le Cellier,44028,1806,1,-1.3488,47.3258,0.2989
234,4163,东济,Donzy,Donzy,58102,2159,1,3.1221,47.3711,0.404
234,13240,普伊,Pouilly,Pouilly-sur-Loire,58215,1958,1,2.9556,47.2839,0.1204
234,12881,皮赛地区圣阿芒,Saint-Amand-en-Puisaye,Saint-Amand-en-Puisaye,58227,1690,1,3.0733,47.5291,0.4993
237,13023,蓬沙托,Pontchâteau,Pontchâteau,44129,4518,1,-2.0896,47.4368,0.2724
237,3367,圣若阿尚,Saint-Joachim,Saint-Joachim,44168,3959,1,-2.2002,47.3823,0.3145
237,13153,布列塔尼地区蒙图瓦尔,Montoir-de-Bretagne,Montoir-de-Bretagne,44103,3592,1,-2.1502,47.3273,0.1185
237,7773,圣布勒万莱潘,Saint-Brevin-les-Pins,Saint-Brevin-les-Pins,44154,3387,1,-2.1678,47.2475,3.2944
239,13005,瓦朗蒂涅,Valentigney,Valentigney,25580,5488,3,6.8375,47.4614,0.1244
239,13266,迈什,Maîche,Maîche,25356,2708,1,6.8016,47.2523,0.5451
239,4202,杜河畔利勒,L'Isle-sur-le-Doubs,L'Isle-sur-le-Doubs,25315,2522,1,6.5792,47.4511,0.312
239,12882,费什勒沙泰勒,Fesches-le-Châtel,Fesches-le-Châtel,25237,2236,1,6.9126,47.5222,0.9458
240,13111,瓦尔济,Varzy,Varzy,58304,1614,1,3.3883,47.3589,0.1542
242,13192,昂里什蒙,Henrichemont,Henrichemont,18109,2375,1,2.5244,47.3037,0.1148
242,13438,塞普坦地区法尔日,Farges-en-Septaine,Farges-en-Septaine,18092,2185,1,2.6505,47.0731,0.495
242,3593,桑塞尔,Sancerre,Sancerre,18241,2143,1,2.8396,47.3296,0.3002
242,4207,圣马尔坦多西尼,Saint-Martin-d'Auxigny,Saint-Martin-d'Auxigny,18223,1604,1,2.4172,47.2044,0.6407
245,13276,卢瓦尔河畔舒泽,Chouzé-sur-Loire,Chouzé-sur-Loire,37074,1882,1,0.1275,47.2364,0.4902
245,13386,圣埃潘,Saint-Épain,Saint-Épain,37216,1686,1,0.5367,47.1446,0.4945
245,13082,桑马尔拉皮勒,Cinq-Mars-la-Pile,Cinq-Mars-la-Pile,37077,1613,1,0.4605,47.3479,0.2446
248,2254,埃夫尔河畔勒迈,Le May-sur-Èvre,Le May-sur-Èvre,49193,2064,1,-0.8929,47.1382,0.4475
248,5120,莫莱夫里耶,Maulévrier,Maulévrier,49192,1565,1,-0.7452,47.007,0.2793
248,13409,特雷芒蒂讷,Trémentines,Trémentines,49355,1540,1,-0.7865,47.1223,0.6477
249,13301,圣埃尔布兰,Saint-Herblain,Saint-Herblain,44162,4678,1,-1.6484,47.2111,0.4061
249,8621,瓦莱,Vallet,Vallet,44212,4057,1,-1.2664,47.1615,0.2631
249,13200,圣艾蒂安德蒙吕克,Saint-Étienne-de-Montluc,Saint-Étienne-de-Montluc,44158,3629,1,-1.7811,47.2742,0.5111
251,13728,塞尔西拉图尔,Cercy-la-Tour,Cercy-la-Tour,58046,2114,1,3.6454,46.8698,0.4667
251,13602,维拉普尔松,Villapourçon,Villapourçon,58309,1671,1,3.96,46.9507,0.321
251,3350,乌鲁,Ouroux,Ouroux-en-Morvan,58205,1631,1,3.9469,47.1852,0.5539
252,236,阿尔奈勒迪克,Arnay-le-Duc,Arnay-le-Duc,21023,1972,1,4.4859,47.1306,0.3927
252,13552,默尔索,Meursault,Meursault,21412,1768,1,4.7688,46.9783,0.3622
252,13419,平原地区布拉泽,Brazey-en-Plaine,Brazey-en-Plaine,21103,1686,1,5.2159,47.1336,0.1854
256,13384,瓦尔达翁,Valdahon,Valdahon,25578,2126,1,6.3457,47.1475,0.1753
258,8287,勒伊,Reuilly,Reuilly,36171,1918,1,2.0415,47.0854,0.0334
258,13377,普莱讷,Poulaines,Poulaines,36162,1524,1,1.6618,47.152,0.1599
259,1896,热尼耶,Genillé,Genillé,37111,1665,1,1.0934,47.1848,0.5568
259,7147,克莱兹河畔普勒伊,Preuilly-sur-Claise,Preuilly-sur-Claise,37189,1601,1,0.929,46.8543,0.5684
259,692,大普雷西尼,Le Grand-Pressigny,Le Grand-Pressigny,37113,1595,1,0.8034,46.9205,0.6
259,13786,克勒兹河畔伊泽尔,Yzeures-sur-Creuse,Yzeures-sur-Creuse,37282,1520,1,0.8695,46.7852,0.4689
260,13549,安德尔河畔沙蒂永,Châtillon-sur-Indre,Châtillon-sur-Indre,36045,3376,1,1.1735,46.9871,0.4126
260,13332,瓦朗赛,Valençay,Valençay,36228,2762,1,1.568,47.1607,0.3204
260,5236,安德尔河畔维勒迪厄,Villedieu-sur-Indre,Villedieu-sur-Indre,36241,2547,1,1.5373,46.8473,0.3405
260,3361,阿尔当特,Ardentes,Ardentes,36005,2247,1,1.8322,46.7424,0.37
262,13785,德西兹,Decize,Decize,58095,4134,1,3.4613,46.8284,0.3449
262,13594,安菲,Imphy,Imphy,58134,3844,1,3.2603,46.9337,0.0201
262,8307,盖里尼,Guérigny,Guérigny,58131,2868,1,3.1941,47.0875,0.2833
262,2238,圣皮埃尔勒穆捷,Saint-Pierre-le-Moûtier,Saint-Pierre-le-Moûtier,58264,2164,1,3.117,46.7898,0.2933
266,13870,桑维涅莱米讷,Sanvignes-les-Mines,Sanvignes-les-Mines,71499,5910,3,4.2901,46.6664,4.4682
266,13794,蒙沙南莱米讷,Montchanin-les-Mines,Montchanin,71310,5247,3,4.4698,46.7483,2.2923
266,13563,埃皮纳克莱米讷,Épinac-les-Mines,Épinac,71190,4143,1,4.5135,46.9908,0.4499
266,5404,库什莱米讷,Couches-les-Mines,Couches,71149,1748,1,4.574,46.869,0.3184
267,355,圣瓦朗,Saint-Varent,Saint-Varent,79299,2288,1,-0.2341,46.8908,0.1029
267,6855,库尔莱,Courlay,Courlay,79103,2179,1,-0.5652,46.7787,0.4705
267,523,瑟里泽,Cerizay,Cerizay,79062,1972,1,-0.67,46.8208,0.413
267,13762,拉沙佩勒圣洛朗,La Chapelle-Saint-Laurent,La Chapelle-Saint-Laurent,79076,1654,1,-0.477,46.7462,3.8002
268,5157,维河畔勒普瓦雷,Le Poiré-sur-Vie,Le Poiré-sur-Vie,85178,3703,1,-1.5091,46.768,0.5034
268,13616,塞夫尔河畔圣洛朗,Saint-Laurent-sur-Sèvre,Saint-Laurent-sur-Sèvre,85238,3251,1,-0.8865,46.9595,0.4892
268,2267,沙瓦涅昂帕耶,Chavagnes-en-Paillers,Chavagnes-en-Paillers,85065,2905,1,-1.2502,46.8928,0.4777
268,13781,穆尚,Mouchamps,Mouchamps,85153,2651,1,-1.0637,46.7785,0.4131
269,13600,欧布瓦河畔拉盖尔什,La Guerche-sur-l'Aubois,La Guerche-sur-l'Aubois,18108,3003,1,2.9448,46.9513,0.6612
269,4422,沙托梅扬,Châteaumeillant,Châteaumeillant,18057,2930,1,2.1953,46.56,0.1255
269,13838,利尼耶尔,Lignières,Lignières,18127,2025,1,2.1761,46.7506,0.3101
269,13508,欧布瓦河畔茹埃,Jouet-sur-l'Aubois,Jouet-sur-l'Aubois,18118,1974,1,2.9878,47.0454,0.3152
272,13858,圣伊莱尔德里耶,Saint-Hilaire-de-Riez,Saint-Hilaire-de-Riez,85226,3308,1,-1.9459,46.7203,0.432
272,13683,拉加尔纳什,La Garnache,La Garnache,85096,2888,1,-1.8304,46.8913,0.2752
272,502,苏朗,Soullans,Soullans,85284,2345,1,-1.9018,46.7958,0.5371
272,4615,博瓦尔,Beauvoir,Beauvoir-sur-Mer,85018,2290,1,-2.0415,46.9148,0.282
276,14017,萨日,Sagy,Sagy,71379,2005,1,5.308,46.5994,0.5564
276,13889,圣于叙日,Saint-Usuge,Saint-Usuge,71484,1871,1,5.2503,46.6779,0.3562
276,8047,梅尔旺,Mervans,Mervans,71295,1783,1,5.1868,46.8002,0.4042
276,14144,瓦雷讷圣索沃尔,Varennes-Saint-Sauveur,Varennes-Saint-Sauveur,71558,1566,1,5.2421,46.4821,0.5536
279,5143,大塞讷塞,Sennecey-le-Grand,Sennecey-le-Grand,71512,2001,1,4.8697,46.6377,0.4059
279,13807,吉夫里,Givry,Givry,71221,1899,1,4.7451,46.7823,0.2745
279,13723,德讷河畔圣莱热,Saint-Léger-sur-Dheune,Saint-Léger-sur-Dheune,71442,1533,1,4.6375,46.8476,0.3003
279,7972,比克西,Buxy,Buxy,71070,1508,1,4.6948,46.7116,0.3544
282,8427,图尔农圣马尔坦,Tournon-Saint-Martin,Tournon-Saint-Martin,36224,1591,1,0.9532,46.7355,0.4453
282,13721,阿宰勒费龙,Azay-le-Ferron,Azay-le-Ferron,36010,1549,1,1.0696,46.8518,0.3768
282,8514,马尔蒂泽,Martizay,Martizay,36113,1503,1,1.0433,46.8071,0.4099
284,13997,瑟孔迪尼,Secondigny,Secondigny,79311,2146,1,-0.4193,46.6107,0.1747
284,13875,泰讷泽,Thénezay,Thénezay,79326,1865,1,-0.0263,46.7193,0.2757
284,4769,圣欧班勒克卢,Saint-Aubin-le-Cloud,Saint-Aubin-le-Cloud,79239,1620,1,-0.3558,46.6508,0.3309
286,5706,普佐日,Pouzauges,Pouzauges,85182,3338,1,-0.8373,46.7826,0.2938
286,13760,勒布佩尔,Le Boupère,Le Boupère,85031,2370,1,-0.9266,46.7935,0.192
286,14253,圣米歇尔昂莱尔姆,Saint-Michel-en-l'Herm,Saint-Michel-en-l'Herm,85255,2065,1,-1.2524,46.3529,0.1896
286,8608,纳耶,Nalliers,Nalliers,85159,1996,1,-1.0307,46.4701,0.2851
288,8418,圣索旺,Saint-Sauvant,Saint-Sauvant,86244,2455,1,0.0553,46.3596,0.1489
288,4086,鲁耶,Rouillé,Rouillé,86213,2288,1,0.0404,46.4194,0.2542
288,3661,维沃讷,Vivonne,Vivonne,86293,2106,1,0.2585,46.4263,0.403
288,5597,吕西尼昂,Lusignan,Lusignan,86139,2016,1,0.1228,46.4349,0.2753
289,14142,比克西耶尔莱米讷,Buxières-les-Mines,Buxières-les-Mines,03046,2312,1,2.9602,46.4691,0.2559
289,4858,阿列地区努瓦扬,Noyant-d'Allier,Noyant-d'Allier,03202,1601,1,3.1249,46.479,0.0922
289,14086,苏维尼,Souvigny,Souvigny,03275,2315,1,3.1923,46.534,0.2042
290,7699,奥尔塞讷,Orsennes,Orsennes,36146,1902,1,1.6837,46.476,0.3852
290,6778,圣但尼德茹埃,Saint-Denis-de-Jouhet,Saint-Denis-de-Jouhet,36189,1782,1,1.8692,46.531,0.3293
290,6552,克吕伊,Cluis,Cluis,36056,1707,1,1.7501,46.5439,0.1456
290,14141,克勒旺,Crevant,Crevant,36060,1525,1,1.9463,46.4873,0.4576
291,13980,格尼翁,Gueugnon,Gueugnon,71230,5487,3,4.0632,46.6007,0.2994
291,14013,波旁朗西,Bourbon-Lancy,Bourbon-Lancy,71047,4595,1,3.7739,46.6194,0.4612
291,2910,绍法耶,Chauffailles,Chauffailles,71120,3625,1,4.3379,46.2076,0.3291
291,14314,马尔西尼,Marcigny,Marcigny,71275,2234,1,4.0417,46.276,0.589
292,14223,多梅拉,Domérat,Domérat,03101,3019,1,2.5362,46.3601,0.1892
292,6126,塞里伊,Cérilly,Cérilly,03048,2300,1,2.8222,46.6178,0.264
292,14261,于里埃勒,Huriel,Huriel,03128,2155,1,2.4784,46.3734,0.4114
292,6300,阿列地区科讷,Cosne-d'Allier,Cosne-d'Allier,03084,2106,1,2.8304,46.475,0.4775
294,14478,西夫赖,Civray,Civray,86078,2522,1,0.2952,46.1488,0.4777
294,8025,普瓦图地区于松,Usson-du-Poitou,Usson-du-Poitou,86276,2109,1,0.5309,46.277,0.0986
294,4410,阿瓦耶利穆济讷,Availles-Limouzine,Availles-Limouzine,86015,1913,1,0.6578,46.1206,0.3573
294,905,吕萨克莱沙托,Lussac-les-Châteaux,Lussac-les-Châteaux,86140,1767,1,0.7251,46.4038,0.3825
296,6036,山区穆瓦朗,Moirans-en-Montagne,Moirans-en-Montagne,39333,1532,1,5.7253,46.4311,0.5241
297,2405,罗马奈什托兰,Romanèche-Thorins,Romanèche-Thorins,71372,1695,1,4.7334,46.189,0.5906
299,3116,勒泽,Lezay,Lezay,79148,2331,1,-0.0115,46.266,0.1414
299,4085,拉莫特圣埃赖,La Mothe-Saint-Héray,La Mothe-Saint-Héray,79184,1977,1,-0.1129,46.3605,0.555
299,14354,丰特奈罗昂罗昂,Frontenay-Rohan-Rohan,Frontenay-Rohan-Rohan,79130,1669,1,-0.5401,46.2539,0.3513
299,14234,庞普鲁,Pamproux,Pamproux,79201,1634,1,-0.0558,46.3957,0.1976
301,14494,沙拉罗讷河畔沙蒂永,Châtillon-sur-Chalaronne,Châtillon-sur-Chalaronne,01093,2606,1,4.9577,46.1195,0.3884
301,14390,维里亚,Viriat,Viriat,01451,2579,1,5.2166,46.2533,0.4113
301,5900,富瓦西亚,Foissiat,Foissiat,01163,2151,1,5.175,46.3694,0.4833
301,14298,费扬,Feillens,Feillens,01159,2071,1,4.8877,46.336,0.1753
303,14292,阿列河畔瓦雷讷,Varennes-sur-Allier,Varennes-sur-Allier,03298,3362,1,3.4034,46.3129,0.5416
303,14398,拉帕利斯,Lapalisse,Lapalisse,03138,3234,1,3.6393,46.2502,0.4981
303,14564,圣约尔,Saint-Yorre,Saint-Yorre,03264,2463,1,3.4611,46.0657,0.3637
303,6901,山区勒马耶,Le Mayet-de-Montagne,Le Mayet-de-Montagne,03165,2170,1,3.6679,46.0727,0.2345
304,14440,大堡,Le Grand-Bourg,Le Grand-Bourg,23095,2318,1,1.6464,46.1602,0.3491
304,14382,比西耶尔迪努瓦兹,Bussière-Dunoise,Bussière-Dunoise,23036,2029,1,1.7635,46.2586,0.3701
304,7654,博纳,Bonnat,Bonnat,23025,1979,1,1.9039,46.328,0.2961
304,695,圣沃里,Saint-Vaury,Saint-Vaury,23247,1964,1,1.7559,46.2043,0.1976
308,14205,埃维昂莱班,Évian-les-Bains,Évian-les-Bains,74119,3502,1,6.5909,46.4013,0.4163
309,6701,马尼亚克拉瓦勒,Magnac-Laval,Magnac-Laval,87089,2688,1,1.1662,46.2146,0.4446
309,8076,勒多拉,Le Dorat,Le Dorat,87059,2480,1,1.0859,46.2161,0.2891
309,631,圣叙尔皮斯莱弗耶,Saint-Sulpice-les-Feuilles,Saint-Sulpice-les-Feuilles,87182,1716,1,1.3707,46.3192,0.1621
309,4778,阿尔纳克拉波斯特,Arnac-la-Poste,Arnac-la-Poste,87003,1634,1,1.3748,46.2658,0.439
310,7784,圣让德利夫尔塞,Saint-Jean-de-Liversay,Saint-Jean-de-Liversay,17349,1525,1,-0.8748,46.2703,0.1383
312,5474,武埃兹河畔尚邦,Chambon-sur-Voueize,Chambon-sur-Voueize,23045,1611,1,2.4263,46.1888,0.2504
312,14569,拉瓦韦莱米讷,Lavaveix-les-Mines,Lavaveix-les-Mines,23105,1547,1,2.0889,46.0725,0.3839
313,4586,瑞瑞里厄,Jujurieux,Jujurieux,01199,1886,1,5.4102,46.0391,0.6626
314,7648,昂普勒皮,Amplepuis,Amplepuis,69006,5472,3,4.3315,45.9732,0.4579
314,14726,拉布雷勒,L'Arbresle,L'Arbresle,69010,2791,1,4.615,45.8351,3.6241
314,4201,博热,Beaujeu,Beaujeu,69018,2237,1,4.5869,46.1544,0.2753
314,8284,圣乔治德勒南,Saint-Georges-de-Reneins,Saint-Georges-de-Reneins,69206,2090,1,4.7254,46.0607,0.4646
315,8322,马布利,Mably,Mably,42127,3174,1,4.0626,46.0862,0.3373
315,756,普伊苏沙尔略,Pouilly-sous-Charlieu,Pouilly-sous-Charlieu,42177,2149,1,4.108,46.144,0.3282
315,2608,贝尔蒙德拉卢瓦尔,Belmont-de-la-Loire,Belmont-de-la-Loire,42015,2044,1,4.3459,46.1655,0.3272
315,14816,比西耶尔,Bussières,Bussières,42029,2026,1,4.2689,45.8372,0.3172
316,6916,维勒拉格朗,Ville-la-Grand,Ville-la-Grand,74305,2169,1,6.2496,46.2023,0.3881
316,6668,克吕塞耶,Cruseilles,Cruseilles,74096,1556,1,6.1067,46.0336,0.4661
318,3639,沃尔维克,Volvic,Volvic,63470,2452,1,3.0391,45.873,0.4778
318,14664,马兰格,Maringues,Maringues,63210,2035,1,3.3285,45.9213,2.5442
318,4416,奥弗涅地区圣热尔韦,Saint-Gervais-d'Auvergne,Saint-Gervais-d'Auvergne,63354,2012,1,2.8208,46.0293,0.2481
318,14833,吉亚,Giat,Giat,63165,1725,1,2.468,45.8017,0.1677
319,6258,拉罗什,La Roche,La Roche-sur-Foron,74224,3856,1,6.312,46.0669,0.2441
319,14575,克吕兹,Cluses,Cluses,74081,3095,1,6.5808,46.0603,0.4725
319,14778,梅热夫,Mégève,Megève,74173,2914,1,6.6177,45.8569,0.2779
319,1293,塔南日,Taninges,Taninges,74276,1970,1,6.5913,46.1068,0.6153
322,14520,叙热尔,Surgères,Surgères,17434,3388,1,-0.7513,46.1048,0.392
325,14795,沙斯讷伊,Chasseneuil,Chasseneuil-sur-Bonnieure,16085,2525,1,0.4495,45.8242,0.56
325,14758,沙巴奈,Chabanais,Chabanais,16070,2170,1,0.7195,45.8764,0.5956
326,14825,维埃纳河畔艾克斯,Aixe-sur-Vienne,Aixe-sur-Vienne,87001,3250,1,1.1361,45.797,0.4032
326,4269,昂巴扎克,Ambazac,Ambazac,87002,3004,1,1.4021,45.9582,0.4779
326,15152,库萨克博讷瓦勒,Coussac-Bonneval,Coussac-Bonneval,87049,2804,1,1.3261,45.5096,0.3352
329,6694,托讷,Thônes,Thônes,74280,2563,1,6.3249,45.8819,0.3908
329,3043,大博尔南,Le Grand-Bornand,Le Grand-Bornand,74136,1702,1,6.4268,45.9421,0.4232
330,14699,特奈,Tenay,Tenay,01416,2628,1,5.509,45.9181,0.2184
330,2351,梅克西米厄,Meximieux,Meximieux,01244,2044,1,5.1959,45.9051,4.9184
332,3572,皮纪尧姆,Puy-Guillaume,Puy-Guillaume,63291,2580,1,3.4749,45.9604,0.5399
332,7286,迪罗勒河畔圣雷米,Saint-Rémy-sur-Durolle,Saint-Rémy-sur-Durolle,63393,2187,1,3.5929,45.8886,0.3684
332,14754,迪罗勒河畔塞勒,Celles-sur-Durolle,Celles-sur-Durolle,63066,2151,1,3.6364,45.8557,0.3106
332,4925,沙泰尔东,Châteldon,Châteldon,63102,1568,1,3.5192,45.978,0.2024
333,8433,圣马蒂厄,Saint-Mathieu,Saint-Mathieu,87168,2036,1,0.7589,45.7055,0.3261
333,4386,戈尔河畔圣洛朗,Saint-Laurent-sur-Gorre,Saint-Laurent-sur-Gorre,87158,2004,1,0.9584,45.7693,0.2375
333,14846,韦尔,Vayres,Vayres,87199,1692,1,0.8099,45.759,0.2016
333,15020,杜尔纳扎克,Dournazac,Dournazac,87060,1618,1,0.9169,45.6252,0.3488
336,14918,布龙,Bron,Bron,69029,13161,3,4.9093,45.7338,0.3611
336,1751,沃昂沃兰,Vaulx-en-Velin,Vaulx-en-Velin,69256,7386,3,4.9202,45.7785,0.4477
336,3026,代西讷沙尔皮厄,Décines-Charpieu,Décines-Charpieu,69275,6078,3,4.957,45.7684,0.519
337,3071,拉莫特塞尔沃莱克斯,La Motte-Servolex,La Motte-Servolex,73179,2607,1,5.8778,45.5968,0.5518
337,15089,圣皮埃尔达尔比尼,Saint-Pierre-d'Albigny,Saint-Pierre-d'Albigny,73270,2235,1,6.1542,45.5695,0.249
337,14956,耶讷,Yenne,Yenne,73330,1982,1,5.7585,45.7041,0.5003
338,14934,沙尼耶,Chaniers,Chaniers,17086,1723,1,-0.5582,45.7178,0.266
338,15204,吉龙德河畔莫尔塔涅,Mortagne-sur-Gironde,Mortagne-sur-Gironde,17248,1545,1,-0.7876,45.4815,0.1273
339,15197,穆捷,Moûtiers,Moûtiers,73181,2905,1,6.5341,45.4852,0.115
339,14895,博福尔,Beaufort,Beaufort,73034,1924,1,6.5758,45.7178,0.6461
340,6666,夏朗德河畔沙托讷夫,Châteauneuf-sur-Charente,Châteauneuf-sur-Charente,16090,2975,1,-0.0546,45.6,0.6582
340,15030,瑟贡扎克,Segonzac,Segonzac,16366,2090,1,-0.2183,45.6178,0.4633
340,2578,贝涅圣拉德贡德,Baignes-Sainte-Radegonde,Baignes-Sainte-Radegonde,16025,1545,1,-0.236,45.3832,0.2451
341,14877,蓬德舍吕伊,Pont-de-Chéruy,Pont-de-Chéruy,38316,2062,1,5.1742,45.7499,0.2172
341,15306,大朗,Le Grand-Lemps,Le Grand-Lemps,38182,1836,1,5.4192,45.399,0.451
341,814,蒙塔利厄韦尔西厄,Montalieu-Vercieu,Montalieu-Vercieu,38247,1742,1,5.4037,45.8158,0.5419
341,14927,克雷米厄,Crémieu,Crémieu,38138,1682,1,5.2505,45.7245,0.1726
342,14891,弗尔,Feurs,Feurs,42094,4786,1,4.2214,45.7441,0.3546
342,14850,帕尼西耶尔,Panissières,Panissières,42165,3408,1,4.3389,45.7919,0.4946
342,14911,博安,Boën,Boën-sur-Lignon,42019,2980,1,4.0043,45.7452,0.4871
342,15122,叙里勒孔塔勒,Sury-le-Comtal,Sury-le-Comtal,42304,2883,1,4.1828,45.5375,0.4302
343,8134,贡蓬图夫尔,Gond-Pontouvre,Gond-Pontouvre,16154,4136,1,0.1664,45.6691,0.3777
343,14957,蒙布龙,Montbron,Montbron,16223,2563,1,0.4991,45.6668,0.2696
343,825,夏朗德河畔圣伊里耶,Saint-Yrieix-sur-Charente,Saint-Yrieix-sur-Charente,16358,2206,1,0.1275,45.6753,0.0773
343,14983,图夫尔河畔马尼亚克,Magnac-sur-Touvre,Magnac-sur-Touvre,16199,1871,1,0.2373,45.6657,0.2048
345,14876,欧比耶尔,Aubière,Aubière,63014,3433,1,3.1107,45.751,0.3714
345,2538,蓬迪沙托,Pont-du-Château,Pont-du-Château,63284,2636,1,3.2487,45.7969,0.149
345,14866,鲁瓦亚,Royat,Royat,63308,2566,1,3.0545,45.7649,0.2821
345,14798,热尔扎,Gerzat,Gerzat,63164,2123,1,3.1442,45.8239,0.3144
348,14896,阿尔韦尔,Arvert,Arvert,17021,1946,1,-1.1256,45.7408,0.5858
349,15309,讷维克,Neuvic,Neuvic,19148,3112,1,2.2726,45.3827,0.4168
349,7583,埃格勒通,Égletons,Égletons,19073,2734,1,2.0464,45.406,2.8249
349,15239,利尼亚克,Liginiac,Liginiac,19113,1615,1,2.3317,45.4161,0.3781
349,14930,佩尔勒瓦德,Peyrelevade,Peyrelevade,19164,1524,1,2.0498,45.7056,0.5715
351,15225,利夫拉杜瓦地区马尔萨克,Marsac-en-Livradois,Marsac-en-Livradois,63211,2062,1,3.7295,45.4787,0.3649
351,5233,坎拉,Cunlhat,Cunlhat,63132,1853,1,3.5596,45.6326,0.51
353,15256,蒂维耶,Thiviers,Thiviers,24551,3278,1,0.922,45.4173,0.4459
353,15161,大瑞米亚克,Jumilhac-le-Grand,Jumilhac-le-Grand,24218,2369,1,1.064,45.4944,0.1932
353,2995,圣索拉库西耶尔,Saint-Saud-Lacoussière,Saint-Saud-Lacoussière,24498,2113,1,0.8162,45.5426,0.5063
353,6843,佩扎克德拉努阿耶,Payzac-de-Lanouaille,Payzac,24320,1948,1,1.2194,45.4004,0.191
354,4701,尚伯雷,Chamberet,Chamberet,19036,2517,1,1.7212,45.5821,0.4602
354,15143,特雷尼亚克,Treignac,Treignac,19269,2268,1,1.7952,45.537,0.4996
354,15214,尚布利沃,Chamboulive,Chamboulive,19037,2062,1,1.703,45.4315,0.1066
354,6505,勒隆扎克,Le Lonzac,Le Lonzac,19118,1881,1,1.7324,45.4656,0.392
355,2015,博勒佩尔,Beaurepaire,Beaurepaire,38034,2933,1,5.0519,45.3385,0.4251
355,15191,圣让德布尔奈,Saint-Jean-de-Bournay,Saint-Jean-de-Bournay,38399,2708,1,5.1393,45.5033,0.5545
355,15066,罗讷河畔沙斯,Chasse-sur-Rhône,Chasse-sur-Rhône,38087,2325,1,4.8076,45.5783,0.3805
355,15103,蓬埃韦克,Pont-Évêque,Pont-Évêque,38318,1695,1,4.9124,45.5304,0.3744
356,15073,蒙多尔,Mont-Dore,Mont-Dore,63236,2703,1,2.81,45.5751,4.3409
356,2408,托夫,Tauves,Tauves,63426,1649,1,2.6222,45.5596,0.5856
356,7996,埃格利讷夫当特赖格,Égliseneuve-d'Entraigues,Égliseneuve-d'Entraigues,63144,1542,1,2.8254,45.4088,0.3504
358,15520,蒙吉永,Montguyon,Montguyon,17241,1545,1,-0.1882,45.2172,0.4604
358,15507,圣艾吉林,Saint-Aigulin,Saint-Aigulin,17309,1535,1,-0.0174,45.1599,0.5288
358,15605,塞尔库,Cercoux,Cercoux,17077,1522,1,-0.2054,45.1286,0.6589
360,179,罗什拉莫利耶尔,Roche-la-Molière,Roche-la-Molière,42189,8876,3,4.3226,45.433,0.4625
360,15305,于尼厄,Unieux,Unieux,42316,5650,3,4.2614,45.3997,0.3051
360,15131,洛雷特,Lorette,Lorette,42123,4217,1,4.5807,45.5131,0.4629
362,15506,乌尔坦,Hourtin,Hourtin,33203,2194,1,-1.0573,45.186,0.5176
362,2938,拉卡诺,Lacanau,Lacanau,33214,2103,1,-1.0757,44.9782,0.4298
362,15519,圣洛朗埃伯农,Saint-Laurent-et-Benon,Saint-Laurent-Médoc,33424,2071,1,-0.822,45.1512,0.5128
362,15156,滨海苏拉克,Soulac-sur-Mer,Soulac-sur-Mer,33514,2009,1,-1.1231,45.5152,1.7647
363,2802,栋泽纳克,Donzenac,Donzenac,19072,2503,1,1.5229,45.2277,0.2424
363,15383,瑞亚克,Juillac,Juillac,19094,1819,1,1.3224,45.3172,0.3152
363,15569,贝纳,Beynat,Beynat,19023,1622,1,1.7232,45.124,0.4856
363,5540,阿尔纳克蓬帕杜尔,Arnac-Pompadour,Arnac-Pompadour,19011,1562,1,1.3808,45.4008,0.3731
365,3604,拉莫特达韦扬,La Motte-d'Aveillans,La Motte-d'Aveillans,38265,2838,1,5.7446,44.9612,0.2362
365,15808,拉米尔,La Mure,La Mure,38269,4420,1,5.7846,44.9065,0.3289
365,15369,蒂兰,Tullins,Tullins,38517,4403,1,5.4855,45.3025,0.1511
366,6651,尚帕尼亚克,Champagnac,Champagnac,15037,2072,1,2.3995,45.3572,0.2793
366,15368,伊德,Ydes,Ydes,15265,2567,1,2.4353,45.346,0.5081
366,15511,昂格拉尔德萨莱尔,Anglards-de-Salers,Anglards-de-Salers,15006,1566,1,2.4393,45.2027,0.4205
366,7913,特里扎克,Trizac,Trizac,15243,1524,1,2.5379,45.2533,0.4274
368,15554,圣阿斯蒂耶,Saint-Astier,Saint-Astier,24372,3073,1,0.5277,45.1452,0.3963
368,15677,米西当,Mussidan,Mussidan,24299,2653,1,0.3644,45.0371,0.1519
368,15630,讷维克,Neuvic,Neuvic,24309,2052,1,0.4696,45.0998,0.2576
368,15490,特雷利萨克,Trélissac,Trélissac,24557,1866,1,0.7806,45.1958,0.2209
369,15304,圣弗洛里讷,Sainte-Florine,Sainte-Florine,43185,2810,1,3.3195,45.4051,0.5231
372,15334,孔达,Condat,Condat,15054,2571,1,2.7582,45.3412,0.2517
372,15381,马尔瑟纳,Marcenat,Marcenat,15114,2536,1,2.8271,45.3063,0.3232
372,5046,马西亚克,Massiac,Massiac,15119,1828,1,3.1998,45.2502,0.5879
373,15663,圣瑞利安沙普特伊,Saint-Julien-Chapteuil,Saint-Julien-Chapteuil,43200,2287,1,4.0602,45.0362,0.5009
373,15639,波利尼亚克,Polignac,Polignac,43152,2090,1,3.8596,45.0712,0.3761
373,1619,圣波利安,Saint-Paulien,Saint-Paulien,43216,2056,1,3.8137,45.1354,0.4608
373,15527,沃雷,Vorey,Vorey,43267,1788,1,3.9092,45.1867,0.2204
374,8467,唐斯,Tence,Tence,43244,3662,1,4.2903,45.1147,0.5172
374,15513,迪尼耶尔,Dunières,Dunières,43087,3249,1,4.342,45.2179,0.1619
374,15492,勒图尔纳克,Retournac,Retournac,43162,3009,1,4.0328,45.2042,0.6655
374,15399,沃莱地区圣迪迪耶,Saint-Didier-en-Velay,Saint-Didier-en-Velay,43177,2810,1,4.274,45.3021,0.1652
375,5266,勒谢拉尔,Le Cheylard,Le Cheylard,07064,3288,1,4.4232,44.9061,0.1928
375,15770,圣佩雷,Saint-Péray,Saint-Péray,07281,2634,1,4.8406,44.9445,0.3137
375,8268,代塞涅,Désaignes,Désaignes,07079,2315,1,4.5165,44.9952,0.4025
375,8495,萨蒂利厄,Satillieu,Satillieu,07309,2177,1,4.614,45.1506,0.3795
376,15651,堡,Bourg,Bourg,33067,2182,1,-0.5596,45.0392,1.8515
376,8097,圣克里斯托利,Saint-Christoly,Saint-Christoly-de-Blaye,33382,1784,1,-0.5085,45.13,0.3773
376,6542,雷尼亚克,Reignac,Reignac,33351,1647,1,-0.5078,45.2341,0.4646
376,7852,圣萨万,Saint-Savin,Saint-Savin,33473,1645,1,-0.4457,45.1394,0.4259
377,15613,坦莱尔米塔日,Tain-l'Hermitage,Tain-l'Hermitage,26347,3748,1,4.8416,45.0688,0.4815
377,15410,圣朗贝尔达尔邦,Saint-Rambert-d'Albon,Saint-Rambert-d'Albon,26325,2841,1,4.8131,45.2909,0.4705
377,2646,波尔特莱瓦朗斯,Portes-lès-Valence,Portes-lès-Valence,26252,2700,1,4.8783,44.8751,0.3849
377,15814,沙伯伊,Chabeuil,Chabeuil,26064,2676,1,5.0197,44.9001,0.5
378,15766,勒比格,Le Bugue,Le Bugue,24067,2242,1,0.9276,44.918,0.4539
378,15843,圣西普里安,Saint-Cyprien,Saint-Cyprien,24396,1837,1,1.0477,44.869,0.1891
380,2936,大圣富瓦,Sainte-Foy-la-Grande,Sainte-Foy-la-Grande,33402,3159,1,0.215,44.8418,0.9064
380,1480,卡斯蒂永埃卡皮图尔朗,Castillon-et-Capitourlan,Castillon-la-Bataille,33108,3120,1,-0.0431,44.8521,0.3795
380,15687,圣但尼德皮勒,Saint-Denis-de-Pile,Saint-Denis-de-Pile,33393,2183,1,-0.205,44.9923,0.5823
380,15606,莱泽格利佐特埃沙洛尔,Les Églisottes-et-Chalaures,Les Églisottes-et-Chalaures,33154,1597,1,-0.041,45.0977,0.5663
384,8787,塞尔河畔阿尔帕容,Arpajon-sur-Cère,Arpajon-sur-Cère,15012,2576,1,2.4584,44.9013,0.2083
384,4407,塞尔河畔维克,Vic-sur-Cère,Vic-sur-Cère,15258,1679,1,2.625,44.9797,0.2387
386,15876,拉兰德,Lalinde,Lalinde,24223,2173,1,0.7386,44.8379,0.5565
387,5824,马尔泰勒,Martel,Martel,46185,1742,1,1.6087,44.9367,0.4624
389,15833,梅里尼亚克,Mérignac,Mérignac,33281,17034,3,-0.6565,44.845,0.2678
389,1964,圣梅达尔昂雅勒,Saint-Médard-en-Jalles,Saint-Médard-en-Jalles,33449,5144,3,-0.7173,44.8959,0.5265
389,15805,洛尔蒙,Lormont,Lormont,33249,4109,1,-0.5231,44.8802,0.4656
391,7551,巴尼亚克,Bagnac,Bagnac-sur-Célé,46015,1716,1,2.1583,44.6664,0.4847
392,8707,马尔沃若勒,Marvejols,Marvejols,48092,3831,1,3.2898,44.5502,0.2821
392,15905,圣谢利达普谢,Saint-Chély-d'Apcher,Saint-Chély-d'Apcher,48140,2877,1,3.2754,44.8017,0.3123
392,15916,利马尼奥勒地区圣阿尔邦,Saint-Alban-sur-Limagnole,Saint-Alban-sur-Limagnole,48132,2382,1,3.3862,44.7813,0.4718
393,5918,昂特赖格,Entraygues,Entraygues-sur-Truyère,12094,1819,1,2.5641,44.645,0.3312
393,7935,博祖勒,Bozouls,Bozouls,12033,1759,1,2.7203,44.4698,0.3682
393,16298,萨勒拉苏尔斯,Salles-la-Source,Salles-la-Source,12254,1692,1,2.5138,44.4379,0.5345
393,16026,拉吉奥勒,Laguiole,Laguiole,12119,1612,1,2.846,44.6841,0.0915
396,5909,维维耶,Viviers,Viviers,07346,3362,1,4.6911,44.4803,0.6154
396,491,罗讷河畔拉武尔特,La Voulte-sur-Rhône,La Voulte-sur-Rhône,07349,3113,1,4.7808,44.7996,0.4197
396,1394,沃尔努,Vernoux,Vernoux-en-Vivarais,07338,2515,1,4.6462,44.896,6.9276
396,15918,圣索沃尔德蒙塔居,Saint-Sauveur-de-Montagut,Saint-Sauveur-de-Montagut,07295,1788,1,4.5802,44.8215,0.3337
397,16358,瓦隆,Vallon,Vallon-Pont-d'Arc,07330,1875,1,4.3954,44.4074,0.4426
397,16005,比尔泽,Burzet,Burzet,07045,1583,1,4.2443,44.74,0.5091
397,7645,茹瓦约兹,Joyeuse,Joyeuse,07110,1573,1,4.2353,44.4801,0.4835
400,15920,莱日,Lège,Lège-Cap-Ferret,33236,2363,1,-1.1477,44.7955,0.4917
400,16110,米奥斯,Mios,Mios,33284,2309,1,-0.9393,44.6055,0.4335
400,15958,昂代诺斯莱班,Andernos-les-Bains,Andernos-les-Bains,33005,2300,1,-1.1026,44.7436,1.7538
400,16012,欧当日,Audenge,Audenge,33019,1781,1,-1.0154,44.6839,0.5119
401,4749,卡迪亚克,Cadillac,Cadillac-sur-Garonne,33081,3085,1,-0.3204,44.637,0.4817
401,16129,巴尔萨克,Barsac,Barsac,33030,2365,1,-0.3173,44.6079,0.4266
401,5784,圣桑福里安,Saint-Symphorien,Saint-Symphorien,33484,1782,1,-0.4899,44.4276,0.424
401,16043,波尔泰,Portets,Portets,33334,1732,1,-0.4245,44.6963,0.6638
402,4545,吉耶讷地区米拉蒙,Miramont-de-Guyenne,Miramont-de-Guyenne,47168,2170,1,0.3611,44.6018,0.2884
402,6713,圣巴泽耶,Sainte-Bazeille,Sainte-Bazeille,47233,1831,1,0.0944,44.5307,0.4019
402,16024,迪拉斯,Duras,Duras,47086,1533,1,0.1791,44.6766,0.3461
403,16191,蒙弗朗坎,Monflanquin,Monflanquin,47175,2512,1,0.7678,44.5328,0.508
403,16372,佩讷达日奈,Penne-d'Agenais,Penne-d'Agenais,47203,2014,1,0.8091,44.393,0.4883
404,16208,普雷萨克,Prayssac,Prayssac,46225,1528,1,1.1882,44.5039,0.2917
404,5874,皮莱韦克,Puy-l'Évêque,Puy-l'Évêque,46231,1520,1,1.1368,44.5039,0.3415
406,4064,迪厄勒菲,Dieulefit,Dieulefit,26114,2404,1,5.0659,44.5261,0.2772
407,6721,卡普德纳克加尔,Capdenac-Gare,Capdenac-Gare,12052,5431,3,2.0806,44.574,0.4035
407,7903,克朗萨克莱泰尔姆,Cransac-les-Thermes,Cransac-les-Thermes,12083,4502,1,2.2818,44.5254,0.3103
407,16320,维勒讷夫,Villeneuve,Villeneuve,12301,2512,1,2.0332,44.4375,0.3459
407,16460,里厄佩鲁,Rieupeyroux,Rieupeyroux,12198,2355,1,2.2366,44.3063,0.2331
410,7537,圣塞韦尔,Saint-Sever,Saint-Sever,40282,3855,1,-0.5741,43.7591,0.388
410,17160,阿热莫,Hagetmau,Hagetmau,40119,2869,1,-0.5911,43.6572,0.3202
410,2280,米米藏,Mimizan,Mimizan,40184,2771,1,-1.2282,44.2005,0.4745
410,3436,比斯卡罗斯,Biscarrosse,Biscarrosse,40046,2471,1,-1.1669,44.3958,0.3939
412,17026,卡马雷斯,Camarès,Camarès,12044,1644,1,2.8782,43.8217,0.5466
412,2757,南特,Nant,Nant,12168,1547,1,3.3013,44.0229,0.4597
413,16850,奥赖松,Oraison,Oraison,04143,1784,1,5.918,43.9176,5.5711
414,16536,圣昂布鲁瓦,Saint-Ambroix,Saint-Ambroix,30227,3317,1,4.1965,44.2602,0.2828
414,1078,勒马尔蒂奈,Le Martinet,Le Martinet,30159,2505,1,4.0847,44.2528,0.1967
414,16732,昂迪兹,Anduze,Anduze,30010,2479,1,3.9866,44.0534,0.4831
414,16664,加尔地区圣让,Saint-Jean-du-Gard,Saint-Jean-du-Gard,30269,2445,1,3.8851,44.1054,0.3312
419,3461,洛马涅地区博蒙,Beaumont-de-Lomagne,Beaumont-de-Lomagne,82013,3066,1,0.9885,43.8832,0.4993
419,16530,卡兹蒙德纳尔,Cazes-Mondenard,Cazes-Mondenard,82042,1866,1,1.2028,44.2268,0.3257
419,2505,洛泽尔特,Lauzerte,Lauzerte,82094,1852,1,1.1371,44.2565,0.3757
419,16447,凯尔西地区蒙泰居,Montaigu-de-Quercy,Montaigu-de-Quercy,82117,1844,1,1.0173,44.3416,0.2816
420,4426,莱拉克,Layrac,Layrac,47145,2235,1,0.6607,44.1346,0.3028
420,3996,阿斯塔福尔,Astaffort,Astaffort,47015,1773,1,0.6517,44.0648,0.1126
422,16843,鲁瓦亚河畔布雷伊,Breil-sur-Roya,Breil-sur-Roya,06023,3089,1,7.5139,43.9373,0.4258
422,17016,孔特,Contes,Contes,06048,2717,1,7.3144,43.8116,0.5249
422,752,朗托斯克,Lantosque,Lantosque,06074,2140,1,7.3122,43.9743,0.4493
423,2199,蓬圣埃斯普里,Pont-Saint-Esprit,Pont-Saint-Esprit,30202,4411,1,4.6479,44.261,1.643
423,16766,于泽斯,Uzès,Uzès,30334,4033,1,4.4202,44.0135,0.1384
423,17136,沃韦尔,Vauvert,Vauvert,30341,3851,1,4.2752,43.6907,0.3525
424,5877,圣昂托南,Saint-Antonin,Saint-Antonin-Noble-Val,82155,2408,1,1.7561,44.151,0.3621
424,6840,蒙泰克,Montech,Montech,82125,2224,1,1.2284,43.9571,0.2984
424,16535,凯吕斯,Caylus,Caylus,82038,2097,1,1.7695,44.2363,0.4135
424,16728,内格勒佩利斯,Nègrepelisse,Nègrepelisse,82134,2080,1,1.522,44.0754,0.1867
425,6528,勒托尔,Le Thor,Le Thor,84132,2858,1,4.9932,43.9283,0.2553
425,16767,索尔格河畔昂特赖格,Entraigues-sur-Sorgues,Entraigues-sur-la-Sorgue,84043,2303,1,4.9277,44.0036,4.3262
427,16837,佩尔讷莱丰泰讷,Pernes-les-Fontaines,Pernes-les-Fontaines,84088,3795,1,5.0604,43.9974,0.1922
427,16532,韦松拉罗曼,Vaison-la-Romaine,Vaison-la-Romaine,84137,3155,1,5.0741,44.2416,0.3106
427,8365,库尔泰宗,Courthézon,Courthézon,84039,3126,1,4.883,44.0903,3.7601
427,3466,马藏,Mazan,Mazan,84072,1730,1,5.1261,44.0568,0.1431
430,5139,拉巴斯唐斯,Rabastens,Rabastens,81220,3819,1,1.7247,43.8213,0.6353
430,16797,卡尼亚克莱米讷,Cagnac-les-Mines,Cagnac-les-Mines,81048,3573,1,2.1412,43.9848,0.4999
430,16995,塔恩河畔利勒,Lisle-sur-Tarn,Lisle-sur-Tarn,81145,3291,1,1.8108,43.8527,0.4184
430,640,圣瑞埃里,Saint-Juéry,Saint-Juéry,81257,3094,1,2.2115,43.9492,0.3373
431,6883,基萨克,Quissac,Quissac,30210,1737,1,4.0002,43.9082,0.6127
434,17262,普伊永,Pouillon,Pouillon,40233,3009,1,-0.9974,43.6052,0.5171
434,17215,卡普布勒通,Capbreton,Capbreton,40065,2767,1,-1.4316,43.6399,0.1809
434,16985,塔尔塔斯,Tartas,Tartas,40313,2715,1,-0.8094,43.8321,0.4062
434,17313,佩罗拉德,Peyrehorade,Peyrehorade,40224,2232,1,-1.1043,43.5438,0.3602
435,16991,弗勒朗斯,Fleurance,Fleurance,32132,3491,1,0.6633,43.8494,0.2796
435,3194,蒙雷阿勒,Montréal,Montréal,32290,2002,1,0.2006,43.95,0.5746
435,17108,莫沃赞,Mauvezin,Mauvezin,32249,1865,1,0.8772,43.7303,0.5133
435,16882,卡佐邦,Cazaubon,Cazaubon,32096,1778,1,-0.072,43.9339,0.3698
436,17104,卡德内,Cadenet,Cadenet,84026,2029,1,5.3744,43.7356,0.5926
436,17155,拉图尔代格,La Tour-d'Aigues,La Tour-d'Aigues,84133,1862,1,5.5481,43.7258,0.5101
436,446,舍瓦勒布朗,Cheval-Blanc,Cheval-Blanc,84038,1748,1,5.0635,43.8003,0.5037
436,16961,罗比翁,Robion,Robion,84099,1564,1,5.1119,43.8443,0.4763
437,3529,圣安德烈德桑戈尼,Saint-André-de-Sangonis,Saint-André-de-Sangonis,34239,2630,1,3.5034,43.6494,0.5173
437,17301,波扬,Paulhan,Paulhan,34194,2504,1,3.4613,43.5411,0.5027
437,5787,阿尼亚讷,Aniane,Aniane,34010,2074,1,3.5868,43.6845,0.0605
437,17309,圣帕尔古瓦尔,Saint-Pargoire,Saint-Pargoire,34281,1706,1,3.5192,43.5282,0.06
438,17023,圣雷米,Saint-Rémy,Saint-Rémy-de-Provence,13100,6723,3,4.8315,43.7887,0.5185
438,16967,诺沃,Noves,Noves,13066,2929,1,4.9018,43.8754,0.3732
438,4964,巴尔邦坦,Barbentane,Barbentane,13010,2432,1,4.7469,43.8996,0.1332
438,4127,圣马尔坦德克罗,Saint-Martin-de-Crau,Saint-Martin-de-Crau,13097,2361,1,4.812,43.6387,0.4199
439,17219,布拉尼亚克,Blagnac,Blagnac,31069,2360,1,1.3973,43.6348,0.4504
439,17470,维勒弗朗什,Villefranche,Villefranche-de-Lauragais,31582,2122,1,1.7186,43.3991,0.3874
439,17288,屈尼奥,Cugnaux,Cugnaux,31157,2033,1,1.345,43.5371,0.4642
440,6710,旺斯,Vence,Vence,06157,5495,3,7.1135,43.7228,0.4946
440,6289,芒德略,Mandelieu,Mandelieu-la-Napoule,06079,2342,1,6.9319,43.5428,1.2133
441,4428,马尔西亚尔格,Marsillargues,Marsillargues,34151,3002,1,4.179,43.6652,0.8185
441,3537,卡斯泰尔诺勒莱兹,Castelnau-le-Lez,Castelnau-le-Lez,34057,2226,1,3.8975,43.6327,0.3947
441,17408,维勒韦拉克,Villeveyrac,Villeveyrac,34341,1915,1,3.6065,43.499,0.4189
442,2509,拉沃尔,Lavaur,Lavaur,81140,5502,3,1.8206,43.7004,0.4823
442,4532,拉布吕吉耶尔,Labruguière,Labruguière,81120,3516,1,2.2633,43.54,0.3592
442,8124,皮洛朗斯,Puylaurens,Puylaurens,81219,3368,1,2.0129,43.572,0.4824
442,5734,拉巴斯蒂德鲁埃鲁,Labastide-Rouairoux,Labastide-Rouairoux,81115,3258,1,2.6409,43.4758,0.4577
444,5353,圣特罗佩,Saint-Tropez,Saint-Tropez,83119,4102,1,6.6398,43.2733,0.7296
444,8289,莱萨尔克,Les Arcs,Les Arcs,83004,3163,1,6.479,43.4632,0.2931
444,5487,勒米伊,Le Muy,Le Muy,83086,3138,1,6.5662,43.4714,0.2953
444,17440,维多邦,Vidauban,Vidauban,83148,3062,1,6.432,43.4266,0.1234
445,17248,吉蒙,Gimont,Gimont,32147,2315,1,0.8769,43.6263,0.6405
445,17405,萨马唐,Samatan,Samatan,32410,1836,1,0.9308,43.4919,0.4547
446,17596,贡法龙,Gonfaron,Gonfaron,83067,2035,1,6.2876,43.3199,0.5958
446,7520,卡尔塞斯,Carcès,Carcès,83032,1900,1,6.182,43.4764,0.3343
446,17564,皮热维尔,Puget-Ville,Puget-Ville,83100,1605,1,6.1359,43.2891,4.325
446,17337,科蒂尼亚克,Cotignac,Cotignac,83046,1583,1,6.1486,43.5292,0.2792
448,670,菲沃,Fuveau,Fuveau,13040,2072,1,5.5609,43.4539,0.3392
448,17491,莱佩讷米拉博,Les Pennes-Mirabeau,Les Pennes-Mirabeau,13071,4866,1,5.34,43.4003,0.2576
448,17446,特雷,Trets,Trets,13110,2624,1,5.6839,43.4472,0.2626
448,4721,马勒莫尔,Mallemort,Mallemort,13053,2141,1,5.1801,43.7287,4.6276
449,17164,格雷塞萨克,Graissessac,Graissessac,34117,2416,1,3.0925,43.68,0.481
449,8285,卡佩斯唐,Capestang,Capestang,34052,3492,1,3.0434,43.3283,0.1951
449,2215,卡祖勒莱贝济耶,Cazouls-lès-Béziers,Cazouls-lès-Béziers,34069,3438,1,3.1011,43.3919,0.2003
452,17523,布克港,Port-de-Bouc,Port-de-Bouc,13077,6163,3,4.9859,43.4054,3.4573
452,6328,贝尔莱唐,Berre-l'Étang,Berre-l'Étang,13014,5998,3,5.1673,43.4758,4.1595
452,2072,马里尼亚讷,Marignane,Marignane,13054,3545,1,5.2155,43.4172,0.457
452,17323,圣沙马,Saint-Chamas,Saint-Chamas,13092,3131,1,5.0345,43.5505,0.1604
453,8348,欧雷扬,Aureilhan,Aureilhan,65047,2668,1,0.0965,43.2425,0.4778
453,7447,莫布尔盖,Maubourguet,Maubourguet,65304,2053,1,0.0355,43.4685,0.5311
453,17728,奥桑,Ossun,Ossun,65344,1717,1,-0.0279,43.1832,0.2761
453,17625,埃谢河畔博尔代尔,Bordères-sur-l'Échez,Bordères-sur-l'Échez,65100,1686,1,0.0503,43.2586,0.6275
454,17709,蓬塔克,Pontacq,Pontacq,64453,2397,1,-0.114,43.1857,0.447
454,17705,冈,Gan,Gan,64230,2326,1,-0.3869,43.2295,0.4237
454,17592,莱斯卡尔,Lescar,Lescar,64335,1750,1,-0.4163,43.325,0.3322
454,2391,阿松,Asson,Asson,64068,1744,1,-0.2572,43.1424,0.2871
455,17638,卡尔博讷,Carbonne,Carbonne,31107,2277,1,1.2264,43.2937,0.327
455,17711,蒙泰斯基厄沃尔韦斯特尔,Montesquieu-Volvestre,Montesquieu-Volvestre,31375,2171,1,1.2286,43.2067,0.0633
455,17595,桑特加贝勒,Cintegabelle,Cintegabelle,31145,1885,1,1.5317,43.3139,0.4334
455,17511,里厄姆,Rieumes,Rieumes,31454,1850,1,1.1193,43.4126,0.2485
456,17589,昂代,Hendaye,Hendaye,64260,6436,3,-1.7745,43.3585,0.1753
456,17505,阿斯帕伦,Hasparren,Hasparren,64256,5260,3,-1.3056,43.3836,0.2402
456,17497,康博莱班,Cambo-les-Bains,Cambo-les-Bains,64160,3324,1,-1.3993,43.3612,0.5761
456,2963,于斯塔里茨,Ustaritz,Ustaritz,64547,2505,1,-1.4541,43.3957,0.0666
461,7689,阿吕迪,Arudy,Arudy,64062,1930,1,-0.4285,43.1055,0.4912
461,8137,拉兰斯,Laruns,Laruns,64320,1728,1,-0.4263,42.9877,0.4831
461,3222,拉瑟布,Lasseube,Lasseube,64324,1621,1,-0.4785,43.2212,0.4344
462,4993,布拉姆,Bram,Bram,11049,2076,1,2.1143,43.2447,0.1961
462,7787,特雷布,Trèbes,Trèbes,11397,2068,1,2.4431,43.2094,0.4945
462,4479,阿齐耶,Azille,Azille,11022,1836,1,2.6594,43.278,0.4493
462,153,卡潘迪,Capendu,Capendu,11068,1640,1,2.5577,43.1841,0.396
463,2007,塞普泰姆莱瓦隆,Septèmes-les-Vallons,Septèmes-les-Vallons,13106,3136,1,5.3661,43.3991,3.3861
463,17552,欧里奥勒,Auriol,Auriol,13007,2807,1,5.6346,43.3693,0.6129
463,4994,罗克韦尔,Roquevaire,Roquevaire,13086,2608,1,5.604,43.3488,0.5479
464,17484,利勒昂多东,L'Isle-en-Dodon,L'Isle-en-Dodon,31239,1865,1,0.8368,43.3814,0.2913
464,17835,阿斯佩,Aspet,Aspet,31020,1571,1,0.8033,43.0151,0.2731
464,17649,布洛涅,Boulogne,Boulogne-sur-Gesse,31080,1553,1,0.6455,43.2906,0.6397
468,17647,乌韦扬,Ouveillan,Ouveillan,11269,2284,1,2.9688,43.2884,0.1827
468,17702,弗勒里,Fleury,Fleury,11145,2056,1,3.1352,43.2284,0.5228
468,17845,努韦勒,Nouvelle,Port-la-Nouvelle,11266,2023,1,3.0421,43.0203,0.4756
468,4350,格吕伊桑,Gruissan,Gruissan,11170,1802,1,3.0864,43.106,0.2617
469,8210,拉瓦莱特迪瓦尔,La Valette-du-Var,La Valette-du-Var,83144,4011,1,5.984,43.1377,0.3387
469,17753,拉克罗,La Crau,La Crau,83047,3843,1,6.073,43.1478,0.4581
469,17766,拉加尔德,La Garde,La Garde,83062,3792,1,6.0102,43.124,0.3867
471,2099,萨沃尔丹,Saverdun,Saverdun,09282,3017,1,1.576,43.2337,0.3034
471,4730,马泽尔,Mazères,Mazères,09185,2326,1,1.6778,43.2503,0.4186
476,85,沙拉布尔,Chalabre,Chalabre,11091,1529,1,2.0066,42.9822,0.459
479,17943,埃尔塞,Ercé,Ercé,09113,1584,1,1.2905,42.8478,0.4535
487,17989,里沃萨尔特,Rivesaltes,Rivesaltes,66164,5009,3,2.8688,42.7671,0.2813
487,17957,萨尔斯,Salses,Salses-le-Château,66190,1998,1,2.9178,42.8333,0.4497
487,18026,佩齐亚拉里维耶尔,Pézilla-la-Rivière,Pézilla-la-Rivière,66140,1813,1,2.7686,42.6963,0.4189
487,17993,皮亚,Pia,Pia,66141,1675,1,2.9198,42.744,0.3509
497,4821,泰克河畔阿尔勒,Arles-sur-Tech,Arles-sur-Tech,66009,2666,1,2.6353,42.4551,0.5831
497,18144,圣洛朗德塞尔当,Saint-Laurent-de-Cerdans,Saint-Laurent-de-Cerdans,66179,2530,1,2.6132,42.3845,0.6817
497,416,普拉德莫洛,Prats-de-Mollo,Prats-de-Mollo-la-Preste,66150,2218,1,2.4794,42.404,0.481
497,3900,巴日,Bages,Bages,66011,1703,1,2.8921,42.6059,6.4828
509,7230,莱维,Levie,Levie,2A142,2366,1,9.123,41.7025,0.5077
525,13776,朗克卢瓦特尔,Lencloître,Lencloître,86128,1668,1,0.3268,46.8136,0.5314
527,14035,圣伯努瓦,Saint-Benoît,Saint-Benoît,86214,1576,1,0.3401,46.5496,0.3411
