州ID,资源,旧基础产出,新基础产出,旧档增量,矿区,依据
36,coal,0,2,2,虚构地方供给（游戏平衡）,User-authorized fictional gameplay supply
36,steel,0,2,2,虚构地方供给（游戏平衡）,User-authorized fictional gameplay supply
39,coal,0,2,2,虚构地方供给（游戏平衡）,User-authorized fictional gameplay supply
39,steel,0,2,2,虚构地方供给（游戏平衡）,User-authorized fictional gameplay supply
40,coal,0,2,2,虚构地方供给（游戏平衡）,User-authorized fictional gameplay supply
40,steel,0,2,2,虚构地方供给（游戏平衡）,User-authorized fictional gameplay supply
45,coal,0,2,2,虚构地方供给（游戏平衡）,User-authorized fictional gameplay supply
45,steel,0,2,2,虚构地方供给（游戏平衡）,User-authorized fictional gameplay supply
51,aluminium,0,4,4,虚构地方供给（游戏平衡）,User-authorized fictional gameplay supply
51,coal,0,2,2,虚构地方供给（游戏平衡）,User-authorized fictional gameplay supply
51,steel,0,2,2,虚构地方供给（游戏平衡）,User-authorized fictional gameplay supply
55,coal,24,60,36,北部煤盆·贝蒂讷,https://www.persee.fr/doc/ingeo_0020-0093_1938_num_3_2_6615
55,steel,0,8,8,北部·伊斯贝尔格钢铁,https://cnum.cnam.fr/pgi/redir.php?ident=BSPI.151&onglet=c
56,coal,0,2,2,虚构地方供给（游戏平衡）,User-authorized fictional gameplay supply
56,steel,0,2,2,虚构地方供给（游戏平衡）,User-authorized fictional gameplay supply
60,coal,0,2,2,虚构地方供给（游戏平衡）,User-authorized fictional gameplay supply
60,steel,0,2,2,虚构地方供给（游戏平衡）,User-authorized fictional gameplay supply
61,coal,24,56,32,北部煤盆·瓦朗谢讷,https://www.persee.fr/doc/ingeo_0020-0093_1938_num_3_2_6615
61,steel,0,32,32,北部·德南—瓦朗谢讷钢铁带,https://www.persee.fr/doc/geo_0003-4010_1937_num_46_261_12146
62,coal,20,52,32,北部煤盆·杜埃,https://www.persee.fr/doc/ingeo_0020-0093_1938_num_3_2_6615
62,steel,0,8,8,北部·杜埃矿冶工业,https://www.persee.fr/doc/geo_0003-4010_1937_num_46_261_12146
63,coal,32,64,32,北部煤盆·朗斯,https://www.persee.fr/doc/ingeo_0020-0093_1938_num_3_2_6615
63,steel,0,2,2,虚构地方供给（游戏平衡）,User-authorized fictional gameplay supply
67,coal,0,2,2,虚构地方供给（游戏平衡）,User-authorized fictional gameplay supply
67,steel,0,2,2,虚构地方供给（游戏平衡）,User-authorized fictional gameplay supply
68,coal,0,2,2,虚构地方供给（游戏平衡）,User-authorized fictional gameplay supply
68,steel,0,2,2,虚构地方供给（游戏平衡）,User-authorized fictional gameplay supply
69,coal,0,2,2,虚构地方供给（游戏平衡）,User-authorized fictional gameplay supply
69,steel,0,2,2,虚构地方供给（游戏平衡）,User-authorized fictional gameplay supply
70,aluminium,0,4,4,虚构地方供给（游戏平衡）,User-authorized fictional gameplay supply
70,coal,0,2,2,虚构地方供给（游戏平衡）,User-authorized fictional gameplay supply
70,steel,0,2,2,虚构地方供给（游戏平衡）,User-authorized fictional gameplay supply
72,coal,0,2,2,虚构地方供给（游戏平衡）,User-authorized fictional gameplay supply
72,steel,0,2,2,虚构地方供给（游戏平衡）,User-authorized fictional gameplay supply
73,coal,0,2,2,虚构地方供给（游戏平衡）,User-authorized fictional gameplay supply
73,steel,0,2,2,虚构地方供给（游戏平衡）,User-authorized fictional gameplay supply
74,coal,0,2,2,虚构地方供给（游戏平衡）,User-authorized fictional gameplay supply
74,steel,0,2,2,虚构地方供给（游戏平衡）,User-authorized fictional gameplay supply
75,coal,0,2,2,虚构地方供给（游戏平衡）,User-authorized fictional gameplay supply
75,steel,0,2,2,虚构地方供给（游戏平衡）,User-authorized fictional gameplay supply
76,coal,0,2,2,虚构地方供给（游戏平衡）,User-authorized fictional gameplay supply
76,steel,0,2,2,虚构地方供给（游戏平衡）,User-authorized fictional gameplay supply
77,coal,0,2,2,虚构地方供给（游戏平衡）,User-authorized fictional gameplay supply
77,steel,0,2,2,虚构地方供给（游戏平衡）,User-authorized fictional gameplay supply
80,coal,0,2,2,虚构地方供给（游戏平衡）,User-authorized fictional gameplay supply
80,steel,0,2,2,虚构地方供给（游戏平衡）,User-authorized fictional gameplay supply
81,coal,0,2,2,虚构地方供给（游戏平衡）,User-authorized fictional gameplay supply
81,steel,0,2,2,虚构地方供给（游戏平衡）,User-authorized fictional gameplay supply
83,coal,0,2,2,虚构地方供给（游戏平衡）,User-authorized fictional gameplay supply
83,steel,0,2,2,虚构地方供给（游戏平衡）,User-authorized fictional gameplay supply
84,aluminium,0,4,4,虚构地方供给（游戏平衡）,User-authorized fictional gameplay supply
84,coal,0,2,2,虚构地方供给（游戏平衡）,User-authorized fictional gameplay supply
84,steel,0,2,2,虚构地方供给（游戏平衡）,User-authorized fictional gameplay supply
85,coal,0,2,2,虚构地方供给（游戏平衡）,User-authorized fictional gameplay supply
85,steel,0,2,2,虚构地方供给（游戏平衡）,User-authorized fictional gameplay supply
86,coal,0,2,2,虚构地方供给（游戏平衡）,User-authorized fictional gameplay supply
86,steel,0,2,2,虚构地方供给（游戏平衡）,User-authorized fictional gameplay supply
88,coal,0,2,2,虚构地方供给（游戏平衡）,User-authorized fictional gameplay supply
88,steel,0,2,2,虚构地方供给（游戏平衡）,User-authorized fictional gameplay supply
89,coal,0,2,2,虚构地方供给（游戏平衡）,User-authorized fictional gameplay supply
89,steel,0,2,2,虚构地方供给（游戏平衡）,User-authorized fictional gameplay supply
90,coal,0,2,2,虚构地方供给（游戏平衡）,User-authorized fictional gameplay supply
90,steel,0,2,2,虚构地方供给（游戏平衡）,User-authorized fictional gameplay supply
92,coal,0,2,2,虚构地方供给（游戏平衡）,User-authorized fictional gameplay supply
92,steel,0,2,2,虚构地方供给（游戏平衡）,User-authorized fictional gameplay supply
93,coal,0,2,2,虚构地方供给（游戏平衡）,User-authorized fictional gameplay supply
93,steel,0,2,2,虚构地方供给（游戏平衡）,User-authorized fictional gameplay supply
94,coal,0,2,2,虚构地方供给（游戏平衡）,User-authorized fictional gameplay supply
94,steel,32,96,64,洛林·布里埃—隆维矿冶带,https://www.persee.fr/doc/geo_0003-4010_1937_num_46_261_12146
96,coal,0,2,2,虚构地方供给（游戏平衡）,User-authorized fictional gameplay supply
96,steel,0,2,2,虚构地方供给（游戏平衡）,User-authorized fictional gameplay supply
97,coal,0,2,2,虚构地方供给（游戏平衡）,User-authorized fictional gameplay supply
97,steel,0,2,2,虚构地方供给（游戏平衡）,User-authorized fictional gameplay supply
98,coal,0,2,2,虚构地方供给（游戏平衡）,User-authorized fictional gameplay supply
98,steel,24,88,64,洛林·阿扬日—阿尔格朗日,https://www.persee.fr/doc/geo_0003-4010_1937_num_46_261_12146
99,coal,0,2,2,虚构地方供给（游戏平衡）,User-authorized fictional gameplay supply
99,steel,0,2,2,虚构地方供给（游戏平衡）,User-authorized fictional gameplay supply
100,coal,0,2,2,虚构地方供给（游戏平衡）,User-authorized fictional gameplay supply
100,steel,0,2,2,虚构地方供给（游戏平衡）,User-authorized fictional gameplay supply
101,coal,0,2,2,虚构地方供给（游戏平衡）,User-authorized fictional gameplay supply
101,steel,0,2,2,虚构地方供给（游戏平衡）,User-authorized fictional gameplay supply
103,aluminium,0,4,4,虚构地方供给（游戏平衡）,User-authorized fictional gameplay supply
103,coal,0,2,2,虚构地方供给（游戏平衡）,User-authorized fictional gameplay supply
103,steel,0,2,2,虚构地方供给（游戏平衡）,User-authorized fictional gameplay supply
104,coal,0,2,2,虚构地方供给（游戏平衡）,User-authorized fictional gameplay supply
104,steel,0,2,2,虚构地方供给（游戏平衡）,User-authorized fictional gameplay supply
105,coal,0,2,2,虚构地方供给（游戏平衡）,User-authorized fictional gameplay supply
105,steel,0,2,2,虚构地方供给（游戏平衡）,User-authorized fictional gameplay supply
106,coal,0,2,2,虚构地方供给（游戏平衡）,User-authorized fictional gameplay supply
106,steel,0,2,2,虚构地方供给（游戏平衡）,User-authorized fictional gameplay supply
107,coal,0,2,2,虚构地方供给（游戏平衡）,User-authorized fictional gameplay supply
107,steel,0,2,2,虚构地方供给（游戏平衡）,User-authorized fictional gameplay supply
108,coal,0,2,2,虚构地方供给（游戏平衡）,User-authorized fictional gameplay supply
108,steel,0,2,2,虚构地方供给（游戏平衡）,User-authorized fictional gameplay supply
109,coal,0,2,2,虚构地方供给（游戏平衡）,User-authorized fictional gameplay supply
109,steel,12,20,8,诺曼底·苏蒙矿—卡昂钢铁,https://inventaire-patrimoine.normandie.fr/dossier/IA00001089
110,coal,0,2,2,虚构地方供给（游戏平衡）,User-authorized fictional gameplay supply
110,steel,0,2,2,虚构地方供给（游戏平衡）,User-authorized fictional gameplay supply
111,coal,0,2,2,虚构地方供给（游戏平衡）,User-authorized fictional gameplay supply
111,steel,0,2,2,虚构地方供给（游戏平衡）,User-authorized fictional gameplay supply
112,coal,0,2,2,虚构地方供给（游戏平衡）,User-authorized fictional gameplay supply
112,steel,0,24,24,洛林·梅斯西南摩泽尔钢铁带,https://www.persee.fr/doc/geo_0003-4010_1937_num_46_261_12146
114,coal,0,2,2,虚构地方供给（游戏平衡）,User-authorized fictional gameplay supply
114,steel,0,2,2,虚构地方供给（游戏平衡）,User-authorized fictional gameplay supply
115,coal,0,2,2,虚构地方供给（游戏平衡）,User-authorized fictional gameplay supply
115,steel,0,2,2,虚构地方供给（游戏平衡）,User-authorized fictional gameplay supply
116,coal,28,48,20,洛林·福尔巴克—小罗塞勒—圣阿沃尔,https://sigesrm.brgm.fr/Reservoir-minier-du-bassin-houiller-lorrain
116,steel,0,2,2,虚构地方供给（游戏平衡）,User-authorized fictional gameplay supply
117,coal,0,2,2,虚构地方供给（游戏平衡）,User-authorized fictional gameplay supply
117,steel,0,2,2,虚构地方供给（游戏平衡）,User-authorized fictional gameplay supply
118,coal,0,2,2,虚构地方供给（游戏平衡）,User-authorized fictional gameplay supply
118,steel,0,2,2,虚构地方供给（游戏平衡）,User-authorized fictional gameplay supply
119,coal,0,2,2,虚构地方供给（游戏平衡）,User-authorized fictional gameplay supply
119,steel,0,2,2,虚构地方供给（游戏平衡）,User-authorized fictional gameplay supply
120,coal,0,2,2,虚构地方供给（游戏平衡）,User-authorized fictional gameplay supply
120,steel,0,2,2,虚构地方供给（游戏平衡）,User-authorized fictional gameplay supply
121,coal,0,2,2,虚构地方供给（游戏平衡）,User-authorized fictional gameplay supply
121,steel,0,2,2,虚构地方供给（游戏平衡）,User-authorized fictional gameplay supply
122,coal,0,2,2,虚构地方供给（游戏平衡）,User-authorized fictional gameplay supply
122,steel,0,2,2,虚构地方供给（游戏平衡）,User-authorized fictional gameplay supply
123,coal,0,2,2,虚构地方供给（游戏平衡）,User-authorized fictional gameplay supply
123,steel,0,2,2,虚构地方供给（游戏平衡）,User-authorized fictional gameplay supply
124,coal,0,2,2,虚构地方供给（游戏平衡）,User-authorized fictional gameplay supply
124,steel,0,2,2,虚构地方供给（游戏平衡）,User-authorized fictional gameplay supply
125,coal,0,2,2,虚构地方供给（游戏平衡）,User-authorized fictional gameplay supply
125,steel,0,2,2,虚构地方供给（游戏平衡）,User-authorized fictional gameplay supply
126,coal,0,2,2,虚构地方供给（游戏平衡）,User-authorized fictional gameplay supply
126,steel,0,2,2,虚构地方供给（游戏平衡）,User-authorized fictional gameplay supply
127,coal,0,2,2,虚构地方供给（游戏平衡）,User-authorized fictional gameplay supply
127,steel,0,2,2,虚构地方供给（游戏平衡）,User-authorized fictional gameplay supply
128,coal,0,2,2,虚构地方供给（游戏平衡）,User-authorized fictional gameplay supply
128,steel,0,2,2,虚构地方供给（游戏平衡）,User-authorized fictional gameplay supply
129,coal,0,2,2,虚构地方供给（游戏平衡）,User-authorized fictional gameplay supply
129,steel,0,2,2,虚构地方供给（游戏平衡）,User-authorized fictional gameplay supply
130,coal,0,2,2,虚构地方供给（游戏平衡）,User-authorized fictional gameplay supply
130,steel,0,2,2,虚构地方供给（游戏平衡）,User-authorized fictional gameplay supply
131,coal,0,2,2,虚构地方供给（游戏平衡）,User-authorized fictional gameplay supply
131,steel,0,2,2,虚构地方供给（游戏平衡）,User-authorized fictional gameplay supply
132,coal,0,2,2,虚构地方供给（游戏平衡）,User-authorized fictional gameplay supply
132,steel,0,2,2,虚构地方供给（游戏平衡）,User-authorized fictional gameplay supply
133,aluminium,0,4,4,虚构地方供给（游戏平衡）,User-authorized fictional gameplay supply
133,coal,0,2,2,虚构地方供给（游戏平衡）,User-authorized fictional gameplay supply
133,steel,0,16,16,洛林·南锡—讷沃迈松—蓬塔穆松,https://www.persee.fr/doc/geo_0003-4010_1937_num_46_261_12146
134,coal,0,2,2,虚构地方供给（游戏平衡）,User-authorized fictional gameplay supply
134,steel,0,2,2,虚构地方供给（游戏平衡）,User-authorized fictional gameplay supply
135,coal,0,2,2,虚构地方供给（游戏平衡）,User-authorized fictional gameplay supply
135,steel,0,2,2,虚构地方供给（游戏平衡）,User-authorized fictional gameplay supply
136,coal,0,2,2,虚构地方供给（游戏平衡）,User-authorized fictional gameplay supply
136,steel,0,2,2,虚构地方供给（游戏平衡）,User-authorized fictional gameplay supply
137,coal,0,2,2,虚构地方供给（游戏平衡）,User-authorized fictional gameplay supply
137,steel,0,2,2,虚构地方供给（游戏平衡）,User-authorized fictional gameplay supply
138,coal,0,2,2,虚构地方供给（游戏平衡）,User-authorized fictional gameplay supply
138,steel,0,2,2,虚构地方供给（游戏平衡）,User-authorized fictional gameplay supply
139,coal,0,2,2,虚构地方供给（游戏平衡）,User-authorized fictional gameplay supply
139,steel,0,2,2,虚构地方供给（游戏平衡）,User-authorized fictional gameplay supply
140,coal,0,2,2,虚构地方供给（游戏平衡）,User-authorized fictional gameplay supply
140,steel,0,2,2,虚构地方供给（游戏平衡）,User-authorized fictional gameplay supply
141,coal,0,2,2,虚构地方供给（游戏平衡）,User-authorized fictional gameplay supply
141,steel,0,2,2,虚构地方供给（游戏平衡）,User-authorized fictional gameplay supply
142,coal,0,2,2,虚构地方供给（游戏平衡）,User-authorized fictional gameplay supply
142,steel,0,2,2,虚构地方供给（游戏平衡）,User-authorized fictional gameplay supply
143,aluminium,0,4,4,虚构地方供给（游戏平衡）,User-authorized fictional gameplay supply
143,coal,0,2,2,虚构地方供给（游戏平衡）,User-authorized fictional gameplay supply
143,steel,0,2,2,虚构地方供给（游戏平衡）,User-authorized fictional gameplay supply
144,coal,0,2,2,虚构地方供给（游戏平衡）,User-authorized fictional gameplay supply
144,steel,0,2,2,虚构地方供给（游戏平衡）,User-authorized fictional gameplay supply
145,coal,0,2,2,虚构地方供给（游戏平衡）,User-authorized fictional gameplay supply
145,steel,0,2,2,虚构地方供给（游戏平衡）,User-authorized fictional gameplay supply
146,coal,0,2,2,虚构地方供给（游戏平衡）,User-authorized fictional gameplay supply
146,steel,0,2,2,虚构地方供给（游戏平衡）,User-authorized fictional gameplay supply
147,coal,0,2,2,虚构地方供给（游戏平衡）,User-authorized fictional gameplay supply
147,steel,0,2,2,虚构地方供给（游戏平衡）,User-authorized fictional gameplay supply
148,coal,0,2,2,虚构地方供给（游戏平衡）,User-authorized fictional gameplay supply
148,steel,0,2,2,虚构地方供给（游戏平衡）,User-authorized fictional gameplay supply
149,coal,0,2,2,虚构地方供给（游戏平衡）,User-authorized fictional gameplay supply
149,steel,0,2,2,虚构地方供给（游戏平衡）,User-authorized fictional gameplay supply
150,coal,0,2,2,虚构地方供给（游戏平衡）,User-authorized fictional gameplay supply
150,steel,0,2,2,虚构地方供给（游戏平衡）,User-authorized fictional gameplay supply
152,coal,0,2,2,虚构地方供给（游戏平衡）,User-authorized fictional gameplay supply
152,steel,0,2,2,虚构地方供给（游戏平衡）,User-authorized fictional gameplay supply
153,coal,0,2,2,虚构地方供给（游戏平衡）,User-authorized fictional gameplay supply
153,steel,0,2,2,虚构地方供给（游戏平衡）,User-authorized fictional gameplay supply
154,coal,0,2,2,虚构地方供给（游戏平衡）,User-authorized fictional gameplay supply
154,steel,0,2,2,虚构地方供给（游戏平衡）,User-authorized fictional gameplay supply
155,coal,0,2,2,虚构地方供给（游戏平衡）,User-authorized fictional gameplay supply
155,steel,0,2,2,虚构地方供给（游戏平衡）,User-authorized fictional gameplay supply
156,coal,0,2,2,虚构地方供给（游戏平衡）,User-authorized fictional gameplay supply
156,steel,0,2,2,虚构地方供给（游戏平衡）,User-authorized fictional gameplay supply
157,coal,0,2,2,虚构地方供给（游戏平衡）,User-authorized fictional gameplay supply
157,steel,0,2,2,虚构地方供给（游戏平衡）,User-authorized fictional gameplay supply
158,coal,0,2,2,虚构地方供给（游戏平衡）,User-authorized fictional gameplay supply
158,steel,0,2,2,虚构地方供给（游戏平衡）,User-authorized fictional gameplay supply
159,coal,0,2,2,虚构地方供给（游戏平衡）,User-authorized fictional gameplay supply
159,steel,0,2,2,虚构地方供给（游戏平衡）,User-authorized fictional gameplay supply
160,coal,0,2,2,虚构地方供给（游戏平衡）,User-authorized fictional gameplay supply
160,steel,0,2,2,虚构地方供给（游戏平衡）,User-authorized fictional gameplay supply
161,coal,0,2,2,虚构地方供给（游戏平衡）,User-authorized fictional gameplay supply
161,steel,0,2,2,虚构地方供给（游戏平衡）,User-authorized fictional gameplay supply
162,coal,0,2,2,虚构地方供给（游戏平衡）,User-authorized fictional gameplay supply
162,steel,0,2,2,虚构地方供给（游戏平衡）,User-authorized fictional gameplay supply
163,coal,0,2,2,虚构地方供给（游戏平衡）,User-authorized fictional gameplay supply
163,steel,0,2,2,虚构地方供给（游戏平衡）,User-authorized fictional gameplay supply
164,coal,0,2,2,虚构地方供给（游戏平衡）,User-authorized fictional gameplay supply
164,steel,0,2,2,虚构地方供给（游戏平衡）,User-authorized fictional gameplay supply
165,coal,0,2,2,虚构地方供给（游戏平衡）,User-authorized fictional gameplay supply
165,steel,0,2,2,虚构地方供给（游戏平衡）,User-authorized fictional gameplay supply
166,coal,0,2,2,虚构地方供给（游戏平衡）,User-authorized fictional gameplay supply
166,steel,0,2,2,虚构地方供给（游戏平衡）,User-authorized fictional gameplay supply
167,coal,0,2,2,虚构地方供给（游戏平衡）,User-authorized fictional gameplay supply
167,steel,0,2,2,虚构地方供给（游戏平衡）,User-authorized fictional gameplay supply
168,coal,0,2,2,虚构地方供给（游戏平衡）,User-authorized fictional gameplay supply
168,steel,0,2,2,虚构地方供给（游戏平衡）,User-authorized fictional gameplay supply
169,coal,0,2,2,虚构地方供给（游戏平衡）,User-authorized fictional gameplay supply
169,steel,0,2,2,虚构地方供给（游戏平衡）,User-authorized fictional gameplay supply
170,coal,0,2,2,虚构地方供给（游戏平衡）,User-authorized fictional gameplay supply
170,steel,0,2,2,虚构地方供给（游戏平衡）,User-authorized fictional gameplay supply
173,aluminium,0,4,4,虚构地方供给（游戏平衡）,User-authorized fictional gameplay supply
173,coal,0,2,2,虚构地方供给（游戏平衡）,User-authorized fictional gameplay supply
173,steel,0,2,2,虚构地方供给（游戏平衡）,User-authorized fictional gameplay supply
174,coal,0,2,2,虚构地方供给（游戏平衡）,User-authorized fictional gameplay supply
174,steel,0,2,2,虚构地方供给（游戏平衡）,User-authorized fictional gameplay supply
175,coal,0,2,2,虚构地方供给（游戏平衡）,User-authorized fictional gameplay supply
175,steel,0,2,2,虚构地方供给（游戏平衡）,User-authorized fictional gameplay supply
176,coal,0,2,2,虚构地方供给（游戏平衡）,User-authorized fictional gameplay supply
176,steel,0,2,2,虚构地方供给（游戏平衡）,User-authorized fictional gameplay supply
177,coal,0,2,2,虚构地方供给（游戏平衡）,User-authorized fictional gameplay supply
177,steel,0,2,2,虚构地方供给（游戏平衡）,User-authorized fictional gameplay supply
178,coal,0,2,2,虚构地方供给（游戏平衡）,User-authorized fictional gameplay supply
178,steel,0,2,2,虚构地方供给（游戏平衡）,User-authorized fictional gameplay supply
179,coal,0,2,2,虚构地方供给（游戏平衡）,User-authorized fictional gameplay supply
179,steel,0,2,2,虚构地方供给（游戏平衡）,User-authorized fictional gameplay supply
180,coal,0,2,2,虚构地方供给（游戏平衡）,User-authorized fictional gameplay supply
180,steel,0,2,2,虚构地方供给（游戏平衡）,User-authorized fictional gameplay supply
181,coal,0,2,2,虚构地方供给（游戏平衡）,User-authorized fictional gameplay supply
181,steel,0,2,2,虚构地方供给（游戏平衡）,User-authorized fictional gameplay supply
182,coal,0,2,2,虚构地方供给（游戏平衡）,User-authorized fictional gameplay supply
182,steel,0,2,2,虚构地方供给（游戏平衡）,User-authorized fictional gameplay supply
183,coal,0,2,2,虚构地方供给（游戏平衡）,User-authorized fictional gameplay supply
183,steel,0,2,2,虚构地方供给（游戏平衡）,User-authorized fictional gameplay supply
184,coal,0,1,1,虚构地方供给（游戏平衡）,User-authorized fictional gameplay supply
184,steel,0,1,1,虚构地方供给（游戏平衡）,User-authorized fictional gameplay supply
185,coal,0,2,2,虚构地方供给（游戏平衡）,User-authorized fictional gameplay supply
185,steel,0,2,2,虚构地方供给（游戏平衡）,User-authorized fictional gameplay supply
186,coal,0,2,2,虚构地方供给（游戏平衡）,User-authorized fictional gameplay supply
186,steel,0,2,2,虚构地方供给（游戏平衡）,User-authorized fictional gameplay supply
187,coal,0,2,2,虚构地方供给（游戏平衡）,User-authorized fictional gameplay supply
187,steel,0,2,2,虚构地方供给（游戏平衡）,User-authorized fictional gameplay supply
188,coal,0,2,2,虚构地方供给（游戏平衡）,User-authorized fictional gameplay supply
188,steel,0,2,2,虚构地方供给（游戏平衡）,User-authorized fictional gameplay supply
189,coal,0,2,2,虚构地方供给（游戏平衡）,User-authorized fictional gameplay supply
189,steel,0,2,2,虚构地方供给（游戏平衡）,User-authorized fictional gameplay supply
190,coal,0,2,2,虚构地方供给（游戏平衡）,User-authorized fictional gameplay supply
190,steel,0,2,2,虚构地方供给（游戏平衡）,User-authorized fictional gameplay supply
191,coal,0,2,2,虚构地方供给（游戏平衡）,User-authorized fictional gameplay supply
191,steel,0,2,2,虚构地方供给（游戏平衡）,User-authorized fictional gameplay supply
192,coal,0,2,2,虚构地方供给（游戏平衡）,User-authorized fictional gameplay supply
192,steel,0,2,2,虚构地方供给（游戏平衡）,User-authorized fictional gameplay supply
193,coal,0,2,2,虚构地方供给（游戏平衡）,User-authorized fictional gameplay supply
193,steel,0,2,2,虚构地方供给（游戏平衡）,User-authorized fictional gameplay supply
194,coal,0,2,2,虚构地方供给（游戏平衡）,User-authorized fictional gameplay supply
194,steel,0,2,2,虚构地方供给（游戏平衡）,User-authorized fictional gameplay supply
195,coal,0,2,2,虚构地方供给（游戏平衡）,User-authorized fictional gameplay supply
195,steel,0,2,2,虚构地方供给（游戏平衡）,User-authorized fictional gameplay supply
196,coal,0,2,2,虚构地方供给（游戏平衡）,User-authorized fictional gameplay supply
196,steel,0,2,2,虚构地方供给（游戏平衡）,User-authorized fictional gameplay supply
197,coal,0,2,2,虚构地方供给（游戏平衡）,User-authorized fictional gameplay supply
197,steel,0,2,2,虚构地方供给（游戏平衡）,User-authorized fictional gameplay supply
198,coal,0,2,2,虚构地方供给（游戏平衡）,User-authorized fictional gameplay supply
198,steel,0,2,2,虚构地方供给（游戏平衡）,User-authorized fictional gameplay supply
199,coal,0,2,2,虚构地方供给（游戏平衡）,User-authorized fictional gameplay supply
199,steel,0,2,2,虚构地方供给（游戏平衡）,User-authorized fictional gameplay supply
200,aluminium,0,4,4,虚构地方供给（游戏平衡）,User-authorized fictional gameplay supply
200,coal,0,2,2,虚构地方供给（游戏平衡）,User-authorized fictional gameplay supply
200,steel,0,2,2,虚构地方供给（游戏平衡）,User-authorized fictional gameplay supply
201,aluminium,0,4,4,虚构地方供给（游戏平衡）,User-authorized fictional gameplay supply
201,coal,0,2,2,虚构地方供给（游戏平衡）,User-authorized fictional gameplay supply
201,steel,0,2,2,虚构地方供给（游戏平衡）,User-authorized fictional gameplay supply
203,coal,0,2,2,虚构地方供给（游戏平衡）,User-authorized fictional gameplay supply
203,steel,0,2,2,虚构地方供给（游戏平衡）,User-authorized fictional gameplay supply
204,coal,0,2,2,虚构地方供给（游戏平衡）,User-authorized fictional gameplay supply
204,steel,0,2,2,虚构地方供给（游戏平衡）,User-authorized fictional gameplay supply
205,coal,0,2,2,虚构地方供给（游戏平衡）,User-authorized fictional gameplay supply
205,steel,0,2,2,虚构地方供给（游戏平衡）,User-authorized fictional gameplay supply
206,coal,0,2,2,虚构地方供给（游戏平衡）,User-authorized fictional gameplay supply
206,steel,0,2,2,虚构地方供给（游戏平衡）,User-authorized fictional gameplay supply
207,coal,0,2,2,虚构地方供给（游戏平衡）,User-authorized fictional gameplay supply
207,steel,0,2,2,虚构地方供给（游戏平衡）,User-authorized fictional gameplay supply
208,coal,0,2,2,虚构地方供给（游戏平衡）,User-authorized fictional gameplay supply
208,steel,0,2,2,虚构地方供给（游戏平衡）,User-authorized fictional gameplay supply
209,coal,0,2,2,虚构地方供给（游戏平衡）,User-authorized fictional gameplay supply
209,steel,0,2,2,虚构地方供给（游戏平衡）,User-authorized fictional gameplay supply
210,coal,0,2,2,虚构地方供给（游戏平衡）,User-authorized fictional gameplay supply
210,steel,0,2,2,虚构地方供给（游戏平衡）,User-authorized fictional gameplay supply
211,coal,0,2,2,孚日南麓·龙尚,https://www.mineronchamp.fr/wp-content/uploads/2014/12/3uneexploitationdecharbon.pdf
211,steel,0,2,2,虚构地方供给（游戏平衡）,User-authorized fictional gameplay supply
212,coal,0,2,2,虚构地方供给（游戏平衡）,User-authorized fictional gameplay supply
212,steel,0,2,2,虚构地方供给（游戏平衡）,User-authorized fictional gameplay supply
213,coal,0,2,2,虚构地方供给（游戏平衡）,User-authorized fictional gameplay supply
213,steel,0,2,2,虚构地方供给（游戏平衡）,User-authorized fictional gameplay supply
214,coal,0,2,2,虚构地方供给（游戏平衡）,User-authorized fictional gameplay supply
214,steel,0,2,2,虚构地方供给（游戏平衡）,User-authorized fictional gameplay supply
215,coal,0,2,2,虚构地方供给（游戏平衡）,User-authorized fictional gameplay supply
215,steel,0,2,2,虚构地方供给（游戏平衡）,User-authorized fictional gameplay supply
216,coal,0,2,2,虚构地方供给（游戏平衡）,User-authorized fictional gameplay supply
216,steel,0,2,2,虚构地方供给（游戏平衡）,User-authorized fictional gameplay supply
217,coal,0,2,2,虚构地方供给（游戏平衡）,User-authorized fictional gameplay supply
217,steel,0,2,2,虚构地方供给（游戏平衡）,User-authorized fictional gameplay supply
218,coal,0,2,2,虚构地方供给（游戏平衡）,User-authorized fictional gameplay supply
218,steel,0,2,2,虚构地方供给（游戏平衡）,User-authorized fictional gameplay supply
219,coal,0,2,2,虚构地方供给（游戏平衡）,User-authorized fictional gameplay supply
219,steel,0,2,2,虚构地方供给（游戏平衡）,User-authorized fictional gameplay supply
220,coal,0,2,2,虚构地方供给（游戏平衡）,User-authorized fictional gameplay supply
220,steel,0,2,2,虚构地方供给（游戏平衡）,User-authorized fictional gameplay supply
222,coal,0,2,2,虚构地方供给（游戏平衡）,User-authorized fictional gameplay supply
222,steel,0,2,2,虚构地方供给（游戏平衡）,User-authorized fictional gameplay supply
223,coal,0,2,2,虚构地方供给（游戏平衡）,User-authorized fictional gameplay supply
223,steel,0,2,2,虚构地方供给（游戏平衡）,User-authorized fictional gameplay supply
224,coal,0,2,2,虚构地方供给（游戏平衡）,User-authorized fictional gameplay supply
224,steel,0,2,2,虚构地方供给（游戏平衡）,User-authorized fictional gameplay supply
225,coal,0,2,2,虚构地方供给（游戏平衡）,User-authorized fictional gameplay supply
225,steel,0,2,2,虚构地方供给（游戏平衡）,User-authorized fictional gameplay supply
226,aluminium,0,4,4,虚构地方供给（游戏平衡）,User-authorized fictional gameplay supply
226,coal,0,2,2,虚构地方供给（游戏平衡）,User-authorized fictional gameplay supply
226,steel,0,2,2,虚构地方供给（游戏平衡）,User-authorized fictional gameplay supply
229,coal,0,2,2,虚构地方供给（游戏平衡）,User-authorized fictional gameplay supply
229,steel,0,2,2,虚构地方供给（游戏平衡）,User-authorized fictional gameplay supply
230,coal,0,2,2,虚构地方供给（游戏平衡）,User-authorized fictional gameplay supply
230,steel,0,2,2,虚构地方供给（游戏平衡）,User-authorized fictional gameplay supply
231,coal,0,2,2,虚构地方供给（游戏平衡）,User-authorized fictional gameplay supply
231,steel,0,2,2,虚构地方供给（游戏平衡）,User-authorized fictional gameplay supply
234,coal,0,2,2,虚构地方供给（游戏平衡）,User-authorized fictional gameplay supply
234,steel,0,2,2,虚构地方供给（游戏平衡）,User-authorized fictional gameplay supply
237,coal,0,2,2,虚构地方供给（游戏平衡）,User-authorized fictional gameplay supply
237,steel,0,2,2,虚构地方供给（游戏平衡）,User-authorized fictional gameplay supply
239,coal,0,2,2,虚构地方供给（游戏平衡）,User-authorized fictional gameplay supply
239,steel,0,2,2,虚构地方供给（游戏平衡）,User-authorized fictional gameplay supply
240,coal,0,2,2,虚构地方供给（游戏平衡）,User-authorized fictional gameplay supply
240,steel,0,2,2,虚构地方供给（游戏平衡）,User-authorized fictional gameplay supply
242,coal,0,2,2,虚构地方供给（游戏平衡）,User-authorized fictional gameplay supply
242,steel,0,2,2,虚构地方供给（游戏平衡）,User-authorized fictional gameplay supply
243,aluminium,0,4,4,虚构地方供给（游戏平衡）,User-authorized fictional gameplay supply
243,coal,0,2,2,虚构地方供给（游戏平衡）,User-authorized fictional gameplay supply
243,steel,0,2,2,虚构地方供给（游戏平衡）,User-authorized fictional gameplay supply
245,coal,0,2,2,虚构地方供给（游戏平衡）,User-authorized fictional gameplay supply
245,steel,0,2,2,虚构地方供给（游戏平衡）,User-authorized fictional gameplay supply
248,coal,0,2,2,虚构地方供给（游戏平衡）,User-authorized fictional gameplay supply
248,steel,0,2,2,虚构地方供给（游戏平衡）,User-authorized fictional gameplay supply
249,aluminium,0,4,4,虚构地方供给（游戏平衡）,User-authorized fictional gameplay supply
249,coal,0,2,2,虚构地方供给（游戏平衡）,User-authorized fictional gameplay supply
249,steel,0,2,2,虚构地方供给（游戏平衡）,User-authorized fictional gameplay supply
250,coal,0,1,1,虚构地方供给（游戏平衡）,User-authorized fictional gameplay supply
250,steel,0,1,1,虚构地方供给（游戏平衡）,User-authorized fictional gameplay supply
251,coal,0,2,2,虚构地方供给（游戏平衡）,User-authorized fictional gameplay supply
251,steel,0,2,2,虚构地方供给（游戏平衡）,User-authorized fictional gameplay supply
252,coal,0,2,2,虚构地方供给（游戏平衡）,User-authorized fictional gameplay supply
252,steel,0,2,2,虚构地方供给（游戏平衡）,User-authorized fictional gameplay supply
254,coal,0,2,2,虚构地方供给（游戏平衡）,User-authorized fictional gameplay supply
254,steel,0,2,2,虚构地方供给（游戏平衡）,User-authorized fictional gameplay supply
256,coal,0,2,2,虚构地方供给（游戏平衡）,User-authorized fictional gameplay supply
256,steel,0,2,2,虚构地方供给（游戏平衡）,User-authorized fictional gameplay supply
258,coal,0,2,2,虚构地方供给（游戏平衡）,User-authorized fictional gameplay supply
258,steel,0,2,2,虚构地方供给（游戏平衡）,User-authorized fictional gameplay supply
259,coal,0,2,2,虚构地方供给（游戏平衡）,User-authorized fictional gameplay supply
259,steel,0,2,2,虚构地方供给（游戏平衡）,User-authorized fictional gameplay supply
260,coal,0,2,2,虚构地方供给（游戏平衡）,User-authorized fictional gameplay supply
260,steel,0,2,2,虚构地方供给（游戏平衡）,User-authorized fictional gameplay supply
262,coal,0,6,6,涅夫勒·拉马希讷—德西兹,https://www.musee-mine-lamachine.fr/la-machine/
262,steel,0,2,2,虚构地方供给（游戏平衡）,User-authorized fictional gameplay supply
263,coal,0,2,2,虚构地方供给（游戏平衡）,User-authorized fictional gameplay supply
263,steel,0,2,2,虚构地方供给（游戏平衡）,User-authorized fictional gameplay supply
266,coal,0,20,20,勃艮第·布朗济—蒙索莱米讷,https://www.musee-mine-blanzy.fr/wp-content/uploads/2018/06/Musee_MINE_Guide_Sd-1.pdf
266,steel,0,12,12,勃艮第·勒克勒佐特钢,https://www.persee.fr/doc/ingeo_0020-0093_1938_num_3_2_6615
267,coal,0,2,2,虚构地方供给（游戏平衡）,User-authorized fictional gameplay supply
267,steel,0,2,2,虚构地方供给（游戏平衡）,User-authorized fictional gameplay supply
268,coal,0,2,2,虚构地方供给（游戏平衡）,User-authorized fictional gameplay supply
268,steel,0,2,2,虚构地方供给（游戏平衡）,User-authorized fictional gameplay supply
269,coal,0,2,2,虚构地方供给（游戏平衡）,User-authorized fictional gameplay supply
269,steel,0,2,2,虚构地方供给（游戏平衡）,User-authorized fictional gameplay supply
271,coal,0,1,1,虚构地方供给（游戏平衡）,User-authorized fictional gameplay supply
271,steel,0,1,1,虚构地方供给（游戏平衡）,User-authorized fictional gameplay supply
272,coal,0,2,2,虚构地方供给（游戏平衡）,User-authorized fictional gameplay supply
272,steel,0,2,2,虚构地方供给（游戏平衡）,User-authorized fictional gameplay supply
273,coal,0,2,2,虚构地方供给（游戏平衡）,User-authorized fictional gameplay supply
273,steel,0,2,2,虚构地方供给（游戏平衡）,User-authorized fictional gameplay supply
276,coal,0,2,2,虚构地方供给（游戏平衡）,User-authorized fictional gameplay supply
276,steel,0,2,2,虚构地方供给（游戏平衡）,User-authorized fictional gameplay supply
279,coal,0,2,2,虚构地方供给（游戏平衡）,User-authorized fictional gameplay supply
279,steel,0,2,2,虚构地方供给（游戏平衡）,User-authorized fictional gameplay supply
281,coal,0,1,1,虚构地方供给（游戏平衡）,User-authorized fictional gameplay supply
281,steel,0,1,1,虚构地方供给（游戏平衡）,User-authorized fictional gameplay supply
282,coal,0,2,2,虚构地方供给（游戏平衡）,User-authorized fictional gameplay supply
282,steel,0,2,2,虚构地方供给（游戏平衡）,User-authorized fictional gameplay supply
284,coal,0,2,2,虚构地方供给（游戏平衡）,User-authorized fictional gameplay supply
284,steel,0,2,2,虚构地方供给（游戏平衡）,User-authorized fictional gameplay supply
286,coal,0,2,2,虚构地方供给（游戏平衡）,User-authorized fictional gameplay supply
286,steel,0,2,2,虚构地方供给（游戏平衡）,User-authorized fictional gameplay supply
288,coal,0,2,2,虚构地方供给（游戏平衡）,User-authorized fictional gameplay supply
288,steel,0,2,2,虚构地方供给（游戏平衡）,User-authorized fictional gameplay supply
289,coal,0,6,6,阿列·比克西耶尔—努瓦扬,https://www.paysages.auvergne-rhone-alpes.gouv.fr/4-05-combrailles-a502.html
289,steel,0,2,2,虚构地方供给（游戏平衡）,User-authorized fictional gameplay supply
290,coal,0,2,2,虚构地方供给（游戏平衡）,User-authorized fictional gameplay supply
290,steel,0,2,2,虚构地方供给（游戏平衡）,User-authorized fictional gameplay supply
291,coal,0,2,2,虚构地方供给（游戏平衡）,User-authorized fictional gameplay supply
291,steel,0,2,2,虚构地方供给（游戏平衡）,User-authorized fictional gameplay supply
292,coal,0,2,2,虚构地方供给（游戏平衡）,User-authorized fictional gameplay supply
292,steel,0,2,2,虚构地方供给（游戏平衡）,User-authorized fictional gameplay supply
293,coal,0,1,1,虚构地方供给（游戏平衡）,User-authorized fictional gameplay supply
293,steel,0,1,1,虚构地方供给（游戏平衡）,User-authorized fictional gameplay supply
294,coal,0,2,2,虚构地方供给（游戏平衡）,User-authorized fictional gameplay supply
294,steel,0,2,2,虚构地方供给（游戏平衡）,User-authorized fictional gameplay supply
296,coal,0,2,2,虚构地方供给（游戏平衡）,User-authorized fictional gameplay supply
296,steel,0,2,2,虚构地方供给（游戏平衡）,User-authorized fictional gameplay supply
297,coal,0,2,2,虚构地方供给（游戏平衡）,User-authorized fictional gameplay supply
297,steel,0,2,2,虚构地方供给（游戏平衡）,User-authorized fictional gameplay supply
299,aluminium,0,4,4,虚构地方供给（游戏平衡）,User-authorized fictional gameplay supply
299,coal,0,2,2,虚构地方供给（游戏平衡）,User-authorized fictional gameplay supply
299,steel,0,2,2,虚构地方供给（游戏平衡）,User-authorized fictional gameplay supply
301,coal,0,2,2,虚构地方供给（游戏平衡）,User-authorized fictional gameplay supply
301,steel,0,2,2,虚构地方供给（游戏平衡）,User-authorized fictional gameplay supply
303,coal,0,2,2,虚构地方供给（游戏平衡）,User-authorized fictional gameplay supply
303,steel,0,2,2,虚构地方供给（游戏平衡）,User-authorized fictional gameplay supply
304,coal,0,2,2,虚构地方供给（游戏平衡）,User-authorized fictional gameplay supply
304,steel,0,2,2,虚构地方供给（游戏平衡）,User-authorized fictional gameplay supply
307,coal,0,2,2,虚构地方供给（游戏平衡）,User-authorized fictional gameplay supply
307,steel,0,2,2,虚构地方供给（游戏平衡）,User-authorized fictional gameplay supply
308,coal,0,2,2,虚构地方供给（游戏平衡）,User-authorized fictional gameplay supply
308,steel,0,2,2,虚构地方供给（游戏平衡）,User-authorized fictional gameplay supply
309,coal,0,2,2,虚构地方供给（游戏平衡）,User-authorized fictional gameplay supply
309,steel,0,2,2,虚构地方供给（游戏平衡）,User-authorized fictional gameplay supply
310,coal,0,2,2,虚构地方供给（游戏平衡）,User-authorized fictional gameplay supply
310,steel,0,2,2,虚构地方供给（游戏平衡）,User-authorized fictional gameplay supply
312,coal,0,2,2,虚构地方供给（游戏平衡）,User-authorized fictional gameplay supply
312,steel,0,2,2,虚构地方供给（游戏平衡）,User-authorized fictional gameplay supply
313,coal,0,2,2,虚构地方供给（游戏平衡）,User-authorized fictional gameplay supply
313,steel,0,2,2,虚构地方供给（游戏平衡）,User-authorized fictional gameplay supply
314,coal,0,2,2,虚构地方供给（游戏平衡）,User-authorized fictional gameplay supply
314,steel,0,2,2,虚构地方供给（游戏平衡）,User-authorized fictional gameplay supply
315,coal,0,2,2,虚构地方供给（游戏平衡）,User-authorized fictional gameplay supply
315,steel,0,2,2,虚构地方供给（游戏平衡）,User-authorized fictional gameplay supply
316,coal,0,2,2,虚构地方供给（游戏平衡）,User-authorized fictional gameplay supply
316,steel,0,2,2,虚构地方供给（游戏平衡）,User-authorized fictional gameplay supply
317,coal,0,1,1,虚构地方供给（游戏平衡）,User-authorized fictional gameplay supply
317,steel,0,1,1,虚构地方供给（游戏平衡）,User-authorized fictional gameplay supply
318,coal,0,12,12,奥弗涅·圣埃卢瓦—梅塞,https://www.paysages.auvergne-rhone-alpes.gouv.fr/4-05-combrailles-a502.html
318,steel,0,2,2,虚构地方供给（游戏平衡）,User-authorized fictional gameplay supply
319,coal,0,2,2,虚构地方供给（游戏平衡）,User-authorized fictional gameplay supply
319,steel,0,2,2,虚构地方供给（游戏平衡）,User-authorized fictional gameplay supply
321,coal,0,1,1,虚构地方供给（游戏平衡）,User-authorized fictional gameplay supply
321,steel,0,1,1,虚构地方供给（游戏平衡）,User-authorized fictional gameplay supply
322,coal,0,2,2,虚构地方供给（游戏平衡）,User-authorized fictional gameplay supply
322,steel,0,2,2,虚构地方供给（游戏平衡）,User-authorized fictional gameplay supply
324,coal,0,2,2,虚构地方供给（游戏平衡）,User-authorized fictional gameplay supply
324,steel,0,2,2,虚构地方供给（游戏平衡）,User-authorized fictional gameplay supply
325,coal,0,2,2,虚构地方供给（游戏平衡）,User-authorized fictional gameplay supply
325,steel,0,2,2,虚构地方供给（游戏平衡）,User-authorized fictional gameplay supply
326,aluminium,0,4,4,虚构地方供给（游戏平衡）,User-authorized fictional gameplay supply
326,coal,0,2,2,虚构地方供给（游戏平衡）,User-authorized fictional gameplay supply
326,steel,0,2,2,虚构地方供给（游戏平衡）,User-authorized fictional gameplay supply
329,coal,0,2,2,虚构地方供给（游戏平衡）,User-authorized fictional gameplay supply
329,steel,0,2,2,虚构地方供给（游戏平衡）,User-authorized fictional gameplay supply
330,coal,0,2,2,虚构地方供给（游戏平衡）,User-authorized fictional gameplay supply
330,steel,0,2,2,虚构地方供给（游戏平衡）,User-authorized fictional gameplay supply
331,coal,0,2,2,虚构地方供给（游戏平衡）,User-authorized fictional gameplay supply
331,steel,0,2,2,虚构地方供给（游戏平衡）,User-authorized fictional gameplay supply
332,coal,0,2,2,虚构地方供给（游戏平衡）,User-authorized fictional gameplay supply
332,steel,0,2,2,虚构地方供给（游戏平衡）,User-authorized fictional gameplay supply
333,coal,0,2,2,虚构地方供给（游戏平衡）,User-authorized fictional gameplay supply
333,steel,0,2,2,虚构地方供给（游戏平衡）,User-authorized fictional gameplay supply
336,aluminium,0,4,4,虚构地方供给（游戏平衡）,User-authorized fictional gameplay supply
336,coal,0,2,2,虚构地方供给（游戏平衡）,User-authorized fictional gameplay supply
336,steel,0,2,2,虚构地方供给（游戏平衡）,User-authorized fictional gameplay supply
337,coal,0,2,2,虚构地方供给（游戏平衡）,User-authorized fictional gameplay supply
337,steel,0,2,2,虚构地方供给（游戏平衡）,User-authorized fictional gameplay supply
338,coal,0,2,2,虚构地方供给（游戏平衡）,User-authorized fictional gameplay supply
338,steel,0,2,2,虚构地方供给（游戏平衡）,User-authorized fictional gameplay supply
339,coal,0,2,2,虚构地方供给（游戏平衡）,User-authorized fictional gameplay supply
339,steel,0,2,2,虚构地方供给（游戏平衡）,User-authorized fictional gameplay supply
340,coal,0,2,2,虚构地方供给（游戏平衡）,User-authorized fictional gameplay supply
340,steel,0,2,2,虚构地方供给（游戏平衡）,User-authorized fictional gameplay supply
341,coal,0,2,2,虚构地方供给（游戏平衡）,User-authorized fictional gameplay supply
341,steel,0,2,2,虚构地方供给（游戏平衡）,User-authorized fictional gameplay supply
342,coal,0,2,2,虚构地方供给（游戏平衡）,User-authorized fictional gameplay supply
342,steel,0,2,2,虚构地方供给（游戏平衡）,User-authorized fictional gameplay supply
343,coal,0,2,2,虚构地方供给（游戏平衡）,User-authorized fictional gameplay supply
343,steel,0,2,2,虚构地方供给（游戏平衡）,User-authorized fictional gameplay supply
345,aluminium,0,4,4,虚构地方供给（游戏平衡）,User-authorized fictional gameplay supply
345,coal,0,2,2,虚构地方供给（游戏平衡）,User-authorized fictional gameplay supply
345,steel,0,2,2,虚构地方供给（游戏平衡）,User-authorized fictional gameplay supply
348,coal,0,2,2,虚构地方供给（游戏平衡）,User-authorized fictional gameplay supply
348,steel,0,2,2,虚构地方供给（游戏平衡）,User-authorized fictional gameplay supply
349,coal,0,2,2,虚构地方供给（游戏平衡）,User-authorized fictional gameplay supply
349,steel,0,2,2,虚构地方供给（游戏平衡）,User-authorized fictional gameplay supply
351,coal,0,2,2,虚构地方供给（游戏平衡）,User-authorized fictional gameplay supply
351,steel,0,2,2,虚构地方供给（游戏平衡）,User-authorized fictional gameplay supply
353,coal,0,2,2,虚构地方供给（游戏平衡）,User-authorized fictional gameplay supply
353,steel,0,2,2,虚构地方供给（游戏平衡）,User-authorized fictional gameplay supply
354,coal,0,2,2,虚构地方供给（游戏平衡）,User-authorized fictional gameplay supply
354,steel,0,2,2,虚构地方供给（游戏平衡）,User-authorized fictional gameplay supply
355,coal,0,2,2,虚构地方供给（游戏平衡）,User-authorized fictional gameplay supply
355,steel,0,2,2,虚构地方供给（游戏平衡）,User-authorized fictional gameplay supply
356,coal,0,6,6,奥弗涅·布拉萨克莱米讷,https://www.paysages.auvergne-rhone-alpes.gouv.fr/4-05-combrailles-a502.html
356,steel,0,2,2,虚构地方供给（游戏平衡）,User-authorized fictional gameplay supply
358,coal,0,2,2,虚构地方供给（游戏平衡）,User-authorized fictional gameplay supply
358,steel,0,2,2,虚构地方供给（游戏平衡）,User-authorized fictional gameplay supply
360,coal,16,28,12,卢瓦尔·圣艾蒂安—里夫德日耶,https://musee-mine.saint-etienne.fr/approfondir/lhistoire-de-couriot
360,steel,0,12,12,卢瓦尔·圣艾蒂安钢铁工业,https://www.persee.fr/doc/ingeo_0020-0093_1938_num_3_2_6615
361,coal,0,2,2,虚构地方供给（游戏平衡）,User-authorized fictional gameplay supply
361,steel,0,2,2,虚构地方供给（游戏平衡）,User-authorized fictional gameplay supply
362,coal,0,2,2,虚构地方供给（游戏平衡）,User-authorized fictional gameplay supply
362,steel,0,2,2,虚构地方供给（游戏平衡）,User-authorized fictional gameplay supply
363,coal,0,2,2,虚构地方供给（游戏平衡）,User-authorized fictional gameplay supply
363,steel,0,2,2,虚构地方供给（游戏平衡）,User-authorized fictional gameplay supply
365,coal,0,6,6,多菲内·拉米尔—拉莫特达韦扬无烟煤,https://www.matheysine-tourisme.com/en/discover-matheysine/cultural-heritage/mining-history/
365,steel,0,2,2,虚构地方供给（游戏平衡）,User-authorized fictional gameplay supply
366,coal,0,2,2,康塔尔·尚帕尼亚克,https://www.paysages.auvergne-rhone-alpes.gouv.fr/4-05-combrailles-a502.html
366,steel,0,2,2,虚构地方供给（游戏平衡）,User-authorized fictional gameplay supply
368,coal,0,2,2,虚构地方供给（游戏平衡）,User-authorized fictional gameplay supply
368,steel,0,2,2,虚构地方供给（游戏平衡）,User-authorized fictional gameplay supply
369,coal,0,2,2,奥弗涅·上卢瓦尔煤盆南段,https://infoterre.brgm.fr/rapports/RR-37826-FR.pdf
369,steel,0,2,2,虚构地方供给（游戏平衡）,User-authorized fictional gameplay supply
372,coal,0,2,2,虚构地方供给（游戏平衡）,User-authorized fictional gameplay supply
372,steel,0,2,2,虚构地方供给（游戏平衡）,User-authorized fictional gameplay supply
373,coal,0,2,2,虚构地方供给（游戏平衡）,User-authorized fictional gameplay supply
373,steel,0,2,2,虚构地方供给（游戏平衡）,User-authorized fictional gameplay supply
374,coal,0,2,2,虚构地方供给（游戏平衡）,User-authorized fictional gameplay supply
374,steel,0,2,2,虚构地方供给（游戏平衡）,User-authorized fictional gameplay supply
375,coal,0,2,2,虚构地方供给（游戏平衡）,User-authorized fictional gameplay supply
375,steel,0,2,2,虚构地方供给（游戏平衡）,User-authorized fictional gameplay supply
376,coal,0,2,2,虚构地方供给（游戏平衡）,User-authorized fictional gameplay supply
376,steel,0,2,2,虚构地方供给（游戏平衡）,User-authorized fictional gameplay supply
377,coal,0,2,2,虚构地方供给（游戏平衡）,User-authorized fictional gameplay supply
377,steel,0,2,2,虚构地方供给（游戏平衡）,User-authorized fictional gameplay supply
378,coal,0,2,2,虚构地方供给（游戏平衡）,User-authorized fictional gameplay supply
378,steel,0,2,2,虚构地方供给（游戏平衡）,User-authorized fictional gameplay supply
380,coal,0,2,2,虚构地方供给（游戏平衡）,User-authorized fictional gameplay supply
380,steel,0,2,2,虚构地方供给（游戏平衡）,User-authorized fictional gameplay supply
383,coal,0,2,2,虚构地方供给（游戏平衡）,User-authorized fictional gameplay supply
383,steel,0,2,2,虚构地方供给（游戏平衡）,User-authorized fictional gameplay supply
384,coal,0,2,2,虚构地方供给（游戏平衡）,User-authorized fictional gameplay supply
384,steel,0,2,2,虚构地方供给（游戏平衡）,User-authorized fictional gameplay supply
385,coal,0,2,2,虚构地方供给（游戏平衡）,User-authorized fictional gameplay supply
385,steel,0,2,2,虚构地方供给（游戏平衡）,User-authorized fictional gameplay supply
386,coal,0,2,2,虚构地方供给（游戏平衡）,User-authorized fictional gameplay supply
386,steel,0,2,2,虚构地方供给（游戏平衡）,User-authorized fictional gameplay supply
387,coal,0,2,2,虚构地方供给（游戏平衡）,User-authorized fictional gameplay supply
387,steel,0,2,2,虚构地方供给（游戏平衡）,User-authorized fictional gameplay supply
389,aluminium,0,4,4,虚构地方供给（游戏平衡）,User-authorized fictional gameplay supply
389,coal,0,2,2,虚构地方供给（游戏平衡）,User-authorized fictional gameplay supply
389,steel,0,2,2,虚构地方供给（游戏平衡）,User-authorized fictional gameplay supply
391,coal,0,2,2,虚构地方供给（游戏平衡）,User-authorized fictional gameplay supply
391,steel,0,2,2,虚构地方供给（游戏平衡）,User-authorized fictional gameplay supply
392,coal,0,2,2,虚构地方供给（游戏平衡）,User-authorized fictional gameplay supply
392,steel,0,2,2,虚构地方供给（游戏平衡）,User-authorized fictional gameplay supply
393,coal,0,2,2,虚构地方供给（游戏平衡）,User-authorized fictional gameplay supply
393,steel,0,2,2,虚构地方供给（游戏平衡）,User-authorized fictional gameplay supply
396,coal,0,2,2,虚构地方供给（游戏平衡）,User-authorized fictional gameplay supply
396,steel,0,2,2,虚构地方供给（游戏平衡）,User-authorized fictional gameplay supply
397,coal,0,2,2,虚构地方供给（游戏平衡）,User-authorized fictional gameplay supply
397,steel,0,2,2,虚构地方供给（游戏平衡）,User-authorized fictional gameplay supply
398,coal,0,2,2,虚构地方供给（游戏平衡）,User-authorized fictional gameplay supply
398,steel,0,2,2,虚构地方供给（游戏平衡）,User-authorized fictional gameplay supply
400,coal,0,2,2,虚构地方供给（游戏平衡）,User-authorized fictional gameplay supply
400,steel,0,2,2,虚构地方供给（游戏平衡）,User-authorized fictional gameplay supply
401,coal,0,2,2,虚构地方供给（游戏平衡）,User-authorized fictional gameplay supply
401,steel,0,2,2,虚构地方供给（游戏平衡）,User-authorized fictional gameplay supply
402,coal,0,2,2,虚构地方供给（游戏平衡）,User-authorized fictional gameplay supply
402,steel,0,2,2,虚构地方供给（游戏平衡）,User-authorized fictional gameplay supply
403,coal,0,2,2,虚构地方供给（游戏平衡）,User-authorized fictional gameplay supply
403,steel,0,2,2,虚构地方供给（游戏平衡）,User-authorized fictional gameplay supply
404,coal,0,2,2,虚构地方供给（游戏平衡）,User-authorized fictional gameplay supply
404,steel,0,2,2,虚构地方供给（游戏平衡）,User-authorized fictional gameplay supply
406,coal,0,2,2,虚构地方供给（游戏平衡）,User-authorized fictional gameplay supply
406,steel,0,2,2,虚构地方供给（游戏平衡）,User-authorized fictional gameplay supply
407,coal,0,10,10,阿韦龙·德卡兹维尔—欧班,https://cnes.fr/geoimage/occitanie-bassin-de-decazeville-un-ancien-pays-noir-espace-rural-de-moyenne-montagne-porte
407,steel,0,2,2,虚构地方供给（游戏平衡）,User-authorized fictional gameplay supply
408,coal,0,1,1,虚构地方供给（游戏平衡）,User-authorized fictional gameplay supply
408,steel,0,1,1,虚构地方供给（游戏平衡）,User-authorized fictional gameplay supply
410,coal,0,2,2,虚构地方供给（游戏平衡）,User-authorized fictional gameplay supply
410,steel,0,2,2,虚构地方供给（游戏平衡）,User-authorized fictional gameplay supply
412,coal,0,2,2,虚构地方供给（游戏平衡）,User-authorized fictional gameplay supply
412,steel,0,2,2,虚构地方供给（游戏平衡）,User-authorized fictional gameplay supply
413,coal,0,2,2,虚构地方供给（游戏平衡）,User-authorized fictional gameplay supply
413,steel,0,2,2,虚构地方供给（游戏平衡）,User-authorized fictional gameplay supply
414,coal,0,16,16,塞文·阿莱斯—拉格朗孔布,https://www.musee-mine-blanzy.fr/wp-content/uploads/2018/06/Musee_MINE_Guide_Sd-1.pdf
414,steel,0,2,2,虚构地方供给（游戏平衡）,User-authorized fictional gameplay supply
415,coal,0,2,2,虚构地方供给（游戏平衡）,User-authorized fictional gameplay supply
415,steel,0,2,2,虚构地方供给（游戏平衡）,User-authorized fictional gameplay supply
418,coal,0,2,2,虚构地方供给（游戏平衡）,User-authorized fictional gameplay supply
418,steel,0,2,2,虚构地方供给（游戏平衡）,User-authorized fictional gameplay supply
419,coal,0,2,2,虚构地方供给（游戏平衡）,User-authorized fictional gameplay supply
419,steel,0,2,2,虚构地方供给（游戏平衡）,User-authorized fictional gameplay supply
420,coal,0,2,2,虚构地方供给（游戏平衡）,User-authorized fictional gameplay supply
420,steel,0,2,2,虚构地方供给（游戏平衡）,User-authorized fictional gameplay supply
421,coal,0,2,2,虚构地方供给（游戏平衡）,User-authorized fictional gameplay supply
421,steel,0,2,2,虚构地方供给（游戏平衡）,User-authorized fictional gameplay supply
422,coal,0,2,2,虚构地方供给（游戏平衡）,User-authorized fictional gameplay supply
422,steel,0,2,2,虚构地方供给（游戏平衡）,User-authorized fictional gameplay supply
423,coal,0,2,2,虚构地方供给（游戏平衡）,User-authorized fictional gameplay supply
423,steel,0,2,2,虚构地方供给（游戏平衡）,User-authorized fictional gameplay supply
424,coal,0,2,2,虚构地方供给（游戏平衡）,User-authorized fictional gameplay supply
424,steel,0,2,2,虚构地方供给（游戏平衡）,User-authorized fictional gameplay supply
425,coal,0,2,2,虚构地方供给（游戏平衡）,User-authorized fictional gameplay supply
425,steel,0,2,2,虚构地方供给（游戏平衡）,User-authorized fictional gameplay supply
426,coal,0,2,2,虚构地方供给（游戏平衡）,User-authorized fictional gameplay supply
426,steel,0,2,2,虚构地方供给（游戏平衡）,User-authorized fictional gameplay supply
427,coal,0,2,2,虚构地方供给（游戏平衡）,User-authorized fictional gameplay supply
427,steel,0,2,2,虚构地方供给（游戏平衡）,User-authorized fictional gameplay supply
430,coal,0,12,12,塔恩·卡尔莫—阿尔比—卡尼亚克,https://www.tourisme-tarn.com/wp-content/uploads/2023/09/cap_charbon_difficile_VTT.pdf
430,steel,0,2,2,虚构地方供给（游戏平衡）,User-authorized fictional gameplay supply
431,coal,0,2,2,虚构地方供给（游戏平衡）,User-authorized fictional gameplay supply
431,steel,0,2,2,虚构地方供给（游戏平衡）,User-authorized fictional gameplay supply
434,coal,0,2,2,虚构地方供给（游戏平衡）,User-authorized fictional gameplay supply
434,steel,0,2,2,虚构地方供给（游戏平衡）,User-authorized fictional gameplay supply
435,coal,0,2,2,虚构地方供给（游戏平衡）,User-authorized fictional gameplay supply
435,steel,0,2,2,虚构地方供给（游戏平衡）,User-authorized fictional gameplay supply
436,coal,0,2,2,虚构地方供给（游戏平衡）,User-authorized fictional gameplay supply
436,steel,0,2,2,虚构地方供给（游戏平衡）,User-authorized fictional gameplay supply
437,coal,0,2,2,虚构地方供给（游戏平衡）,User-authorized fictional gameplay supply
437,steel,0,2,2,虚构地方供给（游戏平衡）,User-authorized fictional gameplay supply
438,coal,0,2,2,虚构地方供给（游戏平衡）,User-authorized fictional gameplay supply
438,steel,0,2,2,虚构地方供给（游戏平衡）,User-authorized fictional gameplay supply
439,aluminium,0,4,4,虚构地方供给（游戏平衡）,User-authorized fictional gameplay supply
439,coal,0,2,2,虚构地方供给（游戏平衡）,User-authorized fictional gameplay supply
439,steel,0,2,2,虚构地方供给（游戏平衡）,User-authorized fictional gameplay supply
440,coal,0,2,2,虚构地方供给（游戏平衡）,User-authorized fictional gameplay supply
440,steel,0,2,2,虚构地方供给（游戏平衡）,User-authorized fictional gameplay supply
441,coal,0,2,2,虚构地方供给（游戏平衡）,User-authorized fictional gameplay supply
441,steel,0,2,2,虚构地方供给（游戏平衡）,User-authorized fictional gameplay supply
442,coal,0,2,2,虚构地方供给（游戏平衡）,User-authorized fictional gameplay supply
442,steel,0,2,2,虚构地方供给（游戏平衡）,User-authorized fictional gameplay supply
444,coal,0,2,2,虚构地方供给（游戏平衡）,User-authorized fictional gameplay supply
444,steel,0,2,2,虚构地方供给（游戏平衡）,User-authorized fictional gameplay supply
445,coal,0,2,2,虚构地方供给（游戏平衡）,User-authorized fictional gameplay supply
445,steel,0,2,2,虚构地方供给（游戏平衡）,User-authorized fictional gameplay supply
446,aluminium,16,40,24,瓦尔·布里尼奥勒—卡巴斯—图尔沃铝土矿,https://www.caprovenceverte.fr/https-museesetcentresdart-caprovenceverte-fr/musee-gueules-rouges/histoire/
446,coal,0,2,2,虚构地方供给（游戏平衡）,User-authorized fictional gameplay supply
446,steel,0,2,2,虚构地方供给（游戏平衡）,User-authorized fictional gameplay supply
447,coal,0,2,2,虚构地方供给（游戏平衡）,User-authorized fictional gameplay supply
447,steel,0,2,2,虚构地方供给（游戏平衡）,User-authorized fictional gameplay supply
448,coal,0,10,10,普罗旺斯·加尔达讷—菲沃褐煤,https://www.paca.developpement-durable.gouv.fr/la-mine-de-lignite-de-gardanne-dans-les-bouches-du-a986.html
448,steel,0,2,2,虚构地方供给（游戏平衡）,User-authorized fictional gameplay supply
449,aluminium,0,4,4,虚构地方供给（游戏平衡）,User-authorized fictional gameplay supply
449,coal,0,4,4,埃罗·格雷塞萨克煤盆,https://www.herault.gouv.fr/content/download/25902/184383/file/Rapport_Geoderis.pdf
449,steel,0,2,2,虚构地方供给（游戏平衡）,User-authorized fictional gameplay supply
452,coal,0,2,2,虚构地方供给（游戏平衡）,User-authorized fictional gameplay supply
452,steel,0,2,2,虚构地方供给（游戏平衡）,User-authorized fictional gameplay supply
453,coal,0,2,2,虚构地方供给（游戏平衡）,User-authorized fictional gameplay supply
453,steel,0,2,2,虚构地方供给（游戏平衡）,User-authorized fictional gameplay supply
454,coal,0,2,2,虚构地方供给（游戏平衡）,User-authorized fictional gameplay supply
454,steel,0,2,2,虚构地方供给（游戏平衡）,User-authorized fictional gameplay supply
455,coal,0,2,2,虚构地方供给（游戏平衡）,User-authorized fictional gameplay supply
455,steel,0,2,2,虚构地方供给（游戏平衡）,User-authorized fictional gameplay supply
456,coal,0,2,2,虚构地方供给（游戏平衡）,User-authorized fictional gameplay supply
456,steel,0,2,2,虚构地方供给（游戏平衡）,User-authorized fictional gameplay supply
461,coal,0,2,2,虚构地方供给（游戏平衡）,User-authorized fictional gameplay supply
461,steel,0,2,2,虚构地方供给（游戏平衡）,User-authorized fictional gameplay supply
462,coal,0,2,2,虚构地方供给（游戏平衡）,User-authorized fictional gameplay supply
462,steel,0,2,2,虚构地方供给（游戏平衡）,User-authorized fictional gameplay supply
463,aluminium,0,4,4,虚构地方供给（游戏平衡）,User-authorized fictional gameplay supply
463,coal,0,2,2,虚构地方供给（游戏平衡）,User-authorized fictional gameplay supply
463,steel,0,2,2,虚构地方供给（游戏平衡）,User-authorized fictional gameplay supply
464,coal,0,2,2,虚构地方供给（游戏平衡）,User-authorized fictional gameplay supply
464,steel,0,2,2,虚构地方供给（游戏平衡）,User-authorized fictional gameplay supply
468,coal,0,2,2,虚构地方供给（游戏平衡）,User-authorized fictional gameplay supply
468,steel,0,2,2,虚构地方供给（游戏平衡）,User-authorized fictional gameplay supply
469,coal,0,2,2,虚构地方供给（游戏平衡）,User-authorized fictional gameplay supply
469,steel,0,2,2,虚构地方供给（游戏平衡）,User-authorized fictional gameplay supply
471,coal,0,2,2,虚构地方供给（游戏平衡）,User-authorized fictional gameplay supply
471,steel,0,2,2,虚构地方供给（游戏平衡）,User-authorized fictional gameplay supply
475,coal,0,2,2,虚构地方供给（游戏平衡）,User-authorized fictional gameplay supply
475,steel,0,2,2,虚构地方供给（游戏平衡）,User-authorized fictional gameplay supply
476,coal,0,2,2,虚构地方供给（游戏平衡）,User-authorized fictional gameplay supply
476,steel,0,2,2,虚构地方供给（游戏平衡）,User-authorized fictional gameplay supply
478,coal,0,2,2,虚构地方供给（游戏平衡）,User-authorized fictional gameplay supply
478,steel,0,2,2,虚构地方供给（游戏平衡）,User-authorized fictional gameplay supply
479,coal,0,2,2,虚构地方供给（游戏平衡）,User-authorized fictional gameplay supply
479,steel,0,2,2,虚构地方供给（游戏平衡）,User-authorized fictional gameplay supply
481,coal,0,2,2,虚构地方供给（游戏平衡）,User-authorized fictional gameplay supply
481,steel,0,2,2,虚构地方供给（游戏平衡）,User-authorized fictional gameplay supply
485,coal,0,2,2,虚构地方供给（游戏平衡）,User-authorized fictional gameplay supply
485,steel,0,2,2,虚构地方供给（游戏平衡）,User-authorized fictional gameplay supply
487,coal,0,2,2,虚构地方供给（游戏平衡）,User-authorized fictional gameplay supply
487,steel,0,2,2,虚构地方供给（游戏平衡）,User-authorized fictional gameplay supply
490,coal,0,2,2,虚构地方供给（游戏平衡）,User-authorized fictional gameplay supply
490,steel,0,2,2,虚构地方供给（游戏平衡）,User-authorized fictional gameplay supply
491,coal,0,2,2,虚构地方供给（游戏平衡）,User-authorized fictional gameplay supply
491,steel,0,2,2,虚构地方供给（游戏平衡）,User-authorized fictional gameplay supply
497,coal,0,2,2,虚构地方供给（游戏平衡）,User-authorized fictional gameplay supply
497,steel,0,2,2,虚构地方供给（游戏平衡）,User-authorized fictional gameplay supply
499,coal,0,2,2,虚构地方供给（游戏平衡）,User-authorized fictional gameplay supply
499,steel,0,2,2,虚构地方供给（游戏平衡）,User-authorized fictional gameplay supply
504,aluminium,0,4,4,虚构地方供给（游戏平衡）,User-authorized fictional gameplay supply
504,coal,0,2,2,虚构地方供给（游戏平衡）,User-authorized fictional gameplay supply
504,steel,0,2,2,虚构地方供给（游戏平衡）,User-authorized fictional gameplay supply
509,coal,0,2,2,虚构地方供给（游戏平衡）,User-authorized fictional gameplay supply
509,steel,0,2,2,虚构地方供给（游戏平衡）,User-authorized fictional gameplay supply
525,coal,0,2,2,虚构地方供给（游戏平衡）,User-authorized fictional gameplay supply
525,steel,0,2,2,虚构地方供给（游戏平衡）,User-authorized fictional gameplay supply
526,coal,0,2,2,虚构地方供给（游戏平衡）,User-authorized fictional gameplay supply
526,steel,0,2,2,虚构地方供给（游戏平衡）,User-authorized fictional gameplay supply
527,coal,0,2,2,虚构地方供给（游戏平衡）,User-authorized fictional gameplay supply
527,steel,0,2,2,虚构地方供给（游戏平衡）,User-authorized fictional gameplay supply
