region_id,map_file,old_chinese,corrected_chinese,sea_provinces
1,1-Strait of Calais.txt,空白区域,加莱海峡,10
2,2-Eastern Seine Bay.txt,边界,塞纳湾东部,7
3,3-Western Seine Bay.txt,英格兰北岸,塞纳湾西部,6
4,4-Dieppe Coast.txt,英格兰南岸,迪耶普沿岸,6
5,5-Abbevile Coast.txt,英吉利海峡东部,阿布维尔沿岸,3
6,6-Cherbourg Coast.txt,英吉利海峡北部,瑟堡沿岸,3
7,7-Netherland Coast.txt,诺曼底沿岸,荷兰沿岸,2
8,8-Belgian Coast.txt,圣米歇尔湾,比利时沿岸,5
9,9-London Bay.txt,菲尼斯泰尔沿岸,伦敦湾,1
10,10-St Malo Bay.txt,布列塔尼南岸,圣马洛湾,4
11,11-Coutance Coast.txt,波尔多沿岸,库唐斯沿岸,3
12,12-Channel Islands.txt,比利牛斯沿岸,海峡群岛近海,10
13,13-St Brieux Coast.txt,西班牙北岸,圣布里厄沿岸,8
14,14-Morlaix Coast.txt,大西洋,莫尔莱沿岸,7
15,15-Brest Coast.txt,马赛湾,布雷斯特沿岸,11
16,16-East Sussex Coast.txt,西班牙南岸,东萨塞克斯沿岸,5
17,17-West Sussex Coast.txt,尼斯沿岸,西萨塞克斯沿岸,3
18,18-Isle of Wight Coast.txt,意大利沿岸,怀特岛近海,4
19,19-Dorset Coast.txt,科西嘉西岸,多塞特沿岸,5
20,20-Southern Devon Coast.txt,科西嘉南岸,德文郡南岸,8
21,21-Southern Cornwall Coast.txt,地中海,康沃尔南岸,12
22,22-Northern Cornwall Coast.txt,科西嘉,康沃尔北岸,12
23,23-Northern Devon Coast.txt,撒丁,德文郡北岸,8
24,24-Sommerset Bay.txt,意大利,萨默塞特湾,3
25,25-West Channel.txt,西班牙,英吉利海峡西部,16
26,26-Center Channel.txt,瑞士,英吉利海峡中部,15
27,27-East Channel.txt,奥地利,英吉利海峡东部,12
28,28-Atlantic.txt,德国,大西洋,14
29,29-Quimper Coast.txt,英格兰,坎佩尔沿岸,9
30,30-Lorient Coast.txt,卢森堡,洛里昂沿岸,4
31,31-Vannes Coast.txt,比利时,瓦讷沿岸,4
32,32-St Nazaire Coast.txt,荷兰,圣纳泽尔沿岸,6
33,33-Olonne Coast.txt,大东部,奥洛讷沿岸,2
34,34-La Rochelle Coast.txt,上法兰西,拉罗谢尔沿岸,2
35,35-Rochefort Coast.txt,诺曼底,罗什福尔沿岸,3
36,36-Bordeaux Coast.txt,布列塔尼,波尔多沿岸,6
37,37-Arachons Coast.txt,法兰西岛,阿卡雄沿岸,7
38,38-Dax Coast.txt,卢瓦尔河地区,达克斯沿岸,7
39,39-Bayonne Coast.txt,中央-卢瓦尔河谷,巴约讷沿岸,7
40,40-Basque Coast.txt,勃艮第-弗朗什-孔泰,巴斯克沿岸,9
41,41-Northern Spanish Coast.txt,奥弗涅-罗讷-阿尔卑斯,西班牙北岸,18
42,42-South East Atlantic.txt,普罗旺斯-阿尔卑斯-蓝色海岸,大西洋东南部,36
43,43-South West Atlantic.txt,新阿基坦,大西洋西南部,41
44,44-North East Atlantic.txt,奥克西塔尼,大西洋东北部,26
45,45-North West Atlantic.txt,挪威海,大西洋西北部,48
46,46-Northern Atlantic.txt,巴伦支海,大西洋北部,32
47,47-Atlantic Border.txt,伊比利亚沿岸,大西洋外围,21
48,48-Perpignan Coast.txt,非洲海岸,佩皮尼昂沿岸,5
49,49-Narbonne Coast.txt,北大西洋海脊,纳博讷沿岸,4
50,50-Montpellier Coast.txt,拉布拉多海,蒙彼利埃沿岸,4
51,51-Istres Coast.txt,大西洋中脊,伊斯特尔沿岸,5
52,52-Marseille Coast.txt,墨西哥湾,马赛沿岸,5
53,53-Toulon.txt,加勒比海,土伦近海,6
54,54-Draguignan Coast.txt,东美利坚沿海,德拉吉尼昂沿岸,3
55,55-Nice Coast.txt,纽芬兰海,尼斯沿岸,4
56,56-Ligurian Coast.txt,中大西洋,利古里亚沿岸,11
57,57-Toscan Coast.txt,马尾藻海,托斯卡纳沿岸,7
58,58-Elban Coast.txt,中大西洋裂谷,厄尔巴岛近海,7
59,59-Calvi Coast.txt,德默拉拉深海平原,卡尔维沿岸,7
60,60-Bastian Coast.txt,西印度洋,巴斯蒂亚沿岸,4
61,61-Corte Coast.txt,佛得角深海平原,科尔泰近海,5
62,62-Sartene Coast.txt,几内亚湾,萨尔泰讷沿岸,17
63,63-Ajaccio Coast.txt,阿根廷海岸,阿雅克肖沿岸,5
64,64-Barcelonese Coast.txt,南乔治亚海,巴塞罗那沿岸,13
65,65-South Spanish Coast.txt,非洲海角,西班牙南岸,7
66,66-North West Mediteranean.txt,中南大西洋,地中海西北部,22
67,67-South West Mediteranean.txt,大西洋-印度洋海脊,地中海西南部,18
68,68-South East Mediteranean.txt,西地中海,地中海东南部,22
69,69-North East Mediteranean.txt,东地中海,地中海东北部,23
70,70-Ligurian Sea.txt,里海,利古里亚海,17
71,71-Italian Sea.txt,东印度洋,意大利近海,18
72,72-Outside the Map.txt,马六甲海峡,地图外海域,271
