州ID,中文城镇,官方市镇名称,市镇代码,省份ID,胜利点,1936年现行市镇边界人口,经度,纬度,距省份像素,来源
36,阿兹布鲁克,Hazebrouck,59295,9181,3,15462,2.5369,50.7228,0.4518,https://geo.api.gouv.fr/communes/59295
36,巴约勒,Bailleul,59043,9175,3,10928,2.7347,50.7398,0.2639,https://geo.api.gouv.fr/communes/59043
36,梅尔维尔,Merville,59400,1861,3,7089,2.6386,50.6424,0.373,https://geo.api.gouv.fr/communes/59400
39,利斯河畔艾尔,Aire-sur-la-Lys,62014,7539,3,7875,2.3961,50.6384,0.4341,https://geo.api.gouv.fr/communes/62014
39,阿尔克,Arques,62040,5899,3,5006,2.2949,50.7337,0.2636,https://geo.api.gouv.fr/communes/62040
40,吉讷,Guînes,62397,9101,1,4273,1.8698,50.8696,0.5162,https://geo.api.gouv.fr/communes/62397
40,马尔克,Marck,62548,7100,1,3161,1.9561,50.949,0.259,https://geo.api.gouv.fr/communes/62548
45,德夫尔,Desvres,62268,9237,3,5051,1.8342,50.668,0.2398,https://geo.api.gouv.fr/communes/62268
45,马尔基斯,Marquise,62560,9134,1,3903,1.7035,50.8145,0.2352,https://geo.api.gouv.fr/communes/62560
51,鲁贝,Roubaix,59512,8691,5,107105,3.1741,50.691,0.1368,https://geo.api.gouv.fr/communes/59512
51,阿尔芒蒂耶尔,Armentières,59017,3440,5,24049,2.8825,50.6867,0.2034,https://geo.api.gouv.fr/communes/59017
51,马尔克昂巴勒尔,Marcq-en-Barœul,59378,9208,5,21322,3.0936,50.6732,0.2249,https://geo.api.gouv.fr/communes/59378
55,布吕埃拉比西耶尔,Bruay-la-Buissière,62178,6106,5,32205,2.5458,50.4823,0.4502,https://geo.api.gouv.fr/communes/62178
55,欧谢勒,Auchel,62048,9311,3,13192,2.4672,50.5035,0.305,https://geo.api.gouv.fr/communes/62048
55,巴兰,Barlin,62083,4523,3,10064,2.617,50.4568,0.4793,https://geo.api.gouv.fr/communes/62083
56,贝尔克,Berck,62108,9367,3,16700,1.5926,50.4082,0.4944,https://geo.api.gouv.fr/communes/62108
56,埃塔普勒,Étaples,62318,9322,3,6768,1.6381,50.5142,0.5946,https://geo.api.gouv.fr/communes/62318
60,泰尔努瓦斯地区圣波勒,Saint-Pol-sur-Ternoise,62767,9368,1,4736,2.3364,50.3812,0.6349,https://geo.api.gouv.fr/communes/62767
60,弗雷旺,Frévent,62361,5835,1,3759,2.293,50.2784,0.3465,https://geo.api.gouv.fr/communes/62361
61,德南,Denain,59172,9398,5,26478,3.3945,50.3265,0.1944,https://geo.api.gouv.fr/communes/59172
61,昂赞,Anzin,59014,9386,3,14804,3.5008,50.3698,0.1074,https://geo.api.gouv.fr/communes/59014
61,圣阿芒莱索,Saint-Amand-les-Eaux,59526,4382,3,14762,3.4288,50.45,0.3801,https://geo.api.gouv.fr/communes/59526
62,索曼,Somain,59574,9385,3,11717,3.2812,50.3592,0.4701,https://geo.api.gouv.fr/communes/59574
62,瓦济耶,Waziers,59654,1235,3,9777,3.1092,50.3858,0.6122,https://geo.api.gouv.fr/communes/59654
63,埃南博蒙,Hénin-Beaumont,62427,9352,5,23096,2.9467,50.419,0.6512,https://geo.api.gouv.fr/communes/62427
63,卡尔万,Carvin,62215,2107,3,13012,2.9582,50.4914,0.2954,https://geo.api.gouv.fr/communes/62215
63,萨洛米讷,Sallaumines,62771,5534,3,12488,2.8597,50.4211,0.1914,https://geo.api.gouv.fr/communes/62771
67,弗里维尔埃斯卡尔博坦,Friville-Escarbotin,80368,543,1,3509,1.5503,50.0907,0.3456,https://geo.api.gouv.fr/communes/80368
67,滨海卡约,Cayeux-sur-Mer,80182,5750,1,3122,1.4934,50.1792,1.8809,https://geo.api.gouv.fr/communes/80182
68,莫伯日,Maubeuge,59392,7822,5,23630,3.9671,50.2803,0.257,https://geo.api.gouv.fr/communes/59392
68,欧蒙,Hautmont,59291,9435,3,14636,3.9206,50.2516,0.4366,https://geo.api.gouv.fr/communes/59291
68,富尔米,Fourmies,59249,9565,3,13787,4.0466,50.0182,0.4884,https://geo.api.gouv.fr/communes/59249
69,科德里,Caudry,59139,9503,3,13286,3.4102,50.1244,0.4122,https://geo.api.gouv.fr/communes/59139
69,勒卡托康布雷西,Le Cateau-Cambrésis,59136,1784,3,8226,3.5427,50.1056,0.3955,https://geo.api.gouv.fr/communes/59136
70,杜朗,Doullens,80253,9473,3,5770,2.3412,50.1574,0.4507,https://geo.api.gouv.fr/communes/80253
70,科尔比,Corbie,80212,4124,1,4546,2.512,49.9077,0.5012,https://geo.api.gouv.fr/communes/80212
70,隆戈,Longueau,80489,9655,1,3906,2.3572,49.87,0.6034,https://geo.api.gouv.fr/communes/80489
72,勒万,Revin,08363,8578,3,7826,4.6373,49.9421,0.4312,https://geo.api.gouv.fr/communes/08363
72,日韦,Givet,08190,9502,3,6923,4.8245,50.1364,0.2439,https://geo.api.gouv.fr/communes/08190
73,阿尔贝,Albert,80016,7395,3,9255,2.6518,50.0012,0.0923,https://geo.api.gouv.fr/communes/80016
73,昂,Ham,80410,1313,1,4120,3.0726,49.7483,0.3599,https://geo.api.gouv.fr/communes/80410
74,厄镇,Eu,76255,9552,3,5655,1.4171,50.0493,0.1033,https://geo.api.gouv.fr/communes/76255
74,布赖地区古尔奈,Gournay-en-Bray,76312,10017,1,4746,1.7245,49.4801,0.5139,https://geo.api.gouv.fr/communes/76312
75,伊尔松,Hirson,02381,9627,3,11203,4.0841,49.9202,0.292,https://geo.api.gouv.fr/communes/02381
75,吉斯,Guise,02361,1291,3,7864,3.6253,49.8979,0.2915,https://geo.api.gouv.fr/communes/02361
76,韦尔芒杜瓦地区博安,Bohain-en-Vermandois,02095,9583,3,6246,3.4548,49.987,0.1323,https://geo.api.gouv.fr/communes/02095
76,里布蒙,Ribemont,02648,2037,1,1976,3.4594,49.7956,0.2599,https://geo.api.gouv.fr/communes/02648
77,鲁瓦,Roye,80685,9756,1,4956,2.7891,49.6978,0.446,https://geo.api.gouv.fr/communes/80685
77,莫勒伊,Moreuil,80570,4466,1,2892,2.4833,49.7723,0.5228,https://geo.api.gouv.fr/communes/80570
80,费康,Fécamp,76259,5938,3,17708,0.3811,49.7556,0.3305,https://geo.api.gouv.fr/communes/76259
80,博尔贝克,Bolbec,76114,3215,3,10209,0.4743,49.574,0.4422,https://geo.api.gouv.fr/communes/76114
80,蒙蒂维利耶,Montivilliers,76447,9899,3,6980,0.1924,49.5457,0.6042,https://geo.api.gouv.fr/communes/76447
81,林中弗里涅,Vrigne aux Bois,08491,7115,1,3631,4.8586,49.7363,0.4145,https://geo.api.gouv.fr/communes/08491
81,卡里尼昂,Carignan,08090,5419,1,2472,5.1686,49.6322,0.2798,https://geo.api.gouv.fr/communes/08090
83,泰尔尼耶,Tergnier,02738,8085,3,13644,3.2917,49.6562,0.2615,https://geo.api.gouv.fr/communes/02738
83,绍尼,Chauny,02173,9852,3,9061,3.2195,49.6156,0.5443,https://geo.api.gouv.fr/communes/02173
84,小克维伊,Le Petit-Quevilly,76498,8313,3,19474,1.0527,49.4303,0.4095,https://geo.api.gouv.fr/communes/76498
84,埃尔伯夫,Elbeuf,76231,2098,3,17506,1.0071,49.2921,0.1623,https://geo.api.gouv.fr/communes/76231
84,圣艾蒂安迪鲁夫赖,Saint-Étienne-du-Rouvray,76575,3773,3,11275,1.1083,49.3798,0.4173,https://geo.api.gouv.fr/communes/76575
85,梅吕,Méru,60395,10277,3,5260,2.1352,49.2362,0.4714,https://geo.api.gouv.fr/communes/60395
85,布雷勒,Bresles,60103,10092,1,2225,2.2525,49.4088,0.4685,https://geo.api.gouv.fr/communes/60103
86,罗基尼,Rocquigny,08366,6253,1,1264,4.2492,49.6899,0.0276,https://geo.api.gouv.fr/communes/08366
86,阿斯费尔德,Asfeld,08024,7748,1,941,4.117,49.4691,0.4744,https://geo.api.gouv.fr/communes/08024
88,拉阿格,La Hague,50041,9798,3,5603,-1.8302,49.6615,0.414,https://geo.api.gouv.fr/communes/50041
88,瓦洛涅,Valognes,50615,9950,1,4989,-1.4724,49.5072,0.522,https://geo.api.gouv.fr/communes/50615
89,努瓦永,Noyon,60471,9900,3,6335,3.0005,49.5802,0.415,https://geo.api.gouv.fr/communes/60471
89,图罗特,Thourotte,60636,10019,1,2112,2.8834,49.4786,0.5636,https://geo.api.gouv.fr/communes/60636
90,利昂库尔,Liancourt,60360,10133,1,3120,2.4679,49.3292,0.5718,https://geo.api.gouv.fr/communes/60360
90,圣瑞斯特昂绍塞,Saint-Just-en-Chaussée,60581,9967,1,2970,2.4353,49.5056,0.0967,https://geo.api.gouv.fr/communes/60581
92,布利尼,Bouligny,55063,4554,3,5404,5.7412,49.2934,0.1265,https://geo.api.gouv.fr/communes/55063
92,斯特奈,Stenay,55502,8302,1,4563,5.1885,49.4925,0.4584,https://geo.api.gouv.fr/communes/55502
93,阿蒂尼,Attigny,08025,9968,1,1450,4.5779,49.478,0.3502,https://geo.api.gouv.fr/communes/08025
93,拜龙地区,Bairon et ses environs,08116,9983,1,1333,4.7634,49.5134,0.5089,https://geo.api.gouv.fr/communes/08116
94,隆维,Longwy,54323,2252,3,14457,5.7686,49.5145,0.6377,https://geo.api.gouv.fr/communes/54323
94,热夫,Jœuf,54280,10318,3,9689,6.0087,49.2299,0.1406,https://geo.api.gouv.fr/communes/54280
96,于茨,Yutz,57757,6729,3,9822,6.1922,49.3616,0.4844,https://geo.api.gouv.fr/communes/57757
96,大埃唐日,Hettange-Grande,57323,10069,1,3222,6.1514,49.4075,0.4597,https://geo.api.gouv.fr/communes/57323
97,维莱科特雷,Villers-Cotterêts,02810,10246,3,5708,3.0909,49.2551,0.521,https://geo.api.gouv.fr/communes/02810
97,埃纳河畔瓦伊,Vailly-sur-Aisne,02758,10068,1,1631,3.5165,49.411,0.5995,https://geo.api.gouv.fr/communes/02758
98,大穆瓦厄夫尔,Moyeuvre-Grande,57491,7000,3,11067,6.0451,49.2513,0.3936,https://geo.api.gouv.fr/communes/57491
98,阿尔格朗日,Algrange,57012,10129,3,7953,6.0502,49.3613,0.4173,https://geo.api.gouv.fr/communes/57012
99,蓬托德梅尔,Pont-Audemer,27467,8242,3,7529,0.5169,49.3572,0.4142,https://geo.api.gouv.fr/communes/27467
99,乌什地区梅尼勒,Mesnil-en-Ouche,27049,10524,1,4249,0.7053,49.0126,0.4633,https://geo.api.gouv.fr/communes/27049
100,韦尔农,Vernon,27681,10386,3,11330,1.4855,49.093,3.786,https://geo.api.gouv.fr/communes/27681
100,卢维耶,Louviers,27375,2871,3,10239,1.1687,49.2142,0.2225,https://geo.api.gouv.fr/communes/27375
101,翁弗勒尔,Honfleur,14333,3941,3,8021,0.2345,49.4202,0.6076,https://geo.api.gouv.fr/communes/14333
101,奥日河谷梅济东,Mézidon Vallée d'Auge,14431,4719,3,7767,-0.0655,49.0715,0.1508,https://geo.api.gouv.fr/communes/14431
103,菲姆,Fismes,51250,10247,1,3111,3.6802,49.3073,0.3758,https://geo.api.gouv.fr/communes/51250
103,坦克,Tinqueux,51573,7365,1,1615,3.989,49.2504,0.3675,https://geo.api.gouv.fr/communes/51573
104,滨海伊西尼,Isigny-sur-Mer,14342,2537,1,4747,-1.1029,49.3202,0.8005,https://geo.api.gouv.fr/communes/14342
104,勒莫莱利特里,Le Molay-Littry,14370,10270,1,2264,-0.8723,49.2422,0.2653,https://geo.api.gouv.fr/communes/14370
105,拉埃,La Haye,50236,7491,1,3754,-1.5452,49.2909,0.3078,https://geo.api.gouv.fr/communes/50236
105,圣索沃尔诸镇,Saint-Sauveur-Villages,50550,10420,1,3457,-1.4117,49.1306,0.3317,https://geo.api.gouv.fr/communes/50550
106,克罗伊茨瓦尔德,Creutzwald,57160,2291,3,7839,6.6962,49.205,0.4471,https://geo.api.gouv.fr/communes/57160
106,布宗维尔,Bouzonville,57106,10203,1,2458,6.5358,49.2902,0.3613,https://geo.api.gouv.fr/communes/57106
107,卡朗唐莱马雷,Carentan-les-Marais,50099,3171,3,7573,-1.246,49.303,0.406,https://geo.api.gouv.fr/communes/50099
107,维勒迪厄莱波埃勒鲁菲尼,Villedieu-les-Poêles-Rouffigny,50639,10770,1,4211,-1.2219,48.8381,0.5547,https://geo.api.gouv.fr/communes/50639
108,克雷伊,Creil,60175,6030,3,10899,2.4728,49.2606,0.5067,https://geo.api.gouv.fr/communes/60175
108,尚蒂伊,Chantilly,60141,6543,3,6002,2.4661,49.1922,0.6099,https://geo.api.gouv.fr/communes/60141
109,法莱斯,Falaise,14258,8791,3,5643,-0.202,48.8936,0.5786,https://geo.api.gouv.fr/communes/14258
109,科隆贝勒,Colombelles,14167,5858,1,3455,-0.2973,49.2038,0.3999,https://geo.api.gouv.fr/communes/14167
110,索姆皮塔于尔,Sommepy-Tahure,51544,2486,1,608,4.5585,49.2507,0.3863,https://geo.api.gouv.fr/communes/51544
110,阿尔贡地区日夫里,Givry-en-Argonne,51272,10612,1,528,4.8872,48.9507,0.2057,https://geo.api.gouv.fr/communes/51272
111,大穆尔默隆,Mourmelon-le-Grand,51388,6231,3,6877,4.3661,49.1409,0.1993,https://geo.api.gouv.fr/communes/51388
111,叙普,Suippes,51559,10402,1,4967,4.5321,49.1309,0.3878,https://geo.api.gouv.fr/communes/51559
112,阿贡当日,Hagondange,57283,4913,3,7003,6.1679,49.2541,0.3099,https://geo.api.gouv.fr/communes/57283
112,龙巴,Rombas,57591,10289,3,6459,6.0933,49.2512,0.388,https://geo.api.gouv.fr/communes/57591
114,费尔昂塔尔德努瓦,Fère-en-Tardenois,02305,3776,1,2169,3.5137,49.2025,0.5501,https://geo.api.gouv.fr/communes/02305
114,马恩河畔沙尔利,Charly-sur-Marne,02163,10601,1,1538,3.2843,48.9753,0.495,https://geo.api.gouv.fr/communes/02163
115,瓦兹河畔博蒙,Beaumont-sur-Oise,95052,10392,3,5442,2.2845,49.1416,0.1461,https://geo.api.gouv.fr/communes/95052
115,圣旺洛莫讷,Saint-Ouen-l'Aumône,95572,10504,1,4610,2.1063,49.0444,0.239,https://geo.api.gouv.fr/communes/95572
116,弗雷曼梅尔勒巴克,Freyming-Merlebach,57240,10436,3,14835,6.8189,49.1469,0.2079,https://geo.api.gouv.fr/communes/57240
116,圣阿沃尔德,Saint-Avold,57606,4596,3,9132,6.7059,49.1043,0.3021,https://geo.api.gouv.fr/communes/57606
117,乌什地区孔什,Conches-en-Ouche,27165,10616,1,2422,0.9427,48.9617,0.6513,https://geo.api.gouv.fr/communes/27165
117,厄尔河畔埃济,Ézy-sur-Eure,27230,10742,1,1867,1.4197,48.8658,0.3407,https://geo.api.gouv.fr/communes/27230
118,比奇,Bitche,57089,10530,3,9342,7.4274,49.0504,0.2115,https://geo.api.gouv.fr/communes/57089
118,萨拉尔布,Sarralbe,57628,4652,1,3828,7.0298,48.9996,0.485,https://geo.api.gouv.fr/communes/57628
119,蒙莫朗西,Montmorency,95428,10617,3,10535,2.3208,48.9895,0.1187,https://geo.api.gouv.fr/communes/95428
119,古桑维尔,Goussainville,95280,8454,3,6228,2.4733,49.0323,0.4656,https://geo.api.gouv.fr/communes/95280
120,艾香槟,Aÿ-Champagne,51030,10527,3,6087,4.0046,49.0534,0.3697,https://geo.api.gouv.fr/communes/51030
120,塞扎讷,Sézanne,51535,10988,3,5027,3.7226,48.7241,0.5132,https://geo.api.gouv.fr/communes/51535
121,库洛米耶,Coulommiers,77131,5841,3,7510,3.0838,48.8122,0.4877,https://geo.api.gouv.fr/communes/77131
121,米特里莫里,Mitry-Mory,77294,10576,3,7148,2.6191,48.9838,0.2007,https://geo.api.gouv.fr/communes/77294
122,博卡日地区苏勒夫尔,Souleuvre en Bocage,14061,7553,3,8722,-0.8417,48.9377,0.5788,https://geo.api.gouv.fr/communes/14061
122,诺曼底地区孔代,Condé-en-Normandie,14174,2253,3,6695,-0.5529,48.851,0.3696,https://geo.api.gouv.fr/communes/14174
123,莱米罗,Les Mureaux,78440,10581,3,5048,1.9093,48.9934,0.5053,https://geo.api.gouv.fr/communes/78440
123,乌当,Houdan,78310,10883,1,1937,1.6023,48.7897,0.4231,https://geo.api.gouv.fr/communes/78310
124,圣米耶勒,Saint-Mihiel,55463,4571,1,4906,5.5416,48.8885,0.1922,https://geo.api.gouv.fr/communes/55463
124,沃库勒尔,Vaucouleurs,55533,932,1,3106,5.6655,48.6017,0.2777,https://geo.api.gouv.fr/communes/55533
125,巴鲁瓦地区利尼,Ligny-en-Barrois,55291,1377,1,4829,5.324,48.6882,0.3194,https://geo.api.gouv.fr/communes/55291
125,奥尔南河畔勒维尼,Revigny-sur-Ornain,55427,10849,1,2835,4.9872,48.8282,0.4139,https://geo.api.gouv.fr/communes/55427
126,布克斯维莱尔,Bouxwiller,67061,10817,1,3700,7.4826,48.8251,0.2983,https://geo.api.gouv.fr/communes/67061
126,萨尔于尼翁,Sarre-Union,67434,8438,1,2632,7.0896,48.9406,0.5749,https://geo.api.gouv.fr/communes/67434
127,贝奇多夫,Betschdorf,67339,8734,1,2802,7.9018,48.899,0.34,https://geo.api.gouv.fr/communes/67339
127,朗巴克,Lembach,67263,7234,1,1972,7.7897,49.004,0.6568,https://geo.api.gouv.fr/communes/67263
128,比什维莱尔,Bischwiller,67046,2960,3,8248,7.8601,48.7683,0.3951,https://geo.api.gouv.fr/communes/67046
128,布吕马特,Brumath,67067,10866,3,6209,7.7086,48.7306,6.2008,https://geo.api.gouv.fr/communes/67067
129,埃克鲁夫,Écrouves,54174,4712,3,5252,5.8414,48.6795,0.6486,https://geo.api.gouv.fr/communes/54174
129,富格,Foug,54205,11041,1,2802,5.7868,48.685,0.44,https://geo.api.gouv.fr/communes/54205
130,乌耶,Houilles,78311,10671,3,19799,2.1865,48.9232,0.486,https://geo.api.gouv.fr/communes/78311
130,普瓦西,Poissy,78498,10685,3,12524,2.0427,48.9273,0.5837,https://geo.api.gouv.fr/communes/78498
132,林下罗尼,Rosny-sous-Bois,93064,10789,3,14691,2.4881,48.872,3.2474,https://geo.api.gouv.fr/communes/93064
133,蓬塔穆松,Pont-à-Mousson,54431,7641,3,11343,6.0548,48.9031,0.2044,https://geo.api.gouv.fr/communes/54431
133,默尔特河畔栋巴勒,Dombasle-sur-Meurthe,54159,11108,3,8028,6.3494,48.6231,0.0638,https://geo.api.gouv.fr/communes/54159
133,尚皮涅勒,Champigneulles,54115,10919,3,5310,6.1651,48.7337,0.5044,https://geo.api.gouv.fr/communes/54115
134,迪约兹,Dieuze,57177,5837,1,3462,6.7175,48.8103,0.3851,https://geo.api.gouv.fr/communes/57177
134,韦尔加维尔,Vergaville,57706,10815,1,662,6.7429,48.8373,0.5112,https://geo.api.gouv.fr/communes/57706
136,弗莱尔,Flers,61169,6368,3,12900,-0.5758,48.75,0.5212,https://geo.api.gouv.fr/communes/61169
136,坦什布赖博卡日,Tinchebray-Bocage,61486,10893,3,6325,-0.7326,48.7629,0.233,https://geo.api.gouv.fr/communes/61486
137,谢勒,Chelles,77108,2924,3,14658,2.5901,48.8778,0.218,https://geo.api.gouv.fr/communes/77108
137,马恩河畔拉尼,Lagny-sur-Marne,77243,10749,3,8310,2.7056,48.8776,0.3324,https://geo.api.gouv.fr/communes/77243
138,塞纳河畔阿涅尔,Asnières-sur-Seine,92004,10677,5,71831,2.2889,48.9107,0.3935,https://geo.api.gouv.fr/communes/92004
139,瑟农什,Senonches,28373,11224,1,1955,1.0337,48.5607,0.2006,https://geo.api.gouv.fr/communes/28373
139,特朗布莱莱维拉日,Tremblay-les-Villages,28393,6389,1,1553,1.3794,48.6004,0.4207,https://geo.api.gouv.fr/communes/28393
140,蒙特勒伊,Montreuil,93048,10772,5,71791,2.441,48.8624,0.103,https://geo.api.gouv.fr/communes/93048
141,蒙特罗福约讷,Montereau-Fault-Yonne,77305,8868,3,9322,2.9562,48.3848,0.4268,https://geo.api.gouv.fr/communes/77305
141,南日,Nangis,77327,11273,1,3029,3.0136,48.5543,0.4244,https://geo.api.gouv.fr/communes/77327
142,塞尔迈兹莱班,Sermaize-les-Bains,51531,10931,1,2623,4.9122,48.7845,0.4561,https://geo.api.gouv.fr/communes/51531
142,索河畔帕尔尼,Pargny-sur-Saulx,51423,6266,1,1745,4.835,48.7689,0.283,https://geo.api.gouv.fr/communes/51423
144,谢夫勒斯,Chevreuse,78160,10973,1,1971,2.0442,48.7075,0.5178,https://geo.api.gouv.fr/communes/78160
144,蒙福尔拉莫里,Montfort-l'Amaury,78420,10858,1,1599,1.8089,48.778,0.1464,https://geo.api.gouv.fr/communes/78420
145,法尔斯堡,Phalsbourg,57540,4152,1,3052,7.2588,48.7676,0.363,https://geo.api.gouv.fr/communes/57540
145,达博,Dabo,57163,11002,1,3021,7.2367,48.6536,0.308,https://geo.api.gouv.fr/communes/57163
146,普勒比昂,Pleubian,22195,10800,1,3468,-3.1396,48.8422,0.5821,https://geo.api.gouv.fr/communes/22195
146,普莱斯坦莱格雷夫,Plestin-les-Grèves,22194,345,1,3172,-3.6307,48.6541,0.6072,https://geo.api.gouv.fr/communes/22194
148,格朗维尔,Granville,50218,8163,3,12085,-1.5971,48.8376,4.4161,https://geo.api.gouv.fr/communes/50218
148,圣伊莱尔迪阿尔库埃,Saint-Hilaire-du-Harcouët,50484,7954,3,5929,-1.0919,48.5771,0.3396,https://geo.api.gouv.fr/communes/50484
149,特拉普,Trappes,78621,1745,1,3419,1.9994,48.776,0.5431,https://geo.api.gouv.fr/communes/78621
153,布里地区叙西,Sucy-en-Brie,94071,10896,3,6883,2.524,48.7708,0.4701,https://geo.api.gouv.fr/communes/94071
153,马恩河畔舍讷维耶尔,Chennevières-sur-Marne,94019,5461,1,3024,2.5326,48.7962,0.6435,https://geo.api.gouv.fr/communes/94019
154,朗巴勒阿尔莫尔,Lamballe-Armor,22093,11343,3,11481,-2.5171,48.4687,0.5692,https://geo.api.gouv.fr/communes/22093
154,勒梅内,Le Mené,22046,11564,3,9197,-2.5221,48.2954,1.6387,https://geo.api.gouv.fr/communes/22046
154,卢代阿克,Loudéac,22136,11887,3,5592,-2.752,48.1765,0.4616,https://geo.api.gouv.fr/communes/22136
155,塞纳河畔维特里,Vitry-sur-Seine,94081,10839,5,45922,2.3885,48.7886,1.0631,https://geo.api.gouv.fr/communes/94081
156,莱格勒,L'Aigle,61214,4093,3,6241,0.6288,48.7646,0.451,https://geo.api.gouv.fr/communes/61214
156,隆尼莱维拉日,Longny les Villages,61230,1562,1,3640,0.7522,48.5308,0.2137,https://geo.api.gouv.fr/communes/61230
157,圣法尔若蓬蒂耶里,Saint-Fargeau-Ponthierry,77407,252,1,2833,2.5279,48.5346,0.4138,https://geo.api.gouv.fr/communes/77407
157,孔布拉维尔,Combs-la-Ville,77122,6077,1,2386,2.5652,48.665,0.193,https://geo.api.gouv.fr/communes/77122
158,奥尔日河畔萨维尼,Savigny-sur-Orge,91589,3431,3,12997,2.3457,48.6797,0.3749,https://geo.api.gouv.fr/communes/91589
158,林中圣热讷维耶芙,Sainte-Geneviève-des-Bois,91549,11058,3,7390,2.3269,48.6406,0.1877,https://geo.api.gouv.fr/communes/91549
159,巴卡拉,Baccarat,54039,4424,3,5801,6.738,48.4491,0.3889,https://geo.api.gouv.fr/communes/54039
159,欧河畔布兰维尔,Blainville-sur-l'Eau,54076,2847,1,3616,6.4061,48.5557,0.5304,https://geo.api.gouv.fr/communes/54076
160,贝加尔,Bégard,22004,11044,1,4773,-3.3005,48.6304,0.3774,https://geo.api.gouv.fr/communes/22004
160,罗斯特勒南,Rostrenen,22266,3888,1,4428,-3.3215,48.2367,0.3001,https://geo.api.gouv.fr/communes/22266
161,科尔贝伊埃松,Corbeil-Essonnes,91174,11139,5,21685,2.4821,48.6139,0.5603,https://geo.api.gouv.fr/communes/91174
161,德拉韦伊,Draveil,91201,11071,3,10316,2.4053,48.6824,0.539,https://geo.api.gouv.fr/communes/91201
162,圣波勒德莱昂,Saint-Pol-de-Léon,29259,10987,3,8347,-3.9863,48.6853,0.6146,https://geo.api.gouv.fr/communes/29259
162,克莱代尔,Cléder,29030,11056,3,5012,-4.1037,48.6633,0.2296,https://geo.api.gouv.fr/communes/29030
163,圣安德烈莱韦尔热,Saint-André-les-Vergers,10333,11713,1,4122,4.0534,48.2799,0.2888,https://geo.api.gouv.fr/communes/10333
163,艾克斯维勒莫尔帕利,Aix-Villemaur-Pâlis,10003,7324,1,3794,3.7312,48.2226,0.3077,https://geo.api.gouv.fr/communes/10003
164,塞埃,Sées,61464,11154,1,4426,0.1721,48.6059,0.0681,https://geo.api.gouv.fr/communes/61464
164,瑞维尼瓦尔当代讷,Juvigny Val d'Andaine,61211,5550,1,3257,-0.509,48.5523,0.4638,https://geo.api.gouv.fr/communes/61211
165,迪纳尔,Dinard,35093,4026,3,7721,-2.0548,48.6316,0.6352,https://geo.api.gouv.fr/communes/35093
165,康卡勒,Cancale,35049,11034,3,5635,-1.8529,48.6752,0.5402,https://geo.api.gouv.fr/communes/35049
166,茹安维尔,Joinville,52250,11410,1,3698,5.1378,48.4435,0.2667,https://geo.api.gouv.fr/communes/52250
166,瓦西,Wassy,52550,1051,1,2983,4.9487,48.4997,0.4537,https://geo.api.gouv.fr/communes/52550
167,圣卡斯勒吉尔多,Saint-Cast-le-Guildo,22282,8705,1,3100,-2.2635,48.6276,0.7267,https://geo.api.gouv.fr/communes/22282
167,朗斯河畔普勒迪昂,Pleudihen-sur-Rance,22197,11316,1,2758,-1.953,48.5107,3.2989,https://geo.api.gouv.fr/communes/22197
168,朗代尔诺,Landerneau,29103,3903,3,8855,-4.2485,48.4508,0.3942,https://geo.api.gouv.fr/communes/29103
168,普卢加斯泰勒达乌拉斯,Plougastel-Daoulas,29189,11511,3,6726,-4.3706,48.3725,0.2305,https://geo.api.gouv.fr/communes/29189
168,普卢盖尔诺,Plouguerneau,29195,11090,3,5776,-4.5042,48.6059,0.4851,https://geo.api.gouv.fr/communes/29195
169,塞纳河畔罗米伊,Romilly-sur-Seine,10323,11306,3,13977,3.7267,48.5193,0.2644,https://geo.api.gouv.fr/communes/10323
169,大维勒诺克斯,Villenauxe-la-Grande,10420,11175,1,2010,3.5532,48.5897,0.517,https://geo.api.gouv.fr/communes/10420
170,瓦瑟洛讷,Wasselonne,67520,11110,1,3622,7.4467,48.6372,0.5147,https://geo.api.gouv.fr/communes/67520
170,米齐格,Mutzig,67313,6398,1,3233,7.4561,48.5392,0.1905,https://geo.api.gouv.fr/communes/67313
173,希尔蒂盖姆,Schiltigheim,67447,11069,5,22280,7.7487,48.6052,0.3069,https://geo.api.gouv.fr/communes/67447
173,盖斯波尔赛姆,Geispolsheim,67152,3281,1,2991,7.6437,48.5147,0.1159,https://geo.api.gouv.fr/communes/67152
173,旺泽诺,La Wantzenau,67519,11054,1,2693,7.8272,48.6579,0.2913,https://geo.api.gouv.fr/communes/67519
174,沃韦地区,Les Villages Vovéens,28422,2731,1,2925,1.6274,48.2725,0.4917,https://geo.api.gouv.fr/communes/28422
174,伊利耶贡布雷,Illiers-Combray,28196,4823,1,2875,1.2466,48.2985,0.4136,https://geo.api.gouv.fr/communes/28196
175,杜尔当,Dourdan,91200,11245,1,3198,2.0157,48.5291,0.3352,https://geo.api.gouv.fr/communes/91200
175,圣谢龙,Saint-Chéron,91540,11169,1,1895,2.1243,48.5544,0.5964,https://geo.api.gouv.fr/communes/91540
176,埃尔内,Ernée,53096,4105,1,4870,-0.94,48.2969,0.5971,https://geo.api.gouv.fr/communes/53096
176,拉赛莱沙托,Lassay-les-Châteaux,53127,11420,1,3115,-0.4969,48.4375,0.0583,https://geo.api.gouv.fr/communes/53127
177,拉卢普,La Loupe,28214,2440,1,2111,1.0144,48.4714,0.4254,https://geo.api.gouv.fr/communes/28214
177,佩尔什地区欧通,Authon-du-Perche,28018,5491,1,1736,0.8968,48.1949,0.3804,https://geo.api.gouv.fr/communes/28018
178,布列讷堡,Brienne-le-Château,10064,3506,1,2232,4.5262,48.393,0.4781,https://geo.api.gouv.fr/communes/10064
178,维勒苏拉费尔泰,Ville-sous-la-Ferté,10426,11931,1,2133,4.7896,48.1198,0.5694,https://geo.api.gouv.fr/communes/10426
179,维特雷,Vitré,35360,11925,3,8506,-1.2155,48.1247,0.4964,https://geo.api.gouv.fr/communes/35360
179,库埃农河谷,Val-Couesnon,35004,7284,3,5681,-1.4826,48.4593,0.6618,https://geo.api.gouv.fr/communes/35004
180,米尔库尔,Mirecourt,88304,4638,3,5383,6.1339,48.302,0.0984,https://geo.api.gouv.fr/communes/88304
180,维泰勒,Vittel,88516,11822,1,3588,5.9428,48.2021,0.3982,https://geo.api.gouv.fr/communes/88516
181,热拉尔梅,Gérardmer,88196,4169,3,9312,6.8774,48.0701,0.3868,https://geo.api.gouv.fr/communes/88196
181,拉翁莱塔普,Raon-l'Étape,88372,580,3,7137,6.8439,48.4072,0.5252,https://geo.api.gouv.fr/communes/88372
182,莫雷卢万奥尔瓦讷,Moret-Loing-et-Orvanne,77316,7588,3,5437,2.8163,48.3732,0.3558,https://geo.api.gouv.fr/communes/77316
182,内穆尔,Nemours,77333,8507,3,5277,2.6935,48.2667,0.386,https://geo.api.gouv.fr/communes/77333
183,埃尔斯坦,Erstein,67130,7530,3,5640,7.6633,48.4235,0.5278,https://geo.api.gouv.fr/communes/67130
183,巴尔,Barr,67021,11501,1,4394,7.4493,48.4089,0.4658,https://geo.api.gouv.fr/communes/67021
184,韦桑岛,Ouessant,29155,18437,1,2363,-5.0975,48.4554,4.2857,https://geo.api.gouv.fr/communes/29155
185,拉费尔泰贝尔纳尔,La Ferté-Bernard,72132,6173,1,4975,0.656,48.186,0.3026,https://geo.api.gouv.fr/communes/72132
185,博讷塔布勒,Bonnétable,72039,8062,1,3891,0.4268,48.1752,0.4072,https://geo.api.gouv.fr/communes/72039
186,克罗宗,Crozon,29042,11723,3,7015,-4.4889,48.2453,0.4323,https://geo.api.gouv.fr/communes/29042
186,卡赖普卢盖,Carhaix-Plouguer,29024,11645,3,5738,-3.5743,48.2757,0.3972,https://geo.api.gouv.fr/communes/29024
187,勒米尔蒙,Remiremont,88383,2967,3,10462,6.5918,48.0156,0.4982,https://geo.api.gouv.fr/communes/88383
187,孚日地区塔翁,Thaon-les-Vosges,88465,1774,3,8937,6.4191,48.2505,0.5594,https://geo.api.gouv.fr/communes/88465
188,伊凡迪克,Iffendic,35133,4693,1,3267,-2.0336,48.1294,0.4566,https://geo.api.gouv.fr/communes/35133
188,布列塔尼地区蒙托邦,Montauban-de-Bretagne,35184,8343,1,2944,-2.0494,48.1991,0.3107,https://geo.api.gouv.fr/communes/35184
188,大普莱朗,Plélan-le-Grand,35223,1226,1,2915,-2.0966,48.0024,0.4365,https://geo.api.gouv.fr/communes/35223
189,约讷河畔维勒讷沃,Villeneuve-sur-Yonne,89464,4962,1,4077,3.2947,48.0851,0.3906,https://geo.api.gouv.fr/communes/89464
189,约讷河畔蓬,Pont-sur-Yonne,89309,3267,1,2169,3.2037,48.2878,0.4785,https://geo.api.gouv.fr/communes/89309
190,诺让,Nogent,52353,12131,1,3843,5.3413,48.027,0.4802,https://geo.api.gouv.fr/communes/52353
190,弗龙克勒,Froncles,52211,7499,1,1936,5.1472,48.3005,0.3668,https://geo.api.gouv.fr/communes/52211
191,勒马勒塞尔布瓦,Le Malesherbois,45191,11680,1,4016,2.4163,48.2955,0.0929,https://geo.api.gouv.fr/communes/45191
191,皮索,Puiseaux,45258,11805,1,1887,2.4716,48.2041,0.561,https://geo.api.gouv.fr/communes/45258
192,波尔布里耶,Port-Brillet,53182,11941,1,1423,-0.9728,48.1132,0.3371,https://geo.api.gouv.fr/communes/53182
192,勒布尔讷夫拉福雷,Le Bourgneuf-la-Forêt,53039,11869,1,1401,-0.9703,48.1655,0.5197,https://geo.api.gouv.fr/communes/53039
193,圣玛丽欧米讷,Sainte-Marie-aux-Mines,68298,11774,3,9019,7.1824,48.2459,0.3514,https://geo.api.gouv.fr/communes/68298
193,凯泽斯贝格,Kaysersberg Vignoble,68162,11959,1,4092,7.264,48.1389,0.1984,https://geo.api.gouv.fr/communes/68162
194,耶尔河谷,Vald'Yerre,28012,11986,3,5736,1.1228,48.0979,0.4458,https://geo.api.gouv.fr/communes/28012
194,克卢瓦三河,Cloyes-les-Trois-Rivières,28103,12146,1,4871,1.2335,47.9973,0.247,https://geo.api.gouv.fr/communes/28103
195,普洛埃梅勒,Ploërmel,56165,12321,3,6038,-2.3968,47.9292,4.7482,https://geo.api.gouv.fr/communes/56165
195,普吕梅利约比厄济,Pluméliau-Bieuzy,56173,8043,3,5984,-2.9728,47.9583,0.2635,https://geo.api.gouv.fr/communes/56173
196,埃科穆瓦,Écommoy,72124,4210,1,3529,0.2744,47.8277,0.3911,https://geo.api.gouv.fr/communes/72124
196,帕里涅莱韦克,Parigné-l'Évêque,72231,5626,1,2891,0.3654,47.9373,0.3821,https://geo.api.gouv.fr/communes/72231
197,米恩斯特,Munster,68226,12120,1,4772,7.1371,48.0414,0.4469,https://geo.api.gouv.fr/communes/68226
197,万岑海姆,Wintzenheim,68374,12021,1,3949,7.29,48.0731,0.3441,https://geo.api.gouv.fr/communes/68374
198,盖尔,Guer,56075,2696,3,6989,-2.12,47.9037,0.2194,https://geo.api.gouv.fr/communes/56075
198,凯斯唐贝尔,Questembert,56184,4996,1,4187,-2.4507,47.66,0.5147,https://geo.api.gouv.fr/communes/56184
199,日安,Gien,45155,12638,3,8555,2.6248,47.698,0.3899,https://geo.api.gouv.fr/communes/45155
199,布里亚尔,Briare,45053,4015,1,3791,2.7409,47.6396,0.3613,https://geo.api.gouv.fr/communes/45053
200,杜阿尔讷内,Douarnenez,29046,4170,5,21212,-4.3305,48.0918,0.5769,https://geo.api.gouv.fr/communes/29046
200,孔卡尔诺,Concarneau,29039,3671,3,12704,-3.9195,47.8709,4.0783,https://geo.api.gouv.fr/communes/29039
200,坎佩尔莱,Quimperlé,29233,12341,3,9335,-3.5521,47.8742,0.2824,https://geo.api.gouv.fr/communes/29233
201,奥利韦,Olivet,45232,5209,1,4050,1.8972,47.8653,0.3942,https://geo.api.gouv.fr/communes/45232
201,拉费尔泰圣欧班,La Ferté-Saint-Aubin,45146,12609,1,3723,1.941,47.7201,0.3487,https://geo.api.gouv.fr/communes/45146
203,卢瓦河畔蒙图瓦尔,Montoire-sur-le-Loir,41149,12555,1,3029,0.8624,47.7526,0.3769,https://geo.api.gouv.fr/communes/41149
203,布赖河畔萨维尼,Savigny-sur-Braye,41238,4144,1,2554,0.8098,47.8797,0.2649,https://geo.api.gouv.fr/communes/41238
204,皮赛地区沙尔尼,Charny Orée de Puisaye,89086,12304,3,6353,3.0946,47.8924,0.383,https://geo.api.gouv.fr/communes/89086
204,米热讷,Migennes,89257,12187,3,5416,3.5223,47.9652,0.4065,https://geo.api.gouv.fr/communes/89257
205,萨尔特河畔萨布莱,Sablé-sur-Sarthe,72264,5451,3,6168,-0.3334,47.8406,0.2676,https://geo.api.gouv.fr/communes/72264
205,卢瓦河畔蒙瓦勒,Montval-sur-Loir,72071,1865,3,5811,0.4186,47.6955,0.477,https://geo.api.gouv.fr/communes/72071
206,布尔博讷莱班,Bourbonne-les-Bains,52060,1890,1,3264,5.7494,47.954,0.5012,https://geo.api.gouv.fr/communes/52060
206,默兹河谷,Val-de-Meuse,52332,5976,1,2414,5.4985,47.9998,0.4732,https://geo.api.gouv.fr/communes/52332
207,吉普里梅萨克,Guipry-Messac,35176,12426,3,5084,-1.807,47.8248,0.047,https://geo.api.gouv.fr/communes/35176
207,布列塔尼地区班,Bain-de-Bretagne,35012,12371,1,4245,-1.683,47.8427,0.5206,https://geo.api.gouv.fr/communes/35012
208,埃讷邦,Hennebont,56083,12484,3,8690,-3.2752,47.806,0.5792,https://geo.api.gouv.fr/communes/56083
208,朗吉迪克,Languidic,56101,12418,3,7803,-3.1585,47.8342,0.2423,https://geo.api.gouv.fr/communes/56101
209,塞纳河畔沙蒂永,Châtillon-sur-Seine,21154,12377,1,4849,4.5739,47.8605,0.5781,https://geo.api.gouv.fr/communes/21154
209,索略,Saulieu,21584,4244,1,3121,4.2287,47.2795,0.1743,https://geo.api.gouv.fr/communes/21584
210,鲁法克,Rouffach,68287,5043,1,4452,7.2994,47.9568,0.4076,https://geo.api.gouv.fr/communes/68287
210,上莱茵苏尔茨,Soultz-Haut-Rhin,68315,12340,1,4241,7.23,47.8863,0.5926,https://geo.api.gouv.fr/communes/68315
211,埃里库尔,Héricourt,70285,6877,3,6681,6.7591,47.5753,0.6555,https://geo.api.gouv.fr/communes/70285
211,吕克瑟伊莱班,Luxeuil-les-Bains,70311,3206,3,5691,6.3811,47.8167,0.6072,https://geo.api.gouv.fr/communes/70311
212,格雷,Gray,70279,13031,3,5960,5.5923,47.4457,0.4934,https://geo.api.gouv.fr/communes/70279
212,尚普利特,Champlitte,70122,1338,1,2713,5.5132,47.6167,0.2319,https://geo.api.gouv.fr/communes/70122
213,罗马博斯,Beauce la Romaine,41173,12283,1,3603,1.5242,47.9122,0.2137,https://geo.api.gouv.fr/communes/41173
213,梅尔,Mer,41136,12636,1,2746,1.5084,47.6996,0.292,https://geo.api.gouv.fr/communes/41136
214,塞尔奈,Cernay,68063,6784,3,6588,7.1785,47.8085,0.2428,https://geo.api.gouv.fr/communes/68063
214,马斯沃尼代尔布鲁克,Masevaux-Niederbruck,68201,1827,1,3270,6.9973,47.7737,0.4023,https://geo.api.gouv.fr/communes/68201
215,托内尔,Tonnerre,89418,271,1,4433,3.9735,47.8566,0.4165,https://geo.api.gouv.fr/communes/89418
215,拉维耶尔,Ravières,89321,12541,1,1307,4.2284,47.7346,0.4571,https://geo.api.gouv.fr/communes/89321
216,克拉翁,Craon,53084,12403,1,3692,-0.9498,47.8488,0.4489,https://geo.api.gouv.fr/communes/53084
216,勒纳泽,Renazé,53188,12452,1,2905,-1.0557,47.7933,0.3829,https://geo.api.gouv.fr/communes/53188
217,圣路易,Saint-Louis,68297,12804,3,9431,7.5611,47.586,0.5362,https://geo.api.gouv.fr/communes/68297
217,维特尔赛姆,Wittelsheim,68375,12507,3,7154,7.2406,47.8092,3.5524,https://geo.api.gouv.fr/communes/68375
217,维特奈姆,Wittenheim,68376,12482,3,6189,7.3395,47.8107,0.5585,https://geo.api.gouv.fr/communes/68376
218,布兰,Blain,44015,12966,3,5851,-1.7671,47.4779,0.4681,https://geo.api.gouv.fr/communes/44015
218,盖姆内庞福,Guémené-Penfao,44067,12713,3,5608,-1.8341,47.6286,0.4894,https://geo.api.gouv.fr/communes/44067
219,博库尔,Beaucourt,90009,12905,1,3537,6.9251,47.4866,0.2433,https://geo.api.gouv.fr/communes/90009
219,日罗马尼,Giromagny,90052,2894,1,3404,6.8253,47.7418,0.4383,https://geo.api.gouv.fr/communes/90052
220,昂布雷当茹,Ombrée d'Anjou,49248,12553,3,10279,-1.1664,47.7455,0.2699,https://geo.api.gouv.fr/communes/49248
220,上安茹,Les Hauts-d'Anjou,49080,3117,3,5491,-0.4883,47.681,0.5228,https://geo.api.gouv.fr/communes/49080
222,卢瓦尔欧蒂翁,Loire-Authion,49307,3064,3,7078,-0.3186,47.4088,0.4219,https://geo.api.gouv.fr/communes/49307
222,特雷拉泽,Trélazé,49353,2514,3,6122,-0.4669,47.446,0.6518,https://geo.api.gouv.fr/communes/49353
223,卡尔斯帕克,Carspach,68062,2121,1,1447,7.2129,47.6148,0.5641,https://geo.api.gouv.fr/communes/68062
223,伊尔桑格,Hirsingue,68138,12788,1,1341,7.2557,47.5865,0.3857,https://geo.api.gouv.fr/communes/68138
224,萨尔布里,Salbris,41232,13021,1,4383,2.0535,47.425,0.5051,https://geo.api.gouv.fr/communes/41232
224,谢尔河畔塞勒,Selles-sur-Cher,41242,13185,1,3609,1.5541,47.2748,0.5397,https://geo.api.gouv.fr/communes/41242
225,莱图尔地区茹埃,Joué-lès-Tours,37122,798,1,4465,0.6623,47.3515,0.524,https://geo.api.gouv.fr/communes/37122
225,丰代特,Fondettes,37109,13040,1,2351,0.6,47.4049,0.2271,https://geo.api.gouv.fr/communes/37109
226,欧克索讷,Auxonne,21038,8656,3,5442,5.3889,47.1936,0.2532,https://geo.api.gouv.fr/communes/21038
226,蒂耶河畔伊斯,Is-sur-Tille,21317,2364,1,2850,5.1125,47.522,0.076,https://geo.api.gouv.fr/communes/21317
229,安茹地区博热,Baugé-en-Anjou,49018,4546,3,10906,-0.1011,47.5403,0.4078,https://geo.api.gouv.fr/communes/49018
229,努瓦扬莱维拉日,Noyant-Villages,49228,5356,3,8567,0.1196,47.5112,0.4822,https://geo.api.gouv.fr/communes/49228
230,耶夫尔河畔默安,Mehun-sur-Yèvre,18141,3237,3,5049,2.2173,47.1456,0.4097,https://geo.api.gouv.fr/communes/18141
230,内尔河畔欧比尼,Aubigny-sur-Nère,18015,12903,1,3758,2.4409,47.4887,0.5189,https://geo.api.gouv.fr/communes/18015
231,埃德尔河谷,Vallons-de-l'Erdre,44180,12874,3,6724,-1.1843,47.5249,0.2107,https://geo.api.gouv.fr/communes/44180
231,卢瓦罗克桑斯,Loireauxence,44213,2994,3,5895,-1.0322,47.386,0.57,https://geo.api.gouv.fr/communes/44213
234,卢瓦尔河畔拉沙里泰,La Charité-sur-Loire,58059,13340,3,5505,3.0183,47.1771,0.3727,https://geo.api.gouv.fr/communes/58059
234,普雷梅里,Prémery,58218,2176,1,2703,3.3305,47.1753,0.5597,https://geo.api.gouv.fr/communes/58218
237,盖朗德,Guérande,44069,3075,3,6163,-2.4261,47.3275,0.1744,https://geo.api.gouv.fr/communes/44069
237,波尔尼克,Pornic,44131,13375,3,6032,-2.1046,47.1155,1.7547,https://geo.api.gouv.fr/communes/44131
239,欧丹库尔,Audincourt,25031,12947,3,9720,6.8413,47.4818,0.4827,https://geo.api.gouv.fr/communes/25031
239,芒德尔,Mandeure,25367,4559,1,4985,6.8093,47.4502,0.4124,https://geo.api.gouv.fr/communes/25367
240,科尔比尼,Corbigny,58083,13219,1,2354,3.6845,47.2575,0.2239,https://geo.api.gouv.fr/communes/58083
240,诺安河畔昂特兰,Entrains-sur-Nohain,58109,8266,1,1750,3.257,47.4632,0.5857,https://geo.api.gouv.fr/communes/58109
242,谢尔河畔圣弗洛朗,Saint-Florent-sur-Cher,18207,3521,1,4180,2.2438,46.9938,0.2647,https://geo.api.gouv.fr/communes/18207
242,吕讷里,Lunery,18133,13638,1,2410,2.2695,46.9362,0.4863,https://geo.api.gouv.fr/communes/18133
243,奥尔南,Ornans,25434,13439,1,3047,6.1471,47.1059,0.4519,https://geo.api.gouv.fr/communes/25434
243,博姆莱达姆,Baume-les-Dames,25047,13125,1,2927,6.3619,47.3526,0.3645,https://geo.api.gouv.fr/communes/25047
245,朗热,Langeais,37123,13137,1,3560,0.4084,47.3246,0.4162,https://geo.api.gouv.fr/communes/37123
245,布尔盖伊,Bourgueil,37031,4717,1,2456,0.1713,47.2837,0.4503,https://geo.api.gouv.fr/communes/37031
248,安茹地区舍米耶,Chemillé-en-Anjou,49092,7128,3,15166,-0.7328,47.2147,0.3673,https://geo.api.gouv.fr/communes/49092
248,塞夫尔穆瓦讷,Sèvremoine,49301,13385,3,13924,-0.9941,47.1241,0.3762,https://geo.api.gouv.fr/communes/49301
249,勒泽,Rezé,44143,6943,3,13499,-1.5692,47.1906,0.2664,https://geo.api.gouv.fr/communes/44143
249,库埃龙,Couëron,44047,4282,3,8812,-1.7276,47.2119,2.0399,https://geo.api.gouv.fr/communes/44047
249,韦尔图,Vertou,44215,13358,3,6877,-1.4734,47.1677,0.5204,https://geo.api.gouv.fr/communes/44215
250,勒帕莱,Le Palais,56152,3985,1,2786,-3.1571,47.3472,0.4141,https://geo.api.gouv.fr/communes/56152
250,洛克马里亚,Locmaria,56114,13159,1,979,-3.0838,47.294,1.4851,https://geo.api.gouv.fr/communes/56114
251,吕济,Luzy,58149,8542,1,2663,3.971,46.7895,0.4741,https://geo.api.gouv.fr/communes/58149
251,穆兰昂日尔贝尔,Moulins-Engilbert,58182,4954,1,2151,3.8095,46.988,0.383,https://geo.api.gouv.fr/communes/58182
252,尼伊圣乔治,Nuits-Saint-Georges,21464,4988,1,3418,4.9502,47.1379,0.2662,https://geo.api.gouv.fr/communes/21464
252,瑟尔,Seurre,21607,828,1,2079,5.1454,46.9992,0.5128,https://geo.api.gouv.fr/communes/21607
254,塔沃,Tavaux,39526,13470,1,2311,5.4116,47.0383,0.5351,https://geo.api.gouv.fr/communes/39526
254,穆沙尔,Mouchard,39370,1017,1,1112,5.7976,46.975,0.3225,https://geo.api.gouv.fr/communes/39370
256,莫尔托,Morteau,25411,13498,1,4283,6.6041,47.0569,0.237,https://geo.api.gouv.fr/communes/25411
256,维莱勒拉克,Villers-le-Lac,25321,13473,1,2839,6.6679,47.0593,0.5439,https://geo.api.gouv.fr/communes/25321
258,沙布里,Chabris,36034,3672,1,2437,1.6543,47.2545,0.393,https://geo.api.gouv.fr/communes/36034
258,瓦唐,Vatan,36230,4953,1,2080,1.8087,47.0717,0.42,https://geo.api.gouv.fr/communes/36230
259,笛卡尔镇,Descartes,37115,6575,1,3227,0.6986,46.9735,0.6013,https://geo.api.gouv.fr/communes/37115
259,利盖伊,Ligueil,37130,8402,1,2028,0.8168,47.0429,0.4037,https://geo.api.gouv.fr/communes/37130
260,克勒兹河畔阿尔让通,Argenton-sur-Creuse,36006,13991,3,5710,1.523,46.5861,0.4502,https://geo.api.gouv.fr/communes/36006
260,比藏赛,Buzançais,36031,13697,1,4179,1.4218,46.8886,0.4307,https://geo.api.gouv.fr/communes/36031
262,拉马希讷,La Machine,58151,13668,3,5526,3.4671,46.8889,0.2537,https://geo.api.gouv.fr/communes/58151
262,富尔尚博,Fourchambault,58117,13532,1,4720,3.0818,47.0178,0.4349,https://geo.api.gouv.fr/communes/58117
263,南特雷,Naintré,86174,13805,1,2101,0.4795,46.7628,0.2553,https://geo.api.gouv.fr/communes/86174
263,阿尔希尼,Archigny,86009,13923,1,1640,0.6532,46.6732,0.4487,https://geo.api.gouv.fr/communes/86009
266,勒克勒佐,Le Creusot,71153,13766,5,29417,4.4283,46.8054,0.3132,https://geo.api.gouv.fr/communes/71153
266,蒙索莱米讷,Montceau-les-Mines,71306,3349,5,26902,4.363,46.6741,2.735,https://geo.api.gouv.fr/communes/71306
267,图阿尔,Thouars,79329,2400,3,13126,-0.2167,46.976,0.456,https://geo.api.gouv.fr/communes/79329
267,莫莱翁,Mauléon,79079,1963,3,6305,-0.7508,46.9225,0.482,https://geo.api.gouv.fr/communes/79079
268,旺代地区蒙泰居,Montaigu-Vendée,85146,13561,3,9966,-1.3138,46.9743,0.5019,https://geo.api.gouv.fr/communes/85146
268,莱塞比耶,Les Herbiers,85109,13676,3,6489,-1.0135,46.8691,0.3155,https://geo.api.gouv.fr/communes/85109
269,桑夸,Sancoins,18242,13748,1,3965,2.9197,46.8309,0.2643,https://geo.api.gouv.fr/communes/18242
269,欧龙河畔丹,Dun-sur-Auron,18087,898,1,3775,2.572,46.8876,0.4397,https://geo.api.gouv.fr/communes/18087
271,努瓦尔穆捷昂利勒,Noirmoutier-en-l'Île,85163,5174,1,3359,-2.2444,47.0002,0.6507,https://geo.api.gouv.fr/communes/85163
272,沙朗,Challans,85047,13731,3,5704,-1.8792,46.8448,0.3132,https://geo.api.gouv.fr/communes/85047
272,圣让德蒙,Saint-Jean-de-Monts,85234,13737,1,4826,-2.0645,46.7915,3.6197,https://geo.api.gouv.fr/communes/85234
273,尚帕尼奥勒,Champagnole,39097,2237,1,4726,5.9081,46.7458,0.2633,https://geo.api.gouv.fr/communes/39097
273,圣阿穆尔,Saint-Amour,39475,5196,1,1912,5.343,46.4362,0.5678,https://geo.api.gouv.fr/communes/39475
276,罗姆奈,Romenay,71373,1058,1,2714,5.0681,46.5021,7.5339,https://geo.api.gouv.fr/communes/71373
276,圣日耳曼迪布瓦,Saint-Germain-du-Bois,71419,1408,1,2438,5.2429,46.7533,0.5158,https://geo.api.gouv.fr/communes/71419
279,沙尼,Chagny,71073,13660,1,4652,4.7532,46.9106,0.3818,https://geo.api.gouv.fr/communes/71073
279,圣马塞勒,Saint-Marcel,71445,13823,1,2706,4.8876,46.7759,0.0865,https://geo.api.gouv.fr/communes/71445
281,巴尔巴特尔,Barbâtre,85011,18438,1,1282,-2.1807,46.9438,3.2769,https://geo.api.gouv.fr/communes/85011
282,圣戈蒂耶,Saint-Gaultier,36192,13965,1,2217,1.4231,46.6356,0.2184,https://geo.api.gouv.fr/communes/36192
282,沙亚克,Chaillac,36035,14158,1,1685,1.2974,46.4348,0.389,https://geo.api.gouv.fr/communes/36035
284,艾尔沃,Airvault,79005,13751,1,3392,-0.1389,46.8244,0.2419,https://geo.api.gouv.fr/communes/79005
284,瓦勒,Vasles,79339,14026,1,2602,-0.0251,46.5755,0.2619,https://geo.api.gouv.fr/communes/79339
286,吕松,Luçon,85128,5086,3,7035,-1.1702,46.4555,0.2293,https://geo.api.gouv.fr/communes/85128
286,塞夫尔蒙,Sèvremont,85090,13754,1,4716,-0.8598,46.8327,0.4754,https://geo.api.gouv.fr/communes/85090
288,绍维尼,Chauvigny,86070,14050,3,5563,0.6442,46.5699,3.387,https://geo.api.gouv.fr/communes/86070
288,帕吕地区圣马尔坦,Saint-Martin-la-Pallu,86281,13863,1,3674,0.3088,46.737,0.2955,https://geo.api.gouv.fr/communes/86281
289,波旁拉尔尚博,Bourbon-l'Archambault,03036,7368,1,2784,3.0582,46.5857,0.1179,https://geo.api.gouv.fr/communes/03036
289,吕尔西莱维,Lurcy-Lévis,03155,13842,1,2753,2.9384,46.73,0.2418,https://geo.api.gouv.fr/communes/03155
290,艾居朗德,Aigurande,36001,7768,1,2257,1.8288,46.434,0.5737,https://geo.api.gouv.fr/communes/36001
290,讷维圣塞皮尔克,Neuvy-Saint-Sépulchre,36141,1980,1,2147,1.8074,46.5959,0.3095,https://geo.api.gouv.fr/communes/36141
291,帕赖勒莫尼亚勒,Paray-le-Monial,71342,4883,3,7794,4.1207,46.452,0.2749,https://geo.api.gouv.fr/communes/71342
291,迪关,Digoin,71176,14118,3,7089,3.9779,46.482,0.5055,https://geo.api.gouv.fr/communes/71176
292,科芒特里,Commentry,03082,14323,3,8827,2.7416,46.2888,0.4843,https://geo.api.gouv.fr/communes/03082
292,内里莱班,Néris-les-Bains,03195,14291,1,3444,2.6598,46.2887,0.4777,https://geo.api.gouv.fr/communes/03195
293,约岛,L'Île-d'Yeu,85113,18439,1,3905,-2.3486,46.7245,0.6468,https://geo.api.gouv.fr/communes/85113
294,普瓦图地区瓦朗斯,Valence-en-Poitou,86082,14359,3,5040,0.1809,46.2988,0.3,https://geo.api.gouv.fr/communes/86082
294,瓦尔迪维埃讷,Valdivienne,86233,14084,1,2563,0.6367,46.5072,0.315,https://geo.api.gouv.fr/communes/86233
296,上比耶讷,Hauts de Bienne,39368,14062,3,5245,6.0222,46.5212,0.3203,https://geo.api.gouv.fr/communes/39368
296,莱鲁斯,Les Rousses,39470,14119,1,1562,6.0605,46.485,0.1518,https://geo.api.gouv.fr/communes/39470
297,图尔尼,Tournus,71543,3828,3,5333,4.912,46.5617,0.3305,https://geo.api.gouv.fr/communes/71543
297,克吕尼,Cluny,71137,14167,1,4101,4.6581,46.4358,0.5134,https://geo.api.gouv.fr/communes/71137
299,圣迈克桑莱科勒,Saint-Maixent-l'École,79270,14169,3,6344,-0.2033,46.4134,0.4823,https://geo.api.gouv.fr/communes/79270
299,梅勒,Melle,79174,14401,3,5196,-0.1429,46.2234,0.5594,https://geo.api.gouv.fr/communes/79174
301,米里贝勒,Miribel,01249,7693,1,4103,4.9529,45.8225,0.2183,https://geo.api.gouv.fr/communes/01249
301,特雷武,Trévoux,01427,14648,1,3004,4.7763,45.9407,0.5016,https://geo.api.gouv.fr/communes/01427
303,加纳,Gannat,03118,1990,1,4804,3.1993,46.1002,0.4677,https://geo.api.gouv.fr/communes/03118
303,圣日耳曼德福塞,Saint-Germain-des-Fossés,03236,14426,1,3473,3.4333,46.2086,0.6692,https://geo.api.gouv.fr/communes/03236
304,拉苏特雷讷,La Souterraine,23176,14381,1,4482,1.483,46.2392,0.4207,https://geo.api.gouv.fr/communes/23176
304,布尔加讷夫,Bourganeuf,23030,1700,1,3117,1.7562,45.9538,0.3888,https://geo.api.gouv.fr/communes/23030
307,迪沃讷莱班,Divonne-les-Bains,01143,2568,1,2056,6.1361,46.3582,0.317,https://geo.api.gouv.fr/communes/01143
307,费尔奈伏尔泰,Ferney-Voltaire,01160,14372,1,1224,6.1079,46.2558,0.5268,https://geo.api.gouv.fr/communes/01160
308,沙布莱地区邦,Bons-en-Chablais,74043,6994,1,1645,6.3711,46.2652,0.3717,https://geo.api.gouv.fr/communes/74043
308,皮布利耶,Publier,74218,6309,1,1427,6.5431,46.3872,0.2169,https://geo.api.gouv.fr/communes/74218
309,瓦勒杜瓦尔加尔唐普,Val-d'Oire-et-Gartempe,87028,14385,1,4296,0.9061,46.2341,0.5291,https://geo.api.gouv.fr/communes/87028
309,沙托蓬萨克,Châteauponsac,87041,14483,1,3240,1.2766,46.1328,0.4528,https://geo.api.gouv.fr/communes/87041
310,马朗,Marans,17218,14269,1,3584,-0.9933,46.3096,0.5011,https://geo.api.gouv.fr/communes/17218
310,沙泰拉永普拉日,Châtelaillon-Plage,17094,14519,1,2233,-1.0903,46.0737,2.9195,https://geo.api.gouv.fr/communes/17094
312,费勒坦,Felletin,23079,14745,1,2562,2.1739,45.8846,0.2427,https://geo.api.gouv.fr/communes/23079
312,埃沃莱班,Évaux-les-Bains,23076,14442,1,2151,2.4873,46.1743,0.3026,https://geo.api.gouv.fr/communes/23076
313,瓦约纳,Oyonnax,01283,1829,3,10535,5.6555,46.2576,0.4845,https://geo.api.gouv.fr/communes/01283
313,瓦尔瑟罗讷,Valserhône,01033,4403,3,9624,5.8262,46.1076,1.9304,https://geo.api.gouv.fr/communes/01033
314,塔拉尔,Tarare,69243,3753,3,10395,4.4337,45.8953,0.2582,https://geo.api.gouv.fr/communes/69243
314,蒂济莱布尔,Thizy-les-Bourgs,69248,14594,3,9323,4.3095,46.0319,0.5256,https://geo.api.gouv.fr/communes/69248
315,里奥尔日,Riorges,42184,4536,3,5109,4.0444,46.0434,0.5246,https://geo.api.gouv.fr/communes/42184
315,沙尔略,Charlieu,42052,14490,3,5038,4.1716,46.1592,0.1772,https://geo.api.gouv.fr/communes/42052
316,阿讷马斯,Annemasse,74012,1540,3,8018,6.2341,46.1933,0.4269,https://geo.api.gouv.fr/communes/74012
316,雷涅埃瑟里,Reignier-Ésery,74220,14533,1,2060,6.2702,46.1368,0.3969,https://geo.api.gouv.fr/communes/74220
317,雷岛阿尔斯,Ars-en-Ré,17019,18440,1,984,-1.5158,46.2085,3.776,https://geo.api.gouv.fr/communes/17019
318,圣埃卢瓦莱米讷,Saint-Éloy-les-Mines,63338,6630,3,6853,2.8353,46.1613,0.4184,https://geo.api.gouv.fr/communes/63338
318,沙泰勒吉永,Châtel-Guyon,63103,14709,1,2973,3.0683,45.921,0.4607,https://geo.api.gouv.fr/communes/63103
319,帕西,Passy,74208,3376,3,5915,6.685,45.9232,0.0718,https://geo.api.gouv.fr/communes/74208
319,霞慕尼,Chamonix-Mont-Blanc,74056,14744,1,4633,6.8693,45.9237,0.2014,https://geo.api.gouv.fr/communes/74056
321,拉弗洛特,La Flotte,17161,8713,1,1396,-1.3266,46.1887,0.2672,https://geo.api.gouv.fr/communes/17161
322,托奈夏朗德,Tonnay-Charente,17449,2246,1,4859,-0.8913,45.9434,0.3974,https://geo.api.gouv.fr/communes/17449
322,马雷讷耶尔布鲁阿日,Marennes-Hiers-Brouage,17219,14807,1,4517,-1.104,45.8237,0.541,https://geo.api.gouv.fr/communes/17219
324,圣萨维尼安,Saint-Savinien,17397,14751,1,2335,-0.6794,45.8794,0.4967,https://geo.api.gouv.fr/communes/17397
324,马塔,Matha,17224,2243,1,1934,-0.3212,45.8663,0.4878,https://geo.api.gouv.fr/communes/17224
325,上夏朗德,Terres-de-Haute-Charente,16192,14731,1,4975,0.575,45.8943,0.1594,https://geo.api.gouv.fr/communes/16192
325,吕费克,Ruffec,16292,6744,1,3467,0.1993,46.0284,0.4332,https://geo.api.gouv.fr/communes/16292
326,佩尔什地区圣伊里耶,Saint-Yrieix-la-Perche,87187,15170,3,7298,1.2038,45.5125,0.3912,https://geo.api.gouv.fr/communes/87187
326,圣莱奥纳尔德诺布拉,Saint-Léonard-de-Noblat,87161,3971,3,5754,1.4864,45.8367,0.2722,https://geo.api.gouv.fr/communes/87161
326,埃穆捷,Eymoutiers,87064,14908,1,3673,1.7447,45.7387,0.4427,https://geo.api.gouv.fr/communes/87064
329,吕米伊,Rumilly,74225,2395,1,4742,5.9426,45.8671,0.3656,https://geo.api.gouv.fr/communes/74225
329,菲耶尔,Fillière,74282,14612,1,3736,6.251,45.9989,0.468,https://geo.api.gouv.fr/communes/74282
330,比热地区昂贝里约,Ambérieu-en-Bugey,01004,2424,3,6846,5.3596,45.9584,0.2533,https://geo.api.gouv.fr/communes/01004
330,奥特维尔高原,Plateau d'Hauteville,01185,4862,3,6324,5.6017,45.9772,0.5368,https://geo.api.gouv.fr/communes/01185
331,奥莱龙岛圣皮埃尔,Saint-Pierre-d'Oléron,17385,5163,1,3553,-1.3071,45.9428,0.4641,https://geo.api.gouv.fr/communes/17385
331,奥莱龙岛勒沙托,Le Château-d'Oléron,17093,7832,1,3281,-1.1953,45.8856,0.4996,https://geo.api.gouv.fr/communes/17093
332,库尔皮耶尔,Courpière,63125,14842,1,3633,3.5384,45.7542,0.2668,https://geo.api.gouv.fr/communes/63125
332,勒祖,Lezoux,63195,7076,1,2850,3.3795,45.8284,0.4438,https://geo.api.gouv.fr/communes/63195
333,圣瑞尼安,Saint-Junien,87154,14721,3,10375,0.9012,45.8871,0.3999,https://geo.api.gouv.fr/communes/87154
333,韦尔河畔奥拉杜尔,Oradour-sur-Vayres,87111,7292,1,2586,0.8651,45.7319,0.354,https://geo.api.gouv.fr/communes/87111
336,乌兰皮埃尔贝尼特,Oullins-Pierre-Bénite,69149,3613,5,21969,4.8072,45.7139,0.4765,https://geo.api.gouv.fr/communes/69149
336,韦尼雪,Vénissieux,69259,5647,3,16337,4.8855,45.6971,0.3107,https://geo.api.gouv.fr/communes/69259
336,卡吕尔和屈尔,Caluire-et-Cuire,69034,8367,3,15760,4.8422,45.7968,0.2476,https://geo.api.gouv.fr/communes/69034
337,艾克斯莱班,Aix-les-Bains,73008,7177,3,12889,5.9147,45.6886,0.4846,https://geo.api.gouv.fr/communes/73008
337,昂特勒拉克,Entrelacs,73010,4574,1,3260,5.9439,45.7856,0.564,https://geo.api.gouv.fr/communes/73010
338,索容,Saujon,17421,4128,1,3063,-0.927,45.672,0.4364,https://geo.api.gouv.fr/communes/17421
338,热莫扎克,Gémozac,17172,4455,1,2358,-0.6765,45.5677,0.3751,https://geo.api.gouv.fr/communes/17172
339,于日讷,Ugine,73303,968,3,6944,6.42,45.7528,0.5349,https://geo.api.gouv.fr/communes/73303
339,圣莫里斯堡,Bourg-Saint-Maurice,73054,15043,1,3667,6.7696,45.6186,0.6534,https://geo.api.gouv.fr/communes/73054
340,巴尔伯济厄圣伊莱尔,Barbezieux-Saint-Hilaire,16028,5931,1,4567,-0.1558,45.4719,0.0195,https://geo.api.gouv.fr/communes/16028
340,雅纳克,Jarnac,16167,2209,1,3587,-0.1739,45.6814,0.5093,https://geo.api.gouv.fr/communes/16167
341,布尔关雅利厄,Bourgoin-Jallieu,38053,15061,3,12414,5.2766,45.5938,0.3276,https://geo.api.gouv.fr/communes/38053
341,莱萨沃尼耶尔韦兰蒂厄兰,Les Avenières Veyrins-Thuellin,38022,1156,1,4401,5.5633,45.6346,0.4472,https://geo.api.gouv.fr/communes/38022
342,圣瑞斯特圣朗贝尔,Saint-Just-Saint-Rambert,42279,15196,3,6350,4.2414,45.4991,0.5344,https://geo.api.gouv.fr/communes/42279
342,里昂地区沙泽勒,Chazelles-sur-Lyon,42059,2463,3,6003,4.3904,45.6371,0.5371,https://geo.api.gouv.fr/communes/42059
343,图夫尔河畔吕埃勒,Ruelle-sur-Touvre,16291,4277,1,4500,0.2302,45.6791,0.3771,https://geo.api.gouv.fr/communes/16291
343,拉库罗讷,La Couronne,16113,15012,1,4411,0.1014,45.6084,0.4603,https://geo.api.gouv.fr/communes/16113
345,沙马利耶尔,Chamalières,63075,8871,3,8701,3.0673,45.7741,0.574,https://geo.api.gouv.fr/communes/63075
345,比约姆,Billom,63040,14916,1,3699,3.3389,45.724,0.0124,https://geo.api.gouv.fr/communes/63040
348,鲁瓦扬,Royan,17306,15002,3,12192,-1.0432,45.6229,3.871,https://geo.api.gouv.fr/communes/17306
348,拉特朗布拉德,La Tremblade,17452,14856,1,3690,-1.1404,45.7706,0.5735,https://geo.api.gouv.fr/communes/17452
349,博尔莱索尔格,Bort-les-Orgues,19028,740,1,4031,2.4954,45.401,0.3913,https://geo.api.gouv.fr/communes/19028
349,梅马克,Meymac,19136,15116,1,3258,2.1466,45.5367,0.3561,https://geo.api.gouv.fr/communes/19136
351,阿尔朗,Arlanc,63010,6952,1,2719,3.7245,45.4142,0.3952,https://geo.api.gouv.fr/communes/63010
351,圣昂泰姆,Saint-Anthème,63319,15154,1,2261,3.9174,45.5267,0.1463,https://geo.api.gouv.fr/communes/63319
353,佩里戈尔地区布朗托姆,Brantôme en Périgord,24064,15275,1,4350,0.6468,45.3641,4.6914,https://geo.api.gouv.fr/communes/24064
353,佩里戈尔地区马勒伊,Mareuil en Périgord,24253,15210,1,3936,0.4525,45.4516,0.1712,https://geo.api.gouv.fr/communes/24253
354,于泽什,Uzerche,19276,5844,1,3201,1.5635,45.4241,0.4281,https://geo.api.gouv.fr/communes/19276
354,多尔多涅河畔阿尔让塔,Argentat-sur-Dordogne,19010,4306,1,3001,1.9376,45.0934,0.4525,https://geo.api.gouv.fr/communes/19010
355,拉科特圣安德烈,La Côte-Saint-André,38130,15266,1,3743,5.2603,45.3941,0.553,https://geo.api.gouv.fr/communes/38130
355,鲁西永,Roussillon,38344,224,1,3102,4.8111,45.3734,0.3329,https://geo.api.gouv.fr/communes/38344
356,欧扎拉孔贝勒,Auzat-la-Combelle,63022,15254,1,3406,3.3184,45.4524,0.3541,https://geo.api.gouv.fr/communes/63022
356,拉布尔布勒,La Bourboule,63047,15026,1,3097,2.7388,45.5876,2.997,https://geo.api.gouv.fr/communes/63047
358,蒙唐德尔,Montendre,17240,15394,1,2219,-0.4098,45.2837,0.1201,https://geo.api.gouv.fr/communes/17240
358,米朗博,Mirambeau,17236,15330,1,1675,-0.5702,45.3729,0.3061,https://geo.api.gouv.fr/communes/17236
360,圣沙蒙,Saint-Chamond,42207,3356,5,32551,4.5127,45.4762,0.389,https://geo.api.gouv.fr/communes/42207
360,菲尔米尼,Firminy,42095,15313,5,21095,4.2872,45.3879,0.5609,https://geo.api.gouv.fr/communes/42095
360,里沃德日耶,Rive-de-Gier,42186,15138,3,14483,4.619,45.5296,0.4866,https://geo.api.gouv.fr/communes/42186
361,莫达讷,Modane,73157,15478,1,4930,6.6729,45.2015,0.3932,https://geo.api.gouv.fr/communes/73157
361,莫里耶讷地区圣米歇勒,Saint-Michel-de-Maurienne,73261,15486,1,3297,6.4746,45.2184,0.0113,https://geo.api.gouv.fr/communes/73261
362,波亚克,Pauillac,33314,15479,3,5452,-0.7463,45.1995,0.3421,https://geo.api.gouv.fr/communes/33314
362,圣埃斯泰夫,Saint-Estèphe,33395,4436,1,2334,-0.7725,45.2594,0.4783,https://geo.api.gouv.fr/communes/33395
363,阿拉萨克,Allassac,19005,6948,1,3718,1.4756,45.257,0.5103,https://geo.api.gouv.fr/communes/19005
363,吕伯萨克,Lubersac,19121,15238,1,3011,1.4032,45.444,0.5655,https://geo.api.gouv.fr/communes/19121
365,瓦龙,Voiron,38563,1702,3,12444,5.5915,45.3627,0.4258,https://geo.api.gouv.fr/communes/38563
365,维济耶,Vizille,38562,7808,3,5160,5.7725,45.0773,0.4646,https://geo.api.gouv.fr/communes/38562
365,维拉尔博诺,Villard-Bonnot,38547,15469,1,4961,5.888,45.2387,0.1078,https://geo.api.gouv.fr/communes/38547
366,普勒奥,Pleaux,15153,8317,1,3648,2.2258,45.1338,0.5653,https://geo.api.gouv.fr/communes/15153
366,里翁埃斯蒙塔涅,Riom-ès-Montagnes,15162,15414,1,2953,2.6604,45.2815,0.386,https://geo.api.gouv.fr/communes/15162
368,蒙蓬梅内斯泰罗勒,Montpon-Ménestérol,24294,2792,1,4999,0.1623,45.009,0.2371,https://geo.api.gouv.fr/communes/24294
368,里贝拉克,Ribérac,24352,7649,1,3812,0.3375,45.2465,0.446,https://geo.api.gouv.fr/communes/24352
369,朗热阿克,Langeac,43112,15617,1,4512,3.4943,45.0984,0.4673,https://geo.api.gouv.fr/communes/43112
369,索格,Saugues,43234,4047,1,3274,3.5465,44.9602,0.2946,https://geo.api.gouv.fr/communes/43234
372,特吕耶尔河畔讷韦格利斯,Neuvéglise-sur-Truyère,15142,5853,1,2962,2.9841,44.9277,0.4501,https://geo.api.gouv.fr/communes/15142
372,米拉,Murat,15138,15612,1,2693,2.8696,45.1107,0.1862,https://geo.api.gouv.fr/communes/15138
373,阿尔宗河畔克拉波讷,Craponne-sur-Arzon,43080,7358,1,3219,3.8452,45.3299,0.5596,https://geo.api.gouv.fr/communes/43080
373,加泽耶河畔勒莫纳斯捷,Le Monastier-sur-Gazeille,43135,6237,1,2702,3.9948,44.9381,0.4845,https://geo.api.gouv.fr/communes/43135
374,卢瓦尔河畔莫尼斯特罗勒,Monistrol-sur-Loire,43137,15398,1,4116,4.1722,45.2923,0.3923,https://geo.api.gouv.fr/communes/43137
374,圣西戈莱讷,Sainte-Sigolène,43224,15443,1,3972,4.2354,45.2413,0.484,https://geo.api.gouv.fr/communes/43224
375,阿诺奈,Annonay,07010,15474,3,15681,4.6676,45.24,0.2974,https://geo.api.gouv.fr/communes/07010
375,拉马斯特尔,Lamastre,07129,8856,1,3674,4.5792,44.9851,0.193,https://geo.api.gouv.fr/communes/07129
376,圣安德烈德屈布扎克,Saint-André-de-Cubzac,33366,2092,1,3641,-0.4458,44.9946,0.1798,https://geo.api.gouv.fr/communes/33366
376,吉伦特河畔圣西耶尔,Saint-Ciers-sur-Gironde,33389,8445,1,2410,-0.6148,45.2916,0.5213,https://geo.api.gouv.fr/communes/33389
377,伊泽尔河畔罗芒,Romans-sur-Isère,26281,15640,3,19489,5.0524,45.0447,0.2775,https://geo.api.gouv.fr/communes/26281
377,圣瓦利耶,Saint-Vallier,26333,6193,1,3847,4.8146,45.1785,0.5246,https://geo.api.gouv.fr/communes/26333
378,泰拉松拉维勒迪厄,Terrasson-Lavilledieu,24547,1977,1,3997,1.3041,45.1276,0.5332,https://geo.api.gouv.fr/communes/24547
378,蒙蒂尼亚克拉斯科,Montignac-Lascaux,24291,15644,1,2943,1.1612,45.0648,0.4059,https://geo.api.gouv.fr/communes/24291
380,库特拉,Coutras,33138,2600,3,5281,-0.1294,45.0406,0.3647,https://geo.api.gouv.fr/communes/33138
380,圣埃米利永,Saint-Émilion,33394,15795,1,3370,-0.1557,44.8944,0.2265,https://geo.api.gouv.fr/communes/33394
383,拉尔让蒂耶尔拉贝塞,L'Argentière-la-Bessée,05006,7088,1,1671,6.5593,44.793,0.5493,https://geo.api.gouv.fr/communes/05006
383,吉耶斯特尔,Guillestre,05065,1014,1,1057,6.6494,44.661,0.4713,https://geo.api.gouv.fr/communes/05065
384,莫尔,Maurs,15122,15993,1,2511,2.1983,44.7111,0.2233,https://geo.api.gouv.fr/communes/15122
384,圣塞尔南,Saint-Cernin,15175,343,1,1690,2.422,45.0577,0.2114,https://geo.api.gouv.fr/communes/15175
385,克雷斯特,Crest,26108,1081,3,5513,5.024,44.7284,0.2306,https://geo.api.gouv.fr/communes/26108
385,德龙河畔利夫龙,Livron-sur-Drôme,26165,15971,1,4002,4.8405,44.7681,2.8218,https://geo.api.gouv.fr/communes/26165
386,埃梅,Eymet,24167,16023,1,2580,0.3976,44.6685,0.4361,https://geo.api.gouv.fr/communes/24167
386,勒比松德卡杜安,Le Buisson-de-Cadouin,24068,2966,1,2291,0.9076,44.8435,0.4359,https://geo.api.gouv.fr/communes/24068
387,格拉马,Gramat,46128,15937,1,2871,1.7235,44.7792,0.1231,https://geo.api.gouv.fr/communes/46128
387,苏亚克,Souillac,46309,2339,1,2643,1.4785,44.8936,0.2259,https://geo.api.gouv.fr/communes/46309
389,贝格勒,Bègles,33039,5946,5,20989,-0.5437,44.8082,0.2071,https://geo.api.gouv.fr/communes/33039
389,勒布斯卡,Le Bouscat,33069,15841,3,17653,-0.5997,44.8653,0.6352,https://geo.api.gouv.fr/communes/33069
389,瑟农,Cenon,33119,15849,3,10087,-0.531,44.8577,0.3043,https://geo.api.gouv.fr/communes/33119
391,圣塞雷,Saint-Céré,46251,1290,1,3132,1.8926,44.8594,0.3602,https://geo.api.gouv.fr/communes/46251
391,凯尔西地区苏塞拉克,Sousceyrac-en-Quercy,46311,15820,1,2831,2.0365,44.8725,0.2882,https://geo.api.gouv.fr/communes/46311
392,朗戈涅,Langogne,48080,2083,1,4145,3.8554,44.7272,0.1944,https://geo.api.gouv.fr/communes/48080
392,欧布拉克地区佩尔,Peyre en Aubrac,48009,16016,1,3955,3.2842,44.7228,0.3251,https://geo.api.gouv.fr/communes/48009
393,埃斯帕利翁,Espalion,12096,16256,1,3637,2.7614,44.5205,0.3544,https://geo.api.gouv.fr/communes/12096
393,欧布拉克地区阿尔让斯,Argences en Aubrac,12223,3966,1,3426,2.7589,44.8036,0.4785,https://geo.api.gouv.fr/communes/12223
396,勒泰伊,Le Teil,07319,7745,3,8029,4.6838,44.5504,0.4461,https://geo.api.gouv.fr/communes/07319
396,圣昂代奥勒堡,Bourg-Saint-Andéol,07042,1331,1,3709,4.647,44.3692,1.4853,https://geo.api.gouv.fr/communes/07042
397,欧布纳,Aubenas,07019,16115,3,8020,4.39,44.6209,0.2137,https://geo.api.gouv.fr/communes/07019
397,瓦尔斯莱班,Vals-les-Bains,07331,16061,1,3691,4.3649,44.6651,0.522,https://geo.api.gouv.fr/communes/07331
398,韦讷,Veynes,05179,4204,1,3299,5.8244,44.5349,0.392,https://geo.api.gouv.fr/communes/05179
398,昂布兰,Embrun,05046,16183,1,2962,6.4958,44.5638,0.0977,https://geo.api.gouv.fr/communes/05046
400,居让梅斯特拉,Gujan-Mestras,33199,1117,1,4394,-1.0714,44.6359,0.3414,https://geo.api.gouv.fr/communes/33199
400,萨勒,Salles,33498,8465,1,2848,-0.87,44.5509,0.379,https://geo.api.gouv.fr/communes/33498
401,巴扎斯,Bazas,33036,2776,1,4450,-0.2113,44.4311,0.3153,https://geo.api.gouv.fr/communes/33036
401,拉雷奥勒,La Réole,33352,8652,1,3806,-0.0414,44.581,0.3251,https://geo.api.gouv.fr/communes/33352
402,托南,Tonneins,47310,5561,3,7061,0.3081,44.3913,0.2896,https://geo.api.gouv.fr/communes/47310
402,克莱拉克,Clairac,47065,16384,1,2378,0.3756,44.36,0.3315,https://geo.api.gouv.fr/communes/47065
403,菲梅勒,Fumel,47106,16278,1,4248,0.9707,44.4974,0.1419,https://geo.api.gouv.fr/communes/47106
403,洛特河畔圣利夫拉德,Sainte-Livrade-sur-Lot,47252,16332,1,2892,0.5881,44.3977,0.5676,https://geo.api.gouv.fr/communes/47252
404,卡斯泰尔诺蒙特拉捷,Castelnau-Montratier,46063,6504,1,2341,1.3529,44.2673,0.397,https://geo.api.gouv.fr/communes/46063
404,白凯尔西地区蒙屈克,Montcuq-en-Quercy-Blanc,46201,8755,1,2192,1.2098,44.3385,0.2156,https://geo.api.gouv.fr/communes/46201
406,蒙特利马尔,Montélimar,26198,4178,3,15187,4.7496,44.5568,0.2064,https://geo.api.gouv.fr/communes/26198
406,皮埃尔拉特,Pierrelatte,26235,5050,1,3176,4.6993,44.3759,0.4863,https://geo.api.gouv.fr/communes/26235
407,德卡兹维尔,Decazeville,12089,777,3,12365,2.2574,44.5564,0.0797,https://geo.api.gouv.fr/communes/12089
407,欧班,Aubin,12013,6375,3,7495,2.2462,44.5276,0.5756,https://geo.api.gouv.fr/communes/12013
408,若西耶,Jausiers,04096,1519,1,1478,6.7335,44.4197,0.1121,https://geo.api.gouv.fr/communes/04096
408,于拜塞尔蓬松,Ubaye-Serre-Ponçon,04033,962,1,810,6.2944,44.4574,0.0702,https://geo.api.gouv.fr/communes/04033
410,阿杜尔河畔艾尔,Aire-sur-l'Adour,40001,5977,1,4160,-0.2624,43.7001,0.3605,https://geo.api.gouv.fr/communes/40001
410,新莫尔桑克斯,Morcenx-la-Nouvelle,40197,1001,1,3913,-0.9113,44.0335,0.3563,https://geo.api.gouv.fr/communes/40197
412,圣阿弗里克,Saint-Affrique,12208,16871,3,6881,2.8868,43.9582,0.2006,https://geo.api.gouv.fr/communes/12208
412,雷基斯塔,Réquista,12197,5669,1,2587,2.5389,44.0316,6.0231,https://geo.api.gouv.fr/communes/12197
413,马诺斯克,Manosque,04112,604,3,5635,5.7823,43.8337,0.5902,https://geo.api.gouv.fr/communes/04112
413,西斯特龙,Sisteron,04209,16590,1,3378,5.943,44.1946,0.2406,https://geo.api.gouv.fr/communes/04209
414,拉格朗孔布,La Grand-Combe,30132,6491,3,12343,4.0301,44.2108,0.487,https://geo.api.gouv.fr/communes/30132
414,贝塞日,Bessèges,30037,16467,3,6278,4.0919,44.2935,0.5349,https://geo.api.gouv.fr/communes/30037
415,塔恩峡谷科斯,Gorges du Tarn Causses,48146,3736,1,1590,3.4104,44.3667,0.308,https://geo.api.gouv.fr/communes/48146
415,伊斯帕尼亚克,Ispagnac,48075,16407,1,1511,3.5351,44.3705,0.1275,https://geo.api.gouv.fr/communes/48075
418,沙托阿尔努圣欧班,Château-Arnoux-Saint-Auban,04049,16735,1,2531,6.0091,44.0933,5.0517,https://geo.api.gouv.fr/communes/04049
418,莱梅埃,Les Mées,04116,5652,1,1390,5.9744,44.0296,0.1189,https://geo.api.gouv.fr/communes/04116
419,穆瓦萨克,Moissac,82112,2728,3,8105,1.0852,44.1048,0.6179,https://geo.api.gouv.fr/communes/82112
419,瓦朗斯,Valence,82186,2908,1,3172,0.8891,44.1072,0.0751,https://geo.api.gouv.fr/communes/82186
420,艾吉永,Aiguillon,47004,3548,1,2778,0.3388,44.3017,0.3795,https://geo.api.gouv.fr/communes/47004
420,勒帕萨日,Le Passage,47201,16612,1,2405,0.6027,44.2008,0.6542,https://geo.api.gouv.fr/communes/47201
421,卡斯泰勒雅卢,Casteljaloux,47052,16438,1,4086,0.0883,44.3136,0.4411,https://geo.api.gouv.fr/communes/47052
421,梅赞,Mézin,47167,5424,1,2510,0.2564,44.0561,0.4489,https://geo.api.gouv.fr/communes/47167
422,芒通,Menton,06083,1652,5,21715,7.5029,43.7757,3.5083,https://geo.api.gouv.fr/communes/06083
422,博索莱伊,Beausoleil,06012,17090,3,11826,7.4256,43.7435,2.7804,https://geo.api.gouv.fr/communes/06012
422,索斯佩勒,Sospel,06136,464,1,3815,7.4497,43.8773,0.6119,https://geo.api.gouv.fr/communes/06136
423,博凯尔,Beaucaire,30032,2661,3,10059,4.6443,43.8072,0.7459,https://geo.api.gouv.fr/communes/30032
423,圣吉勒,Saint-Gilles,30258,17166,3,5319,4.4336,43.677,0.4616,https://geo.api.gouv.fr/communes/30258
423,塞兹河畔巴尼奥勒,Bagnols-sur-Cèze,30028,1712,1,4669,4.6204,44.1619,0.1885,https://geo.api.gouv.fr/communes/30028
424,科萨德,Caussade,82037,16648,1,3733,1.5368,44.1621,0.1909,https://geo.api.gouv.fr/communes/82037
424,拉弗朗塞斯,Lafrançaise,82087,3088,1,2504,1.2408,44.1262,0.558,https://geo.api.gouv.fr/communes/82087
425,索尔格河畔利勒,L'Isle-sur-la-Sorgue,84054,16901,3,6505,5.0507,43.9195,0.4589,https://geo.api.gouv.fr/communes/84054
425,索尔格,Sorgues,84129,5493,3,5508,4.8778,44.007,0.4063,https://geo.api.gouv.fr/communes/84129
426,昂特勒沃,Entrevaux,04076,16875,1,1125,6.81,43.9502,0.4655,https://geo.api.gouv.fr/communes/04076
426,阿诺,Annot,04008,7519,1,1018,6.6669,43.9663,0.3201,https://geo.api.gouv.fr/communes/04008
427,瓦尔雷阿斯,Valréas,84138,16368,1,4765,4.9899,44.3834,0.5202,https://geo.api.gouv.fr/communes/84138
427,蒙特,Monteux,84080,16783,1,4416,4.9953,44.0345,0.4104,https://geo.api.gouv.fr/communes/84080
430,卡尔莫,Carmaux,81060,4519,3,10448,2.1608,44.05,0.178,https://geo.api.gouv.fr/communes/81060
430,加亚克,Gaillac,81099,5501,3,7779,1.8967,43.9018,0.5887,https://geo.api.gouv.fr/communes/81099
431,圣伊波利特迪福尔,Saint-Hippolyte-du-Fort,30263,4153,1,3007,3.8578,43.9654,0.4685,https://geo.api.gouv.fr/communes/30263
431,艾古阿勒山谷,Val-d'Aigoual,30339,2889,1,2313,3.6414,44.081,0.3409,https://geo.api.gouv.fr/communes/30339
434,塔尔诺斯,Tarnos,40312,17326,1,4012,-1.4604,43.5404,0.2974,https://geo.api.gouv.fr/communes/40312
434,苏斯通,Soustons,40310,5188,1,3702,-1.327,43.7556,0.3649,https://geo.api.gouv.fr/communes/40310
435,莱克图尔,Lectoure,32208,5186,1,4407,0.6237,43.9336,0.5772,https://geo.api.gouv.fr/communes/32208
435,欧兹,Eauze,32119,16935,1,3620,0.1015,43.8614,0.2415,https://geo.api.gouv.fr/communes/32119
436,卡瓦永,Cavaillon,84035,16960,3,12522,5.0375,43.8355,0.1734,https://geo.api.gouv.fr/communes/84035
436,佩尔蒂,Pertuis,84089,5686,3,5229,5.5031,43.6947,0.3191,https://geo.api.gouv.fr/communes/84089
437,埃罗地区克莱蒙,Clermont-l'Hérault,34079,17255,3,5426,3.4295,43.6276,0.4767,https://geo.api.gouv.fr/communes/34079
437,冈日,Ganges,34111,7196,1,4157,3.7088,43.9358,0.4851,https://geo.api.gouv.fr/communes/34111
438,沙托勒纳尔,Châteaurenard,13027,16926,3,8695,4.8556,43.8821,0.5136,https://geo.api.gouv.fr/communes/13027
438,塔拉斯孔,Tarascon,13108,17022,3,7875,4.6575,43.806,0.4729,https://geo.api.gouv.fr/communes/13108
439,勒韦勒,Revel,31451,17401,3,5362,2.0059,43.4581,0.5293,https://geo.api.gouv.fr/communes/31451
439,塔恩河畔维勒米尔,Villemur-sur-Tarn,31584,16994,1,3038,1.5037,43.8649,0.3665,https://geo.api.gouv.fr/communes/31584
439,格勒纳德,Grenade,31232,17063,1,2462,1.2955,43.77,0.2057,https://geo.api.gouv.fr/communes/31232
440,戛纳,Cannes,06029,4949,5,49057,7.0126,43.5514,0.9621,https://geo.api.gouv.fr/communes/06029
440,滨海卡涅,Cagnes-sur-Mer,06027,7340,3,9038,7.1488,43.6637,1.1887,https://geo.api.gouv.fr/communes/06027
441,塞特,Sète,34301,17472,5,37324,3.6958,43.402,2.225,https://geo.api.gouv.fr/communes/34301
441,吕内勒,Lunel,34145,17165,3,7665,4.1322,43.6787,0.4445,https://geo.api.gouv.fr/communes/34145
441,弗龙蒂尼昂,Frontignan,34108,4585,3,6243,3.7562,43.4457,0.2288,https://geo.api.gouv.fr/communes/34108
442,马扎梅,Mazamet,81163,6107,3,15447,2.3764,43.49,0.3191,https://geo.api.gouv.fr/communes/81163
442,格罗莱,Graulhet,81105,7660,3,8224,1.9889,43.7598,0.1519,https://geo.api.gouv.fr/communes/81105
444,圣拉斐尔,Saint-Raphaël,83118,306,3,9635,6.7684,43.4252,0.3009,https://geo.api.gouv.fr/communes/83118
444,弗雷瑞斯,Fréjus,83061,17424,3,9441,6.7372,43.433,0.1857,https://geo.api.gouv.fr/communes/83061
445,利勒茹尔丹,L'Isle-Jourdain,32160,139,1,3527,1.0816,43.6134,0.1013,https://geo.api.gouv.fr/communes/32160
445,维克费藏萨克,Vic-Fezensac,32462,4371,1,3024,0.3034,43.7578,0.3723,https://geo.api.gouv.fr/communes/32462
446,圣马克西曼拉圣博姆,Saint-Maximin-la-Sainte-Baume,83116,8395,1,2411,5.8632,43.453,0.3594,https://geo.api.gouv.fr/communes/83116
446,巴尔若勒,Barjols,83012,17299,1,2389,6.0078,43.5571,0.2935,https://geo.api.gouv.fr/communes/83012
447,里斯克勒,Riscle,32344,8186,1,1865,-0.0867,43.6586,0.4792,https://geo.api.gouv.fr/communes/32344
447,普莱桑斯,Plaisance,32319,17226,1,1379,0.0489,43.6064,0.2362,https://geo.api.gouv.fr/communes/32319
448,普罗旺斯地区萨隆,Salon-de-Provence,13103,17207,3,13482,5.099,43.6407,0.5531,https://geo.api.gouv.fr/communes/13103
448,加尔达讷,Gardanne,13041,5305,3,7334,5.4706,43.4557,0.662,https://geo.api.gouv.fr/communes/13041
449,阿格德,Agde,34003,17604,3,9242,3.4777,43.3134,0.6272,https://geo.api.gouv.fr/communes/34003
449,贝达里厄,Bédarieux,34028,17220,3,8512,3.16,43.6154,0.403,https://geo.api.gouv.fr/communes/34028
449,佩泽纳斯,Pézenas,34199,8545,3,6937,3.4209,43.4596,0.4215,https://geo.api.gouv.fr/communes/34199
452,马蒂格,Martigues,13056,17480,3,10489,5.0487,43.4055,0.3111,https://geo.api.gouv.fr/communes/13056
452,米拉马斯,Miramas,13063,5359,3,6594,5.0012,43.5805,0.5325,https://geo.api.gouv.fr/communes/13063
453,比戈尔地区维克,Vic-en-Bigorre,65460,2982,1,3214,0.0545,43.386,0.0865,https://geo.api.gouv.fr/communes/65460
453,塞梅阿克,Séméac,65417,17700,1,2752,0.105,43.2285,0.1589,https://geo.api.gouv.fr/communes/65417
454,奥尔泰兹,Orthez,64430,6928,3,6685,-0.7741,43.4876,0.4981,https://geo.api.gouv.fr/communes/64430
454,奈镇,Nay,64417,17730,1,3205,-0.2627,43.1799,0.4259,https://geo.api.gouv.fr/communes/64417
455,卡泽尔,Cazères,31135,17678,1,2592,1.0866,43.2053,0.3243,https://geo.api.gouv.fr/communes/31135
455,欧特里沃,Auterive,31033,4500,1,2513,1.4776,43.3524,0.507,https://geo.api.gouv.fr/communes/31033
456,比亚里茨,Biarritz,64122,6404,5,20691,-1.5585,43.4832,1.0242,https://geo.api.gouv.fr/communes/64122
456,圣让德吕兹,Saint-Jean-de-Luz,64483,17547,3,7804,-1.6642,43.3875,0.5215,https://geo.api.gouv.fr/communes/64483
461,贝阿恩地区萨利,Salies-de-Béarn,64499,17468,3,5362,-0.9249,43.4706,6.2124,https://geo.api.gouv.fr/communes/64499
461,莫莱翁利沙尔,Mauléon-Licharre,64371,17676,1,4193,-0.8895,43.22,0.4338,https://geo.api.gouv.fr/communes/64371
462,卡斯泰尔诺达里,Castelnaudary,11076,2916,3,8246,1.9531,43.3173,0.4878,https://geo.api.gouv.fr/communes/11076
462,米内尔瓦地区里厄,Rieux-Minervois,11315,6167,1,2276,2.5869,43.2824,0.3936,https://geo.api.gouv.fr/communes/11315
463,欧巴涅,Aubagne,13005,1859,3,13949,5.5695,43.2924,0.3487,https://geo.api.gouv.fr/communes/13005
463,拉西奥塔,La Ciotat,13028,4049,3,13428,5.6052,43.1736,2.3269,https://geo.api.gouv.fr/communes/13028
463,阿洛什,Allauch,13002,5235,3,5231,5.4817,43.3362,0.4239,https://geo.api.gouv.fr/communes/13002
464,巴涅尔德吕雄,Bagnères-de-Luchon,31042,17983,1,3591,0.5926,42.7891,0.5769,https://geo.api.gouv.fr/communes/31042
464,蒙特雷若,Montréjeau,31390,6536,1,3008,0.5669,43.0861,0.1796,https://geo.api.gouv.fr/communes/31390
468,莱济尼昂科尔比耶尔,Lézignan-Corbières,11203,17714,3,7248,2.7578,43.2005,0.4483,https://geo.api.gouv.fr/communes/11203
468,锡让,Sigean,11379,17827,1,3071,2.9798,43.0286,0.3756,https://geo.api.gouv.fr/communes/11379
469,耶尔,Hyères,83069,2628,5,26378,6.1301,43.1197,0.6198,https://geo.api.gouv.fr/communes/83069
469,滨海拉塞讷,La Seyne-sur-Mer,83126,3945,5,25785,5.8811,43.1021,0.9275,https://geo.api.gouv.fr/communes/83126
469,奥利乌勒,Ollioules,83090,17760,3,5317,5.8479,43.1398,0.4593,https://geo.api.gouv.fr/communes/83090
471,拉沃拉内,Lavelanet,09160,17851,1,4933,1.8517,42.9377,3.2705,https://geo.api.gouv.fr/communes/09160
471,米尔普瓦,Mirepoix,09194,17802,1,3112,1.8738,43.0881,0.1844,https://geo.api.gouv.fr/communes/09194
475,拉讷默藏,Lannemezan,65258,7844,1,2529,0.384,43.1254,0.4182,https://geo.api.gouv.fr/communes/65258
475,康庞,Campan,65123,6820,1,1880,0.1777,43.0169,0.3383,https://geo.api.gouv.fr/communes/65123
476,基扬,Quillan,11304,7189,1,3840,2.1846,42.8751,0.2894,https://geo.api.gouv.fr/communes/11304
476,埃斯佩拉扎,Espéraza,11129,7524,1,3015,2.2206,42.9352,0.4667,https://geo.api.gouv.fr/communes/11129
478,卢尔德,Lourdes,65286,17814,3,11529,-0.0459,43.0917,0.4149,https://geo.api.gouv.fr/communes/65286
478,圣佩德比戈尔,Saint-Pé-de-Bigorre,65395,17776,1,1953,-0.1588,43.1037,0.4224,https://geo.api.gouv.fr/communes/65395
479,塞克斯,Seix,09285,1401,1,1816,1.2015,42.8639,0.4707,https://geo.api.gouv.fr/communes/09285
479,马萨,Massat,09182,17927,1,1750,1.3477,42.8885,0.4977,https://geo.api.gouv.fr/communes/09182
481,阿列日河畔塔拉斯孔,Tarascon-sur-Ariège,09306,17948,1,2321,1.6051,42.8485,0.2922,https://geo.api.gouv.fr/communes/09306
481,索拉,Saurat,09280,6190,1,1787,1.5362,42.8773,0.6655,https://geo.api.gouv.fr/communes/09280
485,吕里,Luri,2B152,17929,1,1034,9.4048,42.8967,0.3098,https://geo.api.gouv.fr/communes/2B152
485,布朗多,Brando,2B043,6700,1,759,9.4749,42.7747,4.8592,https://geo.api.gouv.fr/communes/2B043
487,萨朗克地区圣洛朗,Saint-Laurent-de-la-Salanque,66180,2695,1,3630,2.9883,42.7731,0.302,https://geo.api.gouv.fr/communes/66180
487,埃斯塔热勒,Estagel,66071,5101,1,2099,2.6978,42.7731,0.3657,https://geo.api.gouv.fr/communes/66071
490,泰特河畔伊勒,Ille-sur-Têt,66088,5309,1,3765,2.6224,42.6721,0.3596,https://geo.api.gouv.fr/communes/66088
490,圣波勒德弗努耶,Saint-Paul-de-Fenouillet,66187,8439,1,1964,2.5028,42.8106,7.5992,https://geo.api.gouv.fr/communes/66187
491,卡伦扎纳,Calenzana,2B049,18107,1,2106,8.8554,42.5074,0.3438,https://geo.api.gouv.fr/communes/2B049
491,利勒鲁斯,L'Île-Rousse,2B134,18076,1,1531,8.9377,42.6365,0.2829,https://geo.api.gouv.fr/communes/2B134
497,埃尔讷,Elne,66065,4012,1,4097,2.9735,42.6014,3.595,https://geo.api.gouv.fr/communes/66065
497,滨海巴纽尔斯,Banyuls-sur-Mer,66016,7173,1,3655,3.1295,42.4811,0.0556,https://geo.api.gouv.fr/communes/66016
499,韦纳科,Venaco,2B341,477,1,1118,9.1737,42.2338,0.4168,https://geo.api.gouv.fr/communes/2B341
499,吉索尼,Ghisoni,2B124,4038,1,1113,9.213,42.1034,0.4129,https://geo.api.gouv.fr/communes/2B124
504,巴斯泰利卡,Bastelica,2A031,3525,1,2855,9.0501,42.0011,0.6681,https://geo.api.gouv.fr/communes/2A031
504,帕尔内卡,Palneca,2A200,18247,1,1209,9.1703,41.968,0.5437,https://geo.api.gouv.fr/communes/2A200
509,韦基奥港,Porto-Vecchio,2A247,4817,1,3647,9.2788,41.5914,0.4823,https://geo.api.gouv.fr/communes/2A247
509,博尼法乔,Bonifacio,2A041,18364,1,2495,9.1557,41.3873,0.2549,https://geo.api.gouv.fr/communes/2A041
525,卢丹,Loudun,86137,13536,3,5879,0.0823,47.0104,0.6143,https://geo.api.gouv.fr/communes/86137
525,圣让德索沃,Saint-Jean-de-Sauves,86225,2337,1,1892,0.0923,46.8407,0.1173,https://geo.api.gouv.fr/communes/86225
526,都兰地区圣莫尔,Sainte-Maure-de-Touraine,37226,13424,1,2537,0.622,47.1133,0.412,https://geo.api.gouv.fr/communes/37226
526,黎塞留,Richelieu,37196,5995,1,1782,0.3243,47.0128,0.1771,https://geo.api.gouv.fr/communes/37196
527,布瓦夫尔河谷,Boivre-la-Vallée,86123,3099,1,2971,0.0742,46.5582,0.4891,https://geo.api.gouv.fr/communes/86123
527,普瓦图地区讷维尔,Neuville-de-Poitou,86177,2333,1,2825,0.2451,46.6856,0.6042,https://geo.api.gouv.fr/communes/86177
