州ID,资源,旧产出,新产出,增量,设定
100,tungsten,0,1,1,虚构地方供给或工业与进口集散
101,rubber,0,1,1,虚构地方供给或工业与进口集散
103,oil,0,6,6,虚构地方供给或工业与进口集散
104,aluminium,0,1,1,虚构地方供给或工业与进口集散
105,tungsten,0,1,1,虚构地方供给或工业与进口集散
107,oil,0,1,1,虚构地方供给或工业与进口集散
108,tungsten,0,4,4,虚构地方供给或工业与进口集散
108,rubber,0,1,1,虚构地方供给或工业与进口集散
109,chromium,0,3,3,虚构地方供给或工业与进口集散
109,tungsten,0,1,1,虚构地方供给或工业与进口集散
111,chromium,0,1,1,虚构地方供给或工业与进口集散
112,rubber,0,4,4,虚构地方供给或工业与进口集散
112,oil,0,1,1,虚构地方供给或工业与进口集散
115,tungsten,0,1,1,虚构地方供给或工业与进口集散
116,oil,0,1,1,虚构地方供给或工业与进口集散
117,oil,0,1,1,虚构地方供给或工业与进口集散
118,tungsten,0,1,1,虚构地方供给或工业与进口集散
119,tungsten,0,1,1,虚构地方供给或工业与进口集散
120,chromium,0,3,3,虚构地方供给或工业与进口集散
120,tungsten,0,1,1,虚构地方供给或工业与进口集散
121,aluminium,0,1,1,虚构地方供给或工业与进口集散
122,chromium,0,1,1,虚构地方供给或工业与进口集散
123,chromium,0,1,1,虚构地方供给或工业与进口集散
124,chromium,0,1,1,虚构地方供给或工业与进口集散
125,rubber,0,1,1,虚构地方供给或工业与进口集散
126,chromium,0,1,1,虚构地方供给或工业与进口集散
127,rubber,0,1,1,虚构地方供给或工业与进口集散
128,tungsten,0,4,4,虚构地方供给或工业与进口集散
128,rubber,0,1,1,虚构地方供给或工业与进口集散
129,aluminium,0,1,1,虚构地方供给或工业与进口集散
130,tungsten,0,1,1,虚构地方供给或工业与进口集散
131,aluminium,0,1,1,虚构地方供给或工业与进口集散
132,chromium,0,1,1,虚构地方供给或工业与进口集散
133,oil,0,6,6,虚构地方供给或工业与进口集散
135,aluminium,0,1,1,虚构地方供给或工业与进口集散
136,chromium,0,1,1,虚构地方供给或工业与进口集散
137,oil,0,1,1,虚构地方供给或工业与进口集散
138,rubber,0,4,4,虚构地方供给或工业与进口集散
138,oil,0,1,1,虚构地方供给或工业与进口集散
139,tungsten,0,1,1,虚构地方供给或工业与进口集散
140,oil,0,1,1,虚构地方供给或工业与进口集散
141,oil,0,1,1,虚构地方供给或工业与进口集散
143,oil,0,6,6,虚构地方供给或工业与进口集散
145,tungsten,0,1,1,虚构地方供给或工业与进口集散
146,rubber,0,1,1,虚构地方供给或工业与进口集散
147,tungsten,0,4,4,虚构地方供给或工业与进口集散
147,rubber,0,1,1,虚构地方供给或工业与进口集散
148,oil,0,1,1,虚构地方供给或工业与进口集散
149,oil,0,1,1,虚构地方供给或工业与进口集散
150,rubber,0,1,1,虚构地方供给或工业与进口集散
152,chromium,0,1,1,虚构地方供给或工业与进口集散
153,aluminium,0,1,1,虚构地方供给或工业与进口集散
154,chromium,0,3,3,虚构地方供给或工业与进口集散
154,tungsten,0,1,1,虚构地方供给或工业与进口集散
155,chromium,0,3,3,虚构地方供给或工业与进口集散
155,tungsten,0,1,1,虚构地方供给或工业与进口集散
156,aluminium,0,1,1,虚构地方供给或工业与进口集散
157,rubber,0,1,1,虚构地方供给或工业与进口集散
158,rubber,0,1,1,虚构地方供给或工业与进口集散
159,chromium,0,1,1,虚构地方供给或工业与进口集散
160,rubber,0,1,1,虚构地方供给或工业与进口集散
161,chromium,0,1,1,虚构地方供给或工业与进口集散
162,chromium,0,1,1,虚构地方供给或工业与进口集散
163,rubber,0,4,4,虚构地方供给或工业与进口集散
163,oil,0,1,1,虚构地方供给或工业与进口集散
164,rubber,0,1,1,虚构地方供给或工业与进口集散
165,aluminium,0,1,1,虚构地方供给或工业与进口集散
166,aluminium,0,1,1,虚构地方供给或工业与进口集散
167,tungsten,0,1,1,虚构地方供给或工业与进口集散
168,rubber,0,4,4,虚构地方供给或工业与进口集散
168,oil,0,1,1,虚构地方供给或工业与进口集散
170,oil,0,1,1,虚构地方供给或工业与进口集散
173,oil,0,6,6,虚构地方供给或工业与进口集散
174,aluminium,0,1,1,虚构地方供给或工业与进口集散
176,aluminium,0,1,1,虚构地方供给或工业与进口集散
179,tungsten,0,1,1,虚构地方供给或工业与进口集散
180,aluminium,0,1,1,虚构地方供给或工业与进口集散
181,chromium,0,1,1,虚构地方供给或工业与进口集散
182,rubber,0,1,1,虚构地方供给或工业与进口集散
183,aluminium,0,1,1,虚构地方供给或工业与进口集散
185,chromium,0,1,1,虚构地方供给或工业与进口集散
186,oil,0,1,1,虚构地方供给或工业与进口集散
187,tungsten,0,4,4,虚构地方供给或工业与进口集散
187,rubber,0,1,1,虚构地方供给或工业与进口集散
188,tungsten,0,4,4,虚构地方供给或工业与进口集散
188,rubber,0,1,1,虚构地方供给或工业与进口集散
189,rubber,0,1,1,虚构地方供给或工业与进口集散
190,oil,0,1,1,虚构地方供给或工业与进口集散
192,aluminium,0,1,1,虚构地方供给或工业与进口集散
194,chromium,0,1,1,虚构地方供给或工业与进口集散
195,aluminium,0,1,1,虚构地方供给或工业与进口集散
196,oil,0,1,1,虚构地方供给或工业与进口集散
197,chromium,0,3,3,虚构地方供给或工业与进口集散
197,tungsten,0,1,1,虚构地方供给或工业与进口集散
198,oil,0,1,1,虚构地方供给或工业与进口集散
199,chromium,0,1,1,虚构地方供给或工业与进口集散
200,oil,0,6,6,虚构地方供给或工业与进口集散
201,oil,0,6,6,虚构地方供给或工业与进口集散
203,oil,0,1,1,虚构地方供给或工业与进口集散
204,tungsten,0,4,4,虚构地方供给或工业与进口集散
204,rubber,0,1,1,虚构地方供给或工业与进口集散
205,chromium,0,1,1,虚构地方供给或工业与进口集散
206,tungsten,0,1,1,虚构地方供给或工业与进口集散
207,chromium,0,1,1,虚构地方供给或工业与进口集散
208,chromium,0,1,1,虚构地方供给或工业与进口集散
209,aluminium,0,1,1,虚构地方供给或工业与进口集散
211,chromium,0,3,3,虚构地方供给或工业与进口集散
211,tungsten,0,1,1,虚构地方供给或工业与进口集散
212,rubber,0,4,4,虚构地方供给或工业与进口集散
212,oil,0,1,1,虚构地方供给或工业与进口集散
213,chromium,0,1,1,虚构地方供给或工业与进口集散
214,tungsten,0,1,1,虚构地方供给或工业与进口集散
215,rubber,0,1,1,虚构地方供给或工业与进口集散
216,tungsten,0,1,1,虚构地方供给或工业与进口集散
217,rubber,0,4,4,虚构地方供给或工业与进口集散
217,oil,0,1,1,虚构地方供给或工业与进口集散
218,rubber,0,1,1,虚构地方供给或工业与进口集散
219,chromium,0,1,1,虚构地方供给或工业与进口集散
220,chromium,0,1,1,虚构地方供给或工业与进口集散
222,rubber,0,4,4,虚构地方供给或工业与进口集散
222,oil,0,1,1,虚构地方供给或工业与进口集散
224,rubber,0,1,1,虚构地方供给或工业与进口集散
225,rubber,0,4,4,虚构地方供给或工业与进口集散
225,oil,0,1,1,虚构地方供给或工业与进口集散
226,oil,0,6,6,虚构地方供给或工业与进口集散
229,oil,0,1,1,虚构地方供给或工业与进口集散
230,aluminium,0,1,1,虚构地方供给或工业与进口集散
234,tungsten,0,1,1,虚构地方供给或工业与进口集散
237,tungsten,0,4,4,虚构地方供给或工业与进口集散
237,rubber,0,1,1,虚构地方供给或工业与进口集散
239,tungsten,0,4,4,虚构地方供给或工业与进口集散
239,rubber,0,1,1,虚构地方供给或工业与进口集散
242,tungsten,0,4,4,虚构地方供给或工业与进口集散
242,rubber,0,1,1,虚构地方供给或工业与进口集散
243,oil,0,6,6,虚构地方供给或工业与进口集散
245,rubber,0,1,1,虚构地方供给或工业与进口集散
248,rubber,0,1,1,虚构地方供给或工业与进口集散
249,oil,0,6,6,虚构地方供给或工业与进口集散
251,oil,0,1,1,虚构地方供给或工业与进口集散
252,oil,0,1,1,虚构地方供给或工业与进口集散
254,oil,0,1,1,虚构地方供给或工业与进口集散
256,rubber,0,1,1,虚构地方供给或工业与进口集散
259,oil,0,1,1,虚构地方供给或工业与进口集散
260,chromium,0,3,3,虚构地方供给或工业与进口集散
260,tungsten,0,1,1,虚构地方供给或工业与进口集散
262,chromium,0,1,1,虚构地方供给或工业与进口集散
263,tungsten,0,1,1,虚构地方供给或工业与进口集散
266,rubber,0,4,4,虚构地方供给或工业与进口集散
266,oil,0,1,1,虚构地方供给或工业与进口集散
267,tungsten,0,4,4,虚构地方供给或工业与进口集散
267,rubber,0,1,1,虚构地方供给或工业与进口集散
268,chromium,0,3,3,虚构地方供给或工业与进口集散
268,tungsten,0,1,1,虚构地方供给或工业与进口集散
269,tungsten,0,1,1,虚构地方供给或工业与进口集散
272,aluminium,0,1,1,虚构地方供给或工业与进口集散
273,aluminium,0,1,1,虚构地方供给或工业与进口集散
276,chromium,0,1,1,虚构地方供给或工业与进口集散
279,chromium,0,3,3,虚构地方供给或工业与进口集散
279,tungsten,0,1,1,虚构地方供给或工业与进口集散
284,aluminium,0,1,1,虚构地方供给或工业与进口集散
286,tungsten,0,1,1,虚构地方供给或工业与进口集散
288,chromium,0,3,3,虚构地方供给或工业与进口集散
288,tungsten,0,1,1,虚构地方供给或工业与进口集散
289,oil,0,1,1,虚构地方供给或工业与进口集散
291,aluminium,0,1,1,虚构地方供给或工业与进口集散
292,tungsten,0,4,4,虚构地方供给或工业与进口集散
292,rubber,0,1,1,虚构地方供给或工业与进口集散
294,aluminium,0,1,1,虚构地方供给或工业与进口集散
297,tungsten,0,1,1,虚构地方供给或工业与进口集散
299,oil,0,6,6,虚构地方供给或工业与进口集散
301,chromium,0,3,3,虚构地方供给或工业与进口集散
301,tungsten,0,1,1,虚构地方供给或工业与进口集散
303,rubber,0,4,4,虚构地方供给或工业与进口集散
303,oil,0,1,1,虚构地方供给或工业与进口集散
304,rubber,0,4,4,虚构地方供给或工业与进口集散
304,oil,0,1,1,虚构地方供给或工业与进口集散
308,chromium,0,1,1,虚构地方供给或工业与进口集散
309,aluminium,0,1,1,虚构地方供给或工业与进口集散
310,rubber,0,1,1,虚构地方供给或工业与进口集散
312,chromium,0,1,1,虚构地方供给或工业与进口集散
314,chromium,0,1,1,虚构地方供给或工业与进口集散
315,oil,0,1,1,虚构地方供给或工业与进口集散
316,aluminium,0,1,1,虚构地方供给或工业与进口集散
318,chromium,0,3,3,虚构地方供给或工业与进口集散
318,tungsten,0,1,1,虚构地方供给或工业与进口集散
319,oil,0,1,1,虚构地方供给或工业与进口集散
322,tungsten,0,1,1,虚构地方供给或工业与进口集散
324,rubber,0,1,1,虚构地方供给或工业与进口集散
325,chromium,0,1,1,虚构地方供给或工业与进口集散
326,oil,0,6,6,虚构地方供给或工业与进口集散
329,tungsten,0,1,1,虚构地方供给或工业与进口集散
330,chromium,0,1,1,虚构地方供给或工业与进口集散
332,oil,0,1,1,虚构地方供给或工业与进口集散
336,oil,0,6,6,虚构地方供给或工业与进口集散
337,rubber,0,1,1,虚构地方供给或工业与进口集散
338,chromium,0,1,1,虚构地方供给或工业与进口集散
339,rubber,0,1,1,虚构地方供给或工业与进口集散
340,oil,0,1,1,虚构地方供给或工业与进口集散
341,tungsten,0,1,1,虚构地方供给或工业与进口集散
342,chromium,0,1,1,虚构地方供给或工业与进口集散
343,rubber,0,4,4,虚构地方供给或工业与进口集散
343,oil,0,1,1,虚构地方供给或工业与进口集散
345,oil,0,6,6,虚构地方供给或工业与进口集散
349,oil,0,1,1,虚构地方供给或工业与进口集散
351,rubber,0,1,1,虚构地方供给或工业与进口集散
353,aluminium,0,1,1,虚构地方供给或工业与进口集散
354,tungsten,0,4,4,虚构地方供给或工业与进口集散
354,rubber,0,1,1,虚构地方供给或工业与进口集散
355,oil,0,1,1,虚构地方供给或工业与进口集散
356,aluminium,0,1,1,虚构地方供给或工业与进口集散
358,oil,0,1,1,虚构地方供给或工业与进口集散
36,chromium,0,1,1,虚构地方供给或工业与进口集散
360,rubber,0,4,4,虚构地方供给或工业与进口集散
360,oil,0,1,1,虚构地方供给或工业与进口集散
362,oil,0,1,1,虚构地方供给或工业与进口集散
363,chromium,0,3,3,虚构地方供给或工业与进口集散
363,tungsten,0,1,1,虚构地方供给或工业与进口集散
365,tungsten,0,4,4,虚构地方供给或工业与进口集散
365,rubber,0,1,1,虚构地方供给或工业与进口集散
368,chromium,0,3,3,虚构地方供给或工业与进口集散
368,tungsten,0,1,1,虚构地方供给或工业与进口集散
369,aluminium,0,1,1,虚构地方供给或工业与进口集散
372,chromium,0,1,1,虚构地方供给或工业与进口集散
373,chromium,0,1,1,虚构地方供给或工业与进口集散
374,tungsten,0,1,1,虚构地方供给或工业与进口集散
375,aluminium,0,1,1,虚构地方供给或工业与进口集散
376,aluminium,0,1,1,虚构地方供给或工业与进口集散
377,aluminium,0,1,1,虚构地方供给或工业与进口集散
378,tungsten,0,1,1,虚构地方供给或工业与进口集散
380,rubber,0,1,1,虚构地方供给或工业与进口集散
384,rubber,0,1,1,虚构地方供给或工业与进口集散
385,oil,0,1,1,虚构地方供给或工业与进口集散
386,oil,0,1,1,虚构地方供给或工业与进口集散
387,tungsten,0,1,1,虚构地方供给或工业与进口集散
389,oil,0,6,6,虚构地方供给或工业与进口集散
39,rubber,0,1,1,虚构地方供给或工业与进口集散
391,aluminium,0,1,1,虚构地方供给或工业与进口集散
392,rubber,0,1,1,虚构地方供给或工业与进口集散
393,aluminium,0,1,1,虚构地方供给或工业与进口集散
396,tungsten,0,1,1,虚构地方供给或工业与进口集散
397,rubber,0,1,1,虚构地方供给或工业与进口集散
398,chromium,0,1,1,虚构地方供给或工业与进口集散
40,aluminium,0,1,1,虚构地方供给或工业与进口集散
400,rubber,0,1,1,虚构地方供给或工业与进口集散
401,oil,0,1,1,虚构地方供给或工业与进口集散
402,rubber,0,1,1,虚构地方供给或工业与进口集散
403,chromium,0,1,1,虚构地方供给或工业与进口集散
404,chromium,0,1,1,虚构地方供给或工业与进口集散
406,aluminium,0,1,1,虚构地方供给或工业与进口集散
407,chromium,0,3,3,虚构地方供给或工业与进口集散
407,tungsten,0,1,1,虚构地方供给或工业与进口集散
410,aluminium,0,1,1,虚构地方供给或工业与进口集散
412,rubber,0,1,1,虚构地方供给或工业与进口集散
414,chromium,0,3,3,虚构地方供给或工业与进口集散
414,tungsten,0,1,1,虚构地方供给或工业与进口集散
419,aluminium,0,1,1,虚构地方供给或工业与进口集散
420,tungsten,0,1,1,虚构地方供给或工业与进口集散
422,rubber,0,4,4,虚构地方供给或工业与进口集散
422,oil,0,1,1,虚构地方供给或工业与进口集散
423,rubber,0,4,4,虚构地方供给或工业与进口集散
423,oil,0,1,1,虚构地方供给或工业与进口集散
424,oil,0,1,1,虚构地方供给或工业与进口集散
425,oil,0,1,1,虚构地方供给或工业与进口集散
427,aluminium,0,1,1,虚构地方供给或工业与进口集散
430,tungsten,0,4,4,虚构地方供给或工业与进口集散
430,rubber,0,1,1,虚构地方供给或工业与进口集散
434,chromium,0,1,1,虚构地方供给或工业与进口集散
435,chromium,0,1,1,虚构地方供给或工业与进口集散
436,oil,0,1,1,虚构地方供给或工业与进口集散
437,chromium,0,1,1,虚构地方供给或工业与进口集散
438,rubber,0,1,1,虚构地方供给或工业与进口集散
439,oil,0,6,6,虚构地方供给或工业与进口集散
440,chromium,0,3,3,虚构地方供给或工业与进口集散
440,tungsten,0,1,1,虚构地方供给或工业与进口集散
441,tungsten,0,4,4,虚构地方供给或工业与进口集散
441,rubber,0,1,1,虚构地方供给或工业与进口集散
442,rubber,0,4,4,虚构地方供给或工业与进口集散
442,oil,0,1,1,虚构地方供给或工业与进口集散
444,tungsten,0,1,1,虚构地方供给或工业与进口集散
445,oil,0,1,1,虚构地方供给或工业与进口集散
446,rubber,0,1,1,虚构地方供给或工业与进口集散
447,chromium,0,1,1,虚构地方供给或工业与进口集散
448,chromium,0,1,1,虚构地方供给或工业与进口集散
449,oil,0,6,6,虚构地方供给或工业与进口集散
45,chromium,0,1,1,虚构地方供给或工业与进口集散
452,aluminium,0,1,1,虚构地方供给或工业与进口集散
453,chromium,0,1,1,虚构地方供给或工业与进口集散
454,tungsten,0,4,4,虚构地方供给或工业与进口集散
454,rubber,0,1,1,虚构地方供给或工业与进口集散
455,tungsten,0,1,1,虚构地方供给或工业与进口集散
456,rubber,0,4,4,虚构地方供给或工业与进口集散
456,oil,0,1,1,虚构地方供给或工业与进口集散
461,chromium,0,1,1,虚构地方供给或工业与进口集散
462,chromium,0,1,1,虚构地方供给或工业与进口集散
463,oil,0,6,6,虚构地方供给或工业与进口集散
464,tungsten,0,1,1,虚构地方供给或工业与进口集散
468,oil,0,1,1,虚构地方供给或工业与进口集散
469,tungsten,0,4,4,虚构地方供给或工业与进口集散
469,rubber,0,1,1,虚构地方供给或工业与进口集散
471,oil,0,1,1,虚构地方供给或工业与进口集散
475,rubber,0,1,1,虚构地方供给或工业与进口集散
476,aluminium,0,1,1,虚构地方供给或工业与进口集散
479,rubber,0,1,1,虚构地方供给或工业与进口集散
485,tungsten,0,4,4,虚构地方供给或工业与进口集散
487,aluminium,0,1,1,虚构地方供给或工业与进口集散
497,tungsten,0,1,1,虚构地方供给或工业与进口集散
499,rubber,0,4,4,虚构地方供给或工业与进口集散
499,oil,0,1,1,虚构地方供给或工业与进口集散
504,oil,0,6,6,虚构地方供给或工业与进口集散
509,chromium,0,3,3,虚构地方供给或工业与进口集散
51,oil,0,6,6,虚构地方供给或工业与进口集散
55,chromium,0,3,3,虚构地方供给或工业与进口集散
55,tungsten,0,1,1,虚构地方供给或工业与进口集散
56,oil,0,1,1,虚构地方供给或工业与进口集散
60,rubber,0,1,1,虚构地方供给或工业与进口集散
61,tungsten,0,4,4,虚构地方供给或工业与进口集散
61,rubber,0,1,1,虚构地方供给或工业与进口集散
62,oil,0,1,1,虚构地方供给或工业与进口集散
63,rubber,0,4,4,虚构地方供给或工业与进口集散
63,oil,0,1,1,虚构地方供给或工业与进口集散
67,chromium,0,3,3,虚构地方供给或工业与进口集散
67,tungsten,0,1,1,虚构地方供给或工业与进口集散
68,aluminium,0,1,1,虚构地方供给或工业与进口集散
69,tungsten,0,1,1,虚构地方供给或工业与进口集散
70,oil,0,6,6,虚构地方供给或工业与进口集散
72,tungsten,0,4,4,虚构地方供给或工业与进口集散
72,rubber,0,1,1,虚构地方供给或工业与进口集散
73,tungsten,0,1,1,虚构地方供给或工业与进口集散
74,tungsten,0,4,4,虚构地方供给或工业与进口集散
74,rubber,0,1,1,虚构地方供给或工业与进口集散
75,oil,0,1,1,虚构地方供给或工业与进口集散
76,aluminium,0,1,1,虚构地方供给或工业与进口集散
80,rubber,0,4,4,虚构地方供给或工业与进口集散
80,oil,0,1,1,虚构地方供给或工业与进口集散
81,rubber,0,1,1,虚构地方供给或工业与进口集散
83,rubber,0,4,4,虚构地方供给或工业与进口集散
83,oil,0,1,1,虚构地方供给或工业与进口集散
84,oil,0,6,6,虚构地方供给或工业与进口集散
85,chromium,0,1,1,虚构地方供给或工业与进口集散
88,chromium,0,1,1,虚构地方供给或工业与进口集散
89,rubber,0,1,1,虚构地方供给或工业与进口集散
90,aluminium,0,1,1,虚构地方供给或工业与进口集散
92,aluminium,0,1,1,虚构地方供给或工业与进口集散
94,chromium,0,3,3,虚构地方供给或工业与进口集散
94,tungsten,0,1,1,虚构地方供给或工业与进口集散
96,oil,0,1,1,虚构地方供给或工业与进口集散
97,chromium,0,1,1,虚构地方供给或工业与进口集散
98,rubber,0,1,1,虚构地方供给或工业与进口集散
99,aluminium,0,1,1,虚构地方供给或工业与进口集散
