州ID,省份ID,中文城市,官方城市,地图X,地图Y,模型高度
36,4218,敦刻尔克,Dunkerque,2829.0,94.0,9.7
51,9249,里尔,Lille,2926.0,174.0,9.8
60,6525,阿拉斯,Arras,2880.0,244.0,10.0
61,1947,瓦朗谢讷,Valenciennes,2987.0,236.0,9.8
70,8318,亚眠,Amiens,2819.0,328.0,9.8
80,9962,勒阿弗尔,Le Havre,2529.0,407.0,9.9
84,10076,鲁昂,Rouen,2659.0,429.0,9.8
96,8370,蒂永维尔西区,Thionville,3340.0,442.0,10.2
103,892,兰斯,Reims,3056.0,458.0,10.0
109,8200,卡昂,Caen,2469.0,478.0,9.8
111,10620,香槟沙隆,Châlons-en-Champagne,3096.0,518.0,9.9
112,5300,梅斯,Metz,3337.0,489.0,10.35
133,11008,南锡,Nancy,3345.0,579.0,10.35
143,10776,巴黎,Paris,2826.0,546.0,9.9
163,11639,特鲁瓦,Troyes,3062.0,654.0,10.0
173,1667,斯特拉斯堡,Strasbourg,3555.0,604.0,10.1
188,11949,雷恩,Rennes,2290.0,692.0,9.8
190,3272,肖蒙,Chaumont,3202.0,686.0,10.6
196,12145,勒芒,Le Mans,2543.0,714.0,10.0
197,12022,科尔马,Colmar,3506.0,700.0,10.3
201,902,奥尔良,Orléans,2768.0,732.0,10.1
204,7414,欧塞尔,Auxerre,2989.0,760.0,10.2
206,12385,朗格勒,Langres,3226.0,747.0,11.1
208,1624,洛里昂,Lorient,2058.0,763.0,9.8
217,3754,米卢斯,Mulhouse,3498.0,770.0,10.38
219,3357,贝尔福,Belfort,3431.0,782.0,11.65
222,12978,昂热,Angers,2433.0,824.0,9.8
225,13089,图尔,Tours,2608.0,841.0,9.9
226,13134,第戎,Dijon,3193.0,847.0,10.45
229,6624,索米尔,Saumur,2501.0,861.0,9.8
230,13306,维耶尔宗,Vierzon,2790.0,873.0,10.1
242,3262,布尔日,Bourges,2835.0,893.0,10.1
243,13274,贝桑松,Besançon,3323.0,867.0,10.43
249,3806,南特,Nantes,2307.0,873.0,9.7
262,6849,讷韦尔,Nevers,2941.0,917.0,10.2
279,138,索恩河畔沙隆,Chalon-sur-Saône,3164.0,960.0,10.3
288,14070,普瓦捷,Poitiers,2567.0,1006.0,10.1
289,1546,穆兰,Moulins,2965.0,999.0,10.5
292,14254,蒙吕松,Montluçon,2864.0,1041.0,10.3
297,5691,马孔,Mâcon,3153.0,1050.0,10.4
299,7302,尼奥尔,Niort,2447.0,1050.0,9.8
301,14429,布雷斯地区布尔格,Bourg-en-Bresse,3216.0,1071.0,10.4
315,14610,罗阿讷,Roanne,3065.0,1104.0,10.55
326,1917,利摩日,Limoges,2678.0,1144.0,10.67
329,7035,阿讷西,Annecy,3335.0,1126.0,11.1
336,2292,里昂,Lyon,3164.0,1159.0,10.2
337,15088,尚贝里,Chambéry,3312.0,1191.0,10.68
343,3470,昂古莱姆,Angoulême,2538.0,1180.0,10.1
345,1885,克莱蒙费朗,Clermont-Ferrand,2940.0,1150.0,10.65
360,15281,圣艾蒂安,Saint-Étienne,3104.0,1223.0,11.8
363,15551,布里夫拉盖亚尔德,Brive-la-Gaillarde,2720.0,1270.0,10.1
365,3607,格勒诺布尔,Grenoble,3284.0,1263.0,10.48
368,2527,佩里格,Périgueux,2606.0,1263.0,10.1
377,734,瓦朗斯,Valence,3174.0,1313.0,10.1
389,15887,波尔多,Bordeaux,2428.0,1334.0,9.8
420,16563,阿让,Agen,2596.0,1446.0,10.1
423,1367,尼姆,Nîmes,3094.0,1533.0,9.8
424,16802,蒙托邦,Montauban,2694.0,1489.0,10.0
425,3660,阿维尼翁,Avignon,3169.0,1500.0,9.8
439,17211,图卢兹,Toulouse,2697.0,1555.0,10.2
441,2597,蒙彼利埃,Montpellier,3028.0,1547.0,10.1
449,5472,贝济耶,Béziers,2942.0,1610.0,9.8
453,482,塔布,Tarbes,2521.0,1633.0,10.7
454,8265,波城,Pau,2465.0,1617.0,10.4
456,17383,巴约讷,Bayonne,2321.0,1582.0,9.7
462,4491,卡尔卡松,Carcassonne,2829.0,1626.0,10.1
468,5514,纳博讷,Narbonne,2921.0,1631.0,9.7
469,17772,土伦,Toulon,3314.0,1651.0,9.7
485,18004,巴斯蒂亚,Bastia,3778.0,1722.0,12.65
487,18006,佩皮尼昂,Perpignan,2895.0,1724.0,9.9
491,3874,卡尔维,Calvi,3698.0,1750.0,9.7
499,3425,科尔泰,Corte,3746.0,1802.0,11.78
509,4817,韦基奥港,Porto-Vecchio,3759.0,1933.0,9.9
