州ID,名称,大区,基础槽位,初始工厂,民工,军工,船坞,煤炭,钢铁,铝,石油,橡胶,钨,铬
36,敦刻尔克,LIL,5,4,2,2,0,0,55,0,0,0,0,0
39,圣奥梅尔,LIL,3,2,1,1,0,0,0,0,0,0,0,0
40,加莱,LIL,4,3,2,1,0,0,0,0,0,0,0,0
45,滨海布洛涅,LIL,4,3,2,1,0,0,0,0,0,0,0,0
51,里尔,LIL,8,6,4,2,0,0,0,0,0,45,0,0
55,贝蒂讷,LIL,5,4,2,2,0,195,30,0,0,0,0,0
56,蒙特勒伊,LIL,3,2,1,1,0,0,0,0,0,0,0,0
60,阿拉斯,LIL,4,3,2,1,0,0,0,0,0,0,0,0
61,瓦朗谢讷,LIL,5,4,2,2,0,165,110,0,0,0,0,0
62,杜埃,LIL,4,3,2,1,0,150,30,0,0,0,0,0
63,朗斯,LIL,5,4,2,2,0,210,0,0,0,0,0,0
67,阿布维尔,AMI,4,3,2,1,0,0,0,0,0,0,0,0
68,阿韦讷,LIL,5,4,2,2,0,0,0,0,0,0,0,0
69,康布雷,LIL,4,3,2,1,0,0,0,0,0,0,0,0
70,亚眠,AMI,5,4,2,2,0,0,0,0,0,0,0,0
72,沙勒维尔-梅济耶尔,CHL,4,3,2,1,0,0,0,0,0,0,0,0
73,佩罗讷,AMI,3,2,1,1,0,0,0,0,0,0,0,0
74,迪耶普,ROU,4,3,2,1,0,0,0,0,0,0,0,0
75,韦尔万,AMI,3,2,1,1,0,0,0,0,0,0,0,0
76,圣康坦,AMI,4,3,2,1,0,0,0,0,0,0,0,0
77,蒙迪迪耶,AMI,2,1,1,0,0,0,0,0,0,0,0,0
80,勒阿弗尔,ROU,5,4,2,2,0,0,0,0,0,70,0,0
81,色当,CHL,3,2,1,1,0,0,0,0,0,0,0,0
83,埃纳,AMI,4,3,2,1,0,0,0,0,0,0,0,0
84,鲁昂,ROU,6,4,2,2,0,0,0,0,0,60,0,0
85,博韦,AMI,4,3,2,1,0,0,0,0,0,0,0,0
86,勒泰勒,CHL,2,1,1,0,0,0,0,0,0,0,0,0
88,瑟堡,ROU,4,3,2,1,0,0,30,0,0,0,0,0
89,贡比涅,AMI,3,2,1,1,0,0,0,0,0,0,0,0
90,克莱蒙,AMI,3,2,1,1,0,0,0,0,0,0,0,0
92,凡尔登,MET,4,3,2,1,0,0,0,0,0,0,0,0
93,武济耶,CHL,2,1,1,0,0,0,0,0,0,0,0,0
94,布里埃,MET,4,3,2,1,0,0,335,0,0,0,0,0
96,蒂永维尔西区,MET,3,2,1,1,0,0,0,0,0,0,0,0
97,苏瓦松,AMI,3,2,1,1,0,0,0,0,0,0,0,0
98,蒂永维尔东区,MET,3,2,1,1,0,0,310,0,0,0,0,0
99,贝尔奈,ROU,4,3,2,1,0,0,0,0,0,0,0,0
100,莱桑德利,ROU,4,3,2,1,0,0,0,0,0,0,0,0
101,利雪,ROU,4,3,2,1,0,0,0,0,0,0,0,0
103,兰斯,CHL,4,3,2,1,0,0,0,0,0,0,0,0
104,巴约,ROU,3,2,1,1,0,0,0,0,0,0,0,0
105,库唐斯,ROU,3,2,1,1,0,0,0,0,0,0,0,0
106,布莱摩泽尔,MET,2,1,1,0,0,0,0,0,0,0,0,0
107,圣洛,ROU,3,2,1,1,0,0,0,0,0,0,0,0
108,桑利斯,AMI,4,3,2,1,0,0,0,0,0,0,0,0
109,卡昂,ROU,4,3,2,1,0,0,110,0,0,0,0,0
110,圣默努,CHL,1,0,0,0,0,0,0,0,0,0,0,0
111,香槟沙隆,CHL,3,2,1,1,0,0,0,0,0,0,0,0
112,梅斯,MET,4,3,2,1,0,0,100,0,0,0,0,0
114,蒂耶里堡,AMI,2,1,1,0,0,0,0,0,0,0,0,0
115,蓬图瓦兹,PRS,3,2,1,1,0,0,0,0,0,0,0,0
116,福尔巴克,MET,4,3,2,1,0,330,0,0,0,0,0,0
117,埃夫勒,ROU,3,2,1,1,0,0,0,0,0,0,0,0
118,萨尔格米讷,MET,3,2,1,1,0,0,0,0,0,0,0,0
119,萨塞勒,PRS,4,3,2,1,0,0,0,0,0,0,0,0
120,埃佩尔奈,CHL,4,3,2,1,0,0,0,0,0,0,0,0
121,莫,PRS,4,3,2,1,0,0,0,0,0,0,0,0
122,维尔,ROU,3,2,1,1,0,0,0,0,0,0,0,0
123,芒特拉若利,PRS,3,2,1,1,0,0,0,0,0,0,0,0
124,科梅尔西,MET,3,2,1,1,0,0,0,0,0,0,0,0
125,巴勒迪克,MET,3,2,1,1,0,0,0,0,0,0,0,0
126,萨韦尔讷,STR,4,3,2,1,0,0,0,0,0,0,0,0
127,维桑堡,STR,3,2,1,1,0,0,0,0,100,0,0,0
128,阿格诺,STR,4,3,2,1,0,0,0,0,0,0,0,0
129,图勒,MET,3,2,1,1,0,0,0,0,0,0,0,0
130,圣日耳曼昂莱,PRS,4,3,2,1,0,0,0,0,0,0,0,0
131,阿让特伊,PRS,4,3,2,1,0,0,0,0,0,0,0,0
132,勒兰西,PRS,5,4,2,2,0,0,0,0,0,0,0,0
133,南锡,MET,5,4,2,2,0,0,70,0,0,0,0,0
134,萨兰堡,MET,2,1,1,0,0,0,0,0,0,0,0,0
135,圣但尼,PRS,5,4,2,2,0,0,0,0,0,0,0,0
136,阿让唐,ROU,4,3,2,1,0,0,0,0,0,0,0,0
137,托尔西,PRS,3,2,1,1,0,0,0,0,0,0,0,0
138,楠泰尔,PRS,8,6,4,2,0,0,0,0,0,0,0,0
139,德勒,TRS,3,2,1,1,0,0,0,0,0,0,0,0
140,博比尼,PRS,5,4,2,2,0,0,0,0,50,0,0,0
141,普罗万,PRS,3,2,1,1,0,0,0,0,80,0,0,0
142,维特里勒弗朗索瓦,CHL,2,1,1,0,0,0,0,0,0,0,0,0
143,巴黎,PRS,12,9,5,4,0,0,0,0,0,45,0,0
144,朗布依埃,PRS,2,1,1,0,0,0,0,0,0,0,0,0
145,萨尔堡,MET,3,2,1,1,0,0,0,0,0,0,0,0
146,拉尼永,REN,3,2,1,1,0,0,0,0,0,0,0,0
147,马恩河畔诺让,PRS,5,4,2,2,0,0,0,0,0,0,0,0
148,阿夫朗什,ROU,4,3,2,1,0,0,0,0,0,0,0,0
149,凡尔赛,PRS,4,3,2,1,0,0,0,0,0,0,0,0
150,布洛涅-比扬古,PRS,5,4,2,2,0,0,0,0,0,0,0,0
152,安东尼,PRS,4,3,2,1,0,0,0,0,0,0,0,0
153,克雷泰伊,PRS,3,2,1,1,0,0,0,0,0,0,0,0
154,圣布里厄,REN,5,4,2,2,0,0,0,0,0,0,50,0
155,拉伊莱罗斯,PRS,5,4,2,2,0,0,0,0,0,0,0,0
156,佩尔什地区莫尔塔涅,ROU,3,2,1,1,0,0,0,0,0,0,0,0
157,默伦,PRS,3,2,1,1,0,0,0,0,100,0,0,0
158,帕莱索,PRS,4,3,2,1,0,0,0,0,0,0,0,0
159,吕内维尔,MET,3,2,1,1,0,0,0,0,0,0,0,0
160,甘冈,REN,4,3,2,1,0,0,0,0,0,0,0,0
161,埃夫里,PRS,4,3,2,1,0,0,0,0,0,0,0,0
162,莫尔莱,REN,4,3,2,1,0,0,0,0,0,0,0,0
163,特鲁瓦,CHL,4,3,2,1,0,0,0,0,0,0,0,0
164,阿朗松,ROU,3,2,1,1,0,0,0,0,0,0,0,0
165,圣马洛,REN,4,3,2,1,0,0,0,0,0,0,0,0
166,圣迪济耶,CHL,3,2,1,1,0,0,0,0,0,0,0,0
167,迪南,REN,3,2,1,1,0,0,0,0,0,0,0,0
168,布雷斯特,REN,5,4,2,2,0,0,0,0,0,0,0,0
169,塞纳河畔诺让,CHL,2,1,1,0,0,0,0,0,0,0,0,0
170,莫尔塞姆,STR,3,2,1,1,0,0,0,0,0,0,0,0
173,斯特拉斯堡,STR,5,4,2,2,0,0,0,0,30,0,0,0
174,沙特尔,TRS,4,3,2,1,0,0,0,0,0,0,0,0
175,埃唐普,PRS,2,1,1,0,0,0,0,0,0,0,0,0
176,马耶讷,NAN,4,3,2,1,0,0,0,0,0,0,0,0
177,诺让勒罗特鲁,TRS,2,1,1,0,0,0,0,0,0,0,0,0
178,奥布河畔巴尔,CHL,2,1,1,0,0,0,0,0,0,0,0,0
179,富热尔,REN,4,3,2,1,0,0,0,0,0,0,0,0
180,讷沙托,MET,3,2,1,1,0,0,0,0,0,0,0,0
181,孚日圣迪耶,MET,4,3,2,1,0,0,0,0,0,0,0,0
182,枫丹白露,PRS,3,2,1,1,0,0,0,0,60,0,0,0
183,塞莱斯塔,STR,3,2,1,1,0,0,0,0,0,0,0,0
184,韦桑,REN,1,0,0,0,0,0,0,0,0,0,0,0
185,马梅尔斯,NAN,4,3,2,1,0,0,0,0,0,0,0,0
186,沙托兰,REN,4,3,2,1,0,0,0,0,0,0,0,0
187,埃皮纳勒,MET,4,3,2,1,0,0,0,0,0,0,0,0
188,雷恩,REN,5,4,2,2,0,0,0,0,0,15,80,0
189,桑斯,DIJ,3,2,1,1,0,0,0,0,0,0,0,0
190,肖蒙,CHL,3,2,1,1,0,0,0,0,0,0,0,0
191,皮蒂维耶,TRS,2,1,1,0,0,0,0,0,0,0,0,0
192,拉瓦勒,NAN,3,2,1,1,0,0,0,0,0,0,0,0
193,里博维莱,STR,2,1,1,0,0,0,0,0,0,0,0,0
194,沙托丹,TRS,3,2,1,1,0,0,0,0,0,0,0,0
195,蓬蒂维,REN,4,3,2,1,0,0,0,0,0,0,0,0
196,勒芒,NAN,4,3,2,1,0,0,0,0,0,0,0,0
197,科尔马,STR,4,3,2,1,0,0,0,0,0,0,0,0
198,瓦讷,REN,4,3,2,1,0,0,0,0,0,0,0,0
199,蒙塔日,TRS,4,3,2,1,0,0,0,0,0,0,0,0
200,坎佩尔,REN,5,4,2,2,0,0,0,0,0,0,0,0
201,奥尔良,TRS,4,3,2,1,0,0,0,0,0,0,0,0
203,旺多姆,TRS,3,2,1,1,0,0,0,0,0,0,0,0
204,欧塞尔,DIJ,4,3,2,1,0,0,0,0,0,0,0,0
205,拉弗莱什,NAN,4,3,2,1,0,0,0,0,0,0,0,0
206,朗格勒,CHL,3,2,1,1,0,0,0,0,0,0,0,0
207,勒东,REN,3,2,1,1,0,0,0,0,0,0,0,0
208,洛里昂,REN,4,3,2,1,0,0,0,0,0,0,0,0
209,蒙巴尔,DIJ,3,2,1,1,0,0,0,0,0,0,0,0
210,盖布维莱尔,STR,2,1,1,0,0,0,0,0,0,0,0,0
211,吕尔,BES,4,3,2,1,0,10,0,0,0,0,0,0
212,沃苏勒,BES,4,3,2,1,0,0,0,0,0,0,0,0
213,布卢瓦,TRS,3,2,1,1,0,0,0,0,0,0,0,0
214,坦恩,STR,3,2,1,1,0,0,0,0,0,0,0,0
215,阿瓦隆,DIJ,3,2,1,1,0,0,0,0,0,0,0,0
216,贡捷堡,NAN,3,2,1,1,0,0,0,0,0,0,0,0
217,米卢斯,STR,5,4,2,2,0,0,0,0,0,50,0,0
218,沙托布里昂,NAN,4,3,2,1,0,0,0,0,0,0,0,0
219,贝尔福,BES,3,2,1,1,0,0,0,0,0,0,0,0
220,瑟格雷,NAN,3,2,1,1,0,0,0,0,0,0,0,0
222,昂热,NAN,4,3,2,1,0,0,0,0,0,0,0,0
223,阿尔特基什,STR,2,1,1,0,0,0,0,0,0,0,0,0
224,罗莫朗坦朗特奈,TRS,3,2,1,1,0,0,0,0,0,0,0,0
225,图尔,TRS,4,3,2,1,0,0,0,0,0,0,0,0
226,第戎,DIJ,4,3,2,1,0,0,40,0,0,25,0,0
229,索米尔,NAN,4,3,2,1,0,0,0,0,0,0,0,0
230,维耶尔宗,TRS,3,2,1,1,0,0,0,0,0,0,0,0
231,昂斯尼,NAN,2,1,1,0,0,0,0,0,0,0,0,0
234,卢瓦尔河畔科讷库尔,DIJ,3,2,1,1,0,0,0,0,0,0,0,0
237,圣纳泽尔北部,NAN,4,3,2,1,0,0,0,0,0,0,0,0
239,蒙贝利亚尔,BES,4,3,2,1,0,0,0,0,0,0,0,0
240,克拉姆西,DIJ,2,1,1,0,0,0,0,0,0,0,0,0
242,布尔日,TRS,4,3,2,1,0,0,0,0,0,0,0,0
243,贝桑松,BES,4,3,2,1,0,0,0,0,0,0,0,0
245,希农,TRS,3,2,1,1,0,0,0,0,0,0,0,0
248,未命名地区 248,NAN,4,3,2,1,0,0,0,0,0,0,0,0
249,南特,NAN,6,4,2,2,0,0,0,0,0,75,0,0
250,未命名地区 250,REN,1,0,0,0,0,0,0,0,0,0,0,0
251,希农堡,DIJ,3,2,1,1,0,0,0,0,0,0,0,0
252,博讷,DIJ,3,2,1,1,0,0,0,0,0,0,0,0
254,多勒,BES,3,2,1,1,0,0,0,0,0,0,0,0
256,蓬塔利耶,BES,3,2,1,1,0,0,0,0,0,0,0,0
258,伊苏丹,TRS,2,1,1,0,0,0,0,0,0,0,0,0
259,洛什,TRS,3,2,1,1,0,0,0,0,0,0,0,0
260,沙托鲁,TRS,4,3,2,1,0,0,0,0,0,0,0,0
262,讷韦尔,DIJ,4,3,2,1,0,10,0,0,0,0,0,0
263,沙泰勒罗,POI,3,2,1,1,0,0,0,0,0,0,0,0
266,欧坦,DIJ,4,3,2,1,0,75,70,0,0,0,0,0
267,布雷叙尔,POI,3,2,1,1,0,0,0,0,0,0,50,0
268,拉罗什,NAN,4,3,2,1,0,0,0,0,0,0,0,0
269,圣阿芒蒙龙,TRS,3,2,1,1,0,0,0,0,0,0,0,0
271,未命名地区 271,NAN,1,0,0,0,0,0,0,0,0,0,0,0
272,莱萨布勒多洛讷,NAN,4,3,2,1,0,0,0,0,0,0,0,0
273,隆斯勒索涅,BES,3,2,1,1,0,0,0,0,0,0,0,0
276,卢昂,DIJ,3,2,1,1,0,0,0,0,0,0,0,0
279,索恩河畔沙隆,DIJ,4,3,2,1,0,0,0,0,0,0,0,0
281,未命名地区 281,NAN,1,0,0,0,0,0,0,0,0,0,0,0
282,勒布朗,TRS,2,1,1,0,0,0,0,0,0,0,0,0
284,帕尔特奈,POI,3,2,1,1,0,0,0,0,0,0,0,0
286,丰特奈勒孔特,NAN,4,3,2,1,0,0,0,0,0,0,0,0
288,普瓦捷,POI,3,2,1,1,0,0,0,0,0,0,0,0
289,穆兰,CFR,3,2,1,1,0,10,0,0,0,0,0,0
290,拉沙特尔,TRS,2,1,1,0,0,0,0,0,0,0,0,0
291,沙罗勒,DIJ,4,3,2,1,0,0,0,0,0,0,0,0
292,蒙吕松,CFR,4,3,2,1,0,0,0,0,0,0,180,0
293,未命名地区 293,NAN,1,0,0,0,0,0,0,0,0,0,0,0
294,蒙莫里永,POI,3,2,1,1,0,0,0,0,0,0,0,0
296,圣克洛德,BES,2,1,1,0,0,0,0,0,0,0,0,0
297,马孔,DIJ,3,2,1,1,0,0,0,0,0,0,0,0
299,尼奥尔,POI,4,3,2,1,0,0,0,0,0,0,0,0
301,布雷斯地区布尔格,LYO,4,3,2,1,0,0,0,0,0,0,0,0
303,维希,CFR,4,3,2,1,0,0,0,0,0,0,0,0
304,盖雷,LMG,4,3,2,1,0,0,0,0,0,0,0,0
307,热克斯,LYO,1,0,0,0,0,0,0,0,0,0,0,0
308,托农莱班,LYO,3,2,1,1,0,0,0,0,0,0,0,0
309,贝拉克,LMG,3,2,1,1,0,0,0,0,0,0,0,0
310,拉罗谢尔,POI,3,2,1,1,0,0,0,0,0,0,0,0
312,欧比松,LMG,3,2,1,1,0,0,0,0,0,0,0,0
313,南蒂阿,LYO,2,1,1,0,0,0,0,0,0,0,0,0
314,索恩河畔自由城,LYO,4,3,2,1,0,0,0,0,0,0,0,0
315,罗阿讷,LYO,4,3,2,1,0,0,0,0,0,0,0,0
316,日内瓦地区圣于连,LYO,3,2,1,1,0,0,0,0,0,0,0,0
317,圣克莱芒德巴莱讷,POI,1,0,0,0,0,0,0,0,0,0,0,0
318,里永,CFR,4,3,2,1,0,30,0,0,0,0,0,0
319,博讷维尔,LYO,3,2,1,1,0,0,0,0,0,0,0,0
321,雷岛,POI,1,0,0,0,0,0,0,0,0,0,0,0
322,罗什福尔,POI,3,2,1,1,0,0,0,0,0,0,0,0
324,圣让当热利,POI,3,2,1,1,0,0,0,0,0,0,0,0
325,孔福朗,POI,3,2,1,1,0,0,0,0,0,0,0,0
326,利摩日,LMG,5,4,2,2,0,0,0,0,0,0,160,0
329,阿讷西,LYO,3,2,1,1,0,0,0,0,0,0,0,0
330,贝莱,LYO,3,2,1,1,0,0,0,0,0,0,0,0
331,奥莱龙岛,POI,1,0,0,0,0,0,0,0,0,0,0,0
332,蒂耶尔,CFR,3,2,1,1,0,0,0,0,0,0,40,0
333,罗什舒阿尔,LMG,2,1,1,0,0,0,0,0,0,0,0,0
336,里昂,LYO,8,6,4,2,0,0,40,0,0,100,0,0
337,尚贝里,LYO,4,3,2,1,0,0,0,80,0,0,30,60
338,桑特,POI,3,2,1,1,0,0,0,0,0,0,0,0
339,阿尔贝维尔,LYO,3,2,1,1,0,0,0,65,0,0,0,50
340,干邑,POI,3,2,1,1,0,0,0,0,0,0,0,0
341,拉图尔迪潘,LYO,4,3,2,1,0,0,0,0,0,0,0,0
342,蒙布里松,LYO,4,3,2,1,0,0,0,0,0,0,0,0
343,昂古莱姆,POI,4,3,2,1,0,0,0,0,0,0,0,0
345,克莱蒙费朗,CFR,4,3,2,1,0,0,0,0,0,170,0,0
348,拉特朗布拉德,POI,2,1,1,0,0,0,0,0,0,0,0,0
349,于塞勒,LMG,3,2,1,1,0,0,0,0,0,0,0,0
351,昂贝尔,CFR,3,2,1,1,0,0,0,0,0,0,0,0
353,农特龙,BRD,3,2,1,1,0,0,0,0,0,0,0,0
354,蒂勒,LMG,4,3,2,1,0,0,0,0,0,0,0,0
355,维埃纳,LYO,4,3,2,1,0,0,0,0,0,0,0,0
356,伊苏瓦尔,CFR,3,2,1,1,0,15,0,45,0,0,0,0
358,容扎克,POI,3,2,1,1,0,0,0,0,0,0,0,0
360,圣艾蒂安,LYO,6,4,2,2,0,115,70,0,0,0,0,0
361,圣让德莫里耶讷,LYO,2,1,1,0,0,0,0,0,0,0,0,0
362,莱斯帕尔梅多克,BRD,3,2,1,1,0,0,0,0,0,0,0,0
363,布里夫拉盖亚尔德,LMG,3,2,1,1,0,0,0,0,0,0,0,0
365,格勒诺布尔,LYO,5,4,2,2,0,15,0,110,0,0,40,0
366,莫里亚克,CFR,2,1,1,0,0,10,0,0,0,0,0,0
368,佩里格,BRD,4,3,2,1,0,0,0,0,0,0,0,0
369,布里尤德,CFR,3,2,1,1,0,5,0,0,0,0,0,0
372,圣弗卢尔,CFR,3,2,1,1,0,0,0,0,0,0,0,0
373,勒皮昂沃莱,CFR,4,3,2,1,0,0,0,0,0,0,0,0
374,伊桑若,CFR,3,2,1,1,0,0,0,0,0,0,0,0
375,罗讷河畔图尔农,LYO,4,3,2,1,0,0,0,0,0,0,0,0
376,布莱,BRD,3,2,1,1,0,0,0,0,0,0,0,0
377,瓦朗斯,LYO,4,3,2,1,0,0,0,0,0,0,0,0
378,萨尔拉拉卡内达,BRD,3,2,1,1,0,0,0,0,0,0,0,0
380,利布尔讷,BRD,4,3,2,1,0,0,0,0,0,0,0,0
383,布里扬松,MRS,2,1,1,0,0,0,0,0,0,0,0,0
384,欧里亚克,CFR,3,2,1,1,0,0,0,0,0,0,0,0
385,迪,LYO,3,2,1,1,0,0,0,0,0,0,0,0
386,贝尔热拉克,BRD,3,2,1,1,0,0,0,0,0,0,0,0
387,古尔东,TOU,3,2,1,1,0,0,0,0,0,0,0,0
389,波尔多,BRD,6,4,2,2,0,0,0,0,80,50,0,0
391,菲雅克,TOU,3,2,1,1,0,0,0,0,0,0,0,0
392,芒德,MOP,3,2,1,1,0,0,0,0,0,0,0,0
393,罗德兹,TOU,4,3,2,1,0,0,0,0,0,0,0,0
396,普里瓦,LYO,3,2,1,1,0,0,0,0,0,0,0,0
397,拉让蒂耶尔,LYO,3,2,1,1,0,0,0,0,0,0,0,0
398,加普,MRS,3,2,1,1,0,0,0,0,0,0,0,100
400,阿卡雄,BRD,3,2,1,1,0,0,0,0,0,0,0,0
401,朗贡,BRD,4,3,2,1,0,0,0,0,0,0,0,0
402,马尔芒德,BRD,3,2,1,1,0,0,0,0,0,0,0,0
403,维勒讷沃,BRD,3,2,1,1,0,0,0,0,0,0,0,0
404,卡奥尔,TOU,3,2,1,1,0,0,0,0,0,0,0,0
406,尼永,LYO,3,2,1,1,0,0,0,0,0,0,0,0
407,鲁埃格自由城,TOU,4,3,2,1,0,35,0,0,0,0,0,0
408,巴尔瑟洛内特,MRS,1,0,0,0,0,0,0,0,0,0,0,0
410,蒙德马桑,BRD,4,3,2,1,0,0,0,0,0,0,0,0
412,米约,TOU,3,2,1,1,0,0,0,0,0,0,0,0
413,福卡尔基耶,MRS,2,1,1,0,0,0,0,0,0,0,0,0
414,阿莱斯,MOP,4,3,2,1,0,50,0,0,0,0,0,0
415,弗洛拉克,MOP,1,0,0,0,0,0,0,0,0,0,0,0
418,迪涅莱班,MRS,1,0,0,0,0,0,0,0,0,0,0,40
419,卡斯泰尔萨拉桑,TOU,3,2,1,1,0,0,0,0,0,0,0,0
420,阿让,BRD,3,2,1,1,0,0,0,0,50,0,0,0
421,内拉克,BRD,2,1,1,0,0,0,0,0,40,0,0,0
422,尼斯,MRS,6,4,2,2,0,0,0,0,0,0,0,0
423,尼姆,MOP,5,4,2,2,0,0,0,0,0,0,0,0
424,蒙托邦,TOU,4,3,2,1,0,0,0,0,0,0,0,0
425,阿维尼翁,MRS,3,2,1,1,0,0,0,0,0,0,0,0
426,卡斯泰拉讷,MRS,1,0,0,0,0,0,0,35,0,0,0,0
427,卡庞特拉,MRS,4,3,2,1,0,0,0,0,0,0,0,0
430,阿尔比,TOU,4,3,2,1,0,35,0,0,0,0,120,0
431,勒维冈,MOP,2,1,1,0,0,0,0,35,0,0,0,0
434,达克斯,BRD,4,3,2,1,0,0,0,0,150,0,0,0
435,孔东,TOU,3,2,1,1,0,0,0,0,0,0,0,0
436,阿普特,MRS,3,2,1,1,0,0,0,0,0,0,0,0
437,洛代夫,MOP,3,2,1,1,0,0,0,110,0,0,0,0
438,阿尔勒,MRS,3,2,1,1,0,0,0,0,40,0,0,0
439,图卢兹,TOU,5,4,2,2,0,0,0,0,0,45,0,0
440,格拉斯,MRS,4,3,2,1,0,0,0,0,0,0,30,0
441,蒙彼利埃,MOP,5,4,2,2,0,0,0,0,0,15,0,0
442,卡斯特尔,TOU,4,3,2,1,0,0,0,0,0,0,0,0
444,德拉吉尼昂,MRS,3,2,1,1,0,0,0,130,0,0,40,0
445,欧什,TOU,3,2,1,1,0,0,0,0,0,0,0,0
446,布里尼奥勒,MRS,3,2,1,1,0,0,0,220,0,0,0,0
447,米朗德,TOU,3,2,1,1,0,0,0,0,0,0,0,0
448,普罗旺斯地区艾克斯,MRS,4,3,2,1,0,30,0,75,0,0,0,0
449,贝济耶,MOP,5,4,2,2,0,5,0,55,0,0,0,0
452,伊斯特尔,MRS,3,2,1,1,0,0,0,0,40,0,0,0
453,塔布,TOU,4,3,2,1,0,0,0,35,0,0,0,0
454,波城,BRD,4,3,2,1,0,0,0,0,180,0,0,0
455,米雷,TOU,3,2,1,1,0,0,0,0,0,0,0,0
456,巴约讷,BRD,4,3,2,1,0,0,0,0,0,0,0,0
461,奥洛龙圣玛丽,BRD,3,2,1,1,0,0,0,0,0,0,0,0
462,卡尔卡松,MOP,4,3,2,1,0,0,0,0,0,0,0,0
463,马赛,MRS,8,6,4,2,0,0,0,0,0,85,0,0
464,圣戈当,TOU,3,2,1,1,0,0,0,0,0,0,0,0
468,纳博讷,MOP,4,3,2,1,0,0,0,0,0,0,0,0
469,土伦,MRS,5,4,2,2,0,0,0,0,0,0,0,0
471,帕米耶,TOU,3,2,1,1,0,0,0,45,0,0,60,0
475,巴涅尔德比戈尔,TOU,3,2,1,1,0,0,0,0,0,0,0,60
476,利穆,MOP,3,2,1,1,0,0,0,0,0,0,0,0
478,阿热莱斯加佐斯特,TOU,2,1,1,0,0,0,0,0,0,0,0,50
479,圣吉龙,TOU,3,2,1,1,0,0,0,20,0,0,120,80
481,富瓦,TOU,2,1,1,0,0,0,0,20,0,0,0,0
483,未命名地区 483,MRS,1,0,0,0,0,0,0,0,0,0,0,0
484,未命名地区 484,MRS,1,0,0,0,0,0,0,0,0,0,0,0
485,巴斯蒂亚,AJC,2,1,1,0,0,0,0,0,0,0,0,220
487,佩皮尼昂,MOP,4,3,2,1,0,0,0,20,0,0,0,0
490,普拉德,MOP,2,1,1,0,0,0,0,0,0,0,0,60
491,卡尔维,AJC,1,0,0,0,0,0,0,0,0,0,0,80
497,塞雷,MOP,3,2,1,1,0,0,0,0,0,0,0,0
499,科尔泰,AJC,3,2,1,1,0,0,0,0,0,0,0,160
504,阿雅克肖,AJC,3,2,1,1,0,0,0,0,0,0,0,0
509,萨尔泰讷,AJC,2,1,1,0,0,0,0,0,0,0,0,40
525,加莱海峡,POI,2,1,1,0,0,0,0,0,0,0,0,0
526,塞纳湾东部,TRS,1,0,0,0,0,0,0,0,0,0,0,0
527,塞纳湾西部,POI,2,1,1,0,0,0,0,0,0,0,0,0
